{"fitness": -999994.5809112338, "similarity": -1000000, "_step": 21, "_runtime": 4157, "_timestamp": 1610957110, "Table of best SMILES": {"_type": "table-file", "path": "media/table/Table of best SMILES_20_bf6990f3.table.json", "sha256": "bf6990f3b334b4d57f2c7a5feaf6eae81eb77d44a03b0fca7e09900380f6a3d7", "size": 7727, "ncols": 5, "nrows": 20}, "improvement": 8.123060884536244, "original_score": -1000002.7039721183, "new_score": -999994.5809112338, "improved": true}