{"fitness": 0.33409861739252134, "similarity": 0, "_step": 21, "_runtime": 806, "_timestamp": 1610244252, "Table of best SMILES": {"_type": "table-file", "path": "media/table/Table of best SMILES_20_3f87d038.table.json", "sha256": "3f87d038a367cf3fa3d05a1f80e86c30312e0878a15a61079f47710d04a7ca99", "size": 7105, "ncols": 5, "nrows": 20}, "improvement": 2.6872517770939153, "original_score": -2.353153159701394, "new_score": 0.33409861739252134, "improved": true}