{"fitness": 0.6939390792339198, "similarity": 0, "_step": 21, "_runtime": 4371, "_timestamp": 1610952948, "Table of best SMILES": {"_type": "table-file", "path": "media/table/Table of best SMILES_20_4a6971d5.table.json", "sha256": "4a6971d5e30be644484a096c0298d9b1307bd9db58b21debef379096f8cb92c9", "size": 5330, "ncols": 5, "nrows": 20}, "improvement": 3.2978586786694315, "original_score": -2.6039195994355118, "new_score": 0.6939390792339198, "improved": true}