{"fitness": 4.556052103594065, "similarity": 0, "_step": 21, "_runtime": 929, "_timestamp": 1610923300, "Table of best SMILES": {"_type": "table-file", "path": "media/table/Table of best SMILES_20_12fe8033.table.json", "sha256": "12fe80336bc5c032b12bf5a0adf01b61804786a909bf477d02466e69072de078", "size": 7719, "ncols": 5, "nrows": 20}, "improvement": 6.120467152471732, "original_score": -1.564415048877667, "new_score": 4.556052103594065, "improved": true}