{"fitness": -2.261875514353035, "similarity": 0, "_step": 21, "_runtime": 752, "_timestamp": 1610319584, "Table of best SMILES": {"_type": "table-file", "path": "media/table/Table of best SMILES_20_87940b28.table.json", "sha256": "87940b287f27c3d7e3ebbd866489996b6b1939a66a44142bede6d075c6767282", "size": 5158, "ncols": 5, "nrows": 20}, "improvement": 0.0, "original_score": -2.261875514353035, "new_score": -2.261875514353035, "improved": false}