{"fitness": -2.3683492000620756, "similarity": 0, "_step": 21, "_runtime": 969, "_timestamp": 1610887908, "Table of best SMILES": {"_type": "table-file", "path": "media/table/Table of best SMILES_20_f79fe7a0.table.json", "sha256": "f79fe7a0802a866b73f697bcfd7952b17d49e78bdc2cc52fe6295d2d480b019c", "size": 8238, "ncols": 5, "nrows": 20}, "improvement": 4.667312651804668, "original_score": -7.0356618518667435, "new_score": -2.3683492000620756, "improved": true}