{"fitness": -3.604191261671585, "similarity": 0, "_step": 21, "_runtime": 742, "_timestamp": 1611058607, "Table of best SMILES": {"_type": "table-file", "path": "media/table/Table of best SMILES_20_29d0905a.table.json", "sha256": "29d0905a84982e1a88b5334cbb5103035f9507ba8b25eeca8977a823c813720b", "size": 4450, "ncols": 5, "nrows": 20}, "improvement": 3.481058676361731, "original_score": -7.085249938033316, "new_score": -3.604191261671585, "improved": true}