{"fitness": -0.6065338903282984, "similarity": 0, "_step": 21, "_runtime": 1213, "_timestamp": 1610130238, "Table of best SMILES": {"_type": "table-file", "path": "media/table/Table of best SMILES_20_79aa57df.table.json", "sha256": "79aa57dfdb5d3afacd4da828c4a01370b6bad0060ed91714261072aa7bb3c002", "size": 6459, "ncols": 5, "nrows": 20}, "improvement": 3.322691228439849, "original_score": -3.9292251187681475, "new_score": -0.6065338903282984, "improved": true}