{"fitness": 2.77478936946871, "similarity": 0, "_step": 21, "_runtime": 953, "_timestamp": 1610925189, "Table of best SMILES": {"_type": "table-file", "path": "media/table/Table of best SMILES_20_1f32e6c0.table.json", "sha256": "1f32e6c0fb588bb8568b6d61bff2c703ef28276d5892783f80ccd87a616204b2", "size": 7259, "ncols": 5, "nrows": 20}, "improvement": 4.814018699697806, "original_score": -2.0392293302290967, "new_score": 2.77478936946871, "improved": true}