{"fitness": 0.4623084517193521, "similarity": 0, "_step": 21, "_runtime": 1217, "_timestamp": 1610158108, "Table of best SMILES": {"_type": "table-file", "path": "media/table/Table of best SMILES_20_2f539d3b.table.json", "sha256": "2f539d3b36ca01f5aa868817fa623868a879b7c1346d1668f29adf0fd40086a4", "size": 4316, "ncols": 5, "nrows": 20}, "improvement": 2.110998011123598, "original_score": -1.6486895594042459, "new_score": 0.4623084517193521, "improved": true}