{"fitness": -0.5904201271375151, "similarity": 0, "_step": 21, "_runtime": 991, "_timestamp": 1611111493, "Table of best SMILES": {"_type": "table-file", "path": "media/table/Table of best SMILES_20_fac6b316.table.json", "sha256": "fac6b31683821937c0a191377f589528bb1a3cfb818469b9016cfa9d3b4c3334", "size": 6158, "ncols": 5, "nrows": 20}, "improvement": 3.2442777387055686, "original_score": -3.2370579447534884, "new_score": 0.007219793952080195, "improved": true}