{"fitness": 23.778757065304116, "fitness_no_discr": 35.147222814061884, "discriminator": 0.0001654106454225257, "_step": 1000, "_runtime": 51379, "_timestamp": 1611198042, "graph_0": {"_type": "graph-file", "path": "media/graph/graph_0_summary_caa45a61.graph.json", "sha256": "caa45a61f3731fc8544097fcea3bddfd6755ff85115130361e58bbdb6e962d26", "size": 723}, "gradients/predict.bias": {"_type": "histogram", "values": [0.0, 0.0, 0.0, 0.0, 0.0, 0.0, 0.0, 0.0, 0.0, 0.0, 0.0, 0.0, 0.0, 0.0, 0.0, 0.0, 0.0, 0.0, 0.0, 0.0, 0.0, 0.0, 0.0, 0.0, 0.0, 0.0, 0.0, 0.0, 0.0, 0.0, 0.0, 0.0, 1.0, 0.0, 0.0, 0.0, 0.0, 0.0, 0.0, 0.0, 0.0, 0.0, 0.0, 0.0, 0.0, 0.0, 0.0, 0.0, 0.0, 0.0, 0.0, 0.0, 0.0, 0.0, 0.0, 0.0, 0.0, 0.0, 0.0, 0.0, 0.0, 0.0, 0.0, 0.0], "bins": [-9.699484508018941e-05, -9.699484508018941e-05, -9.699484508018941e-05, -9.699484508018941e-05, -9.699484508018941e-05, -9.699484508018941e-05, -9.699484508018941e-05, -9.699484508018941e-05, -9.699484508018941e-05, -9.699484508018941e-05, -9.699484508018941e-05, -9.699484508018941e-05, -9.699484508018941e-05, -9.699484508018941e-05, -9.699484508018941e-05, -9.699484508018941e-05, -9.699484508018941e-05, -9.699484508018941e-05, -9.699484508018941e-05, -9.699484508018941e-05, -9.699484508018941e-05, -9.699484508018941e-05, -9.699484508018941e-05, -9.699484508018941e-05, -9.699484508018941e-05, -9.699484508018941e-05, -9.699484508018941e-05, -9.699484508018941e-05, -9.699484508018941e-05, -9.699484508018941e-05, -9.699484508018941e-05, -9.699484508018941e-05, -9.699484508018941e-05, -9.699484508018941e-05, -9.699484508018941e-05, -9.699484508018941e-05, -9.699484508018941e-05, -9.699484508018941e-05, -9.699484508018941e-05, -9.699484508018941e-05, -9.699484508018941e-05, -9.699484508018941e-05, -9.699484508018941e-05, -9.699484508018941e-05, -9.699484508018941e-05, -9.699484508018941e-05, -9.699484508018941e-05, -9.699484508018941e-05, -9.699484508018941e-05, -9.699484508018941e-05, -9.699484508018941e-05, -9.699484508018941e-05, -9.699484508018941e-05, -9.699484508018941e-05, -9.699484508018941e-05, -9.699484508018941e-05, -9.699484508018941e-05, -9.699484508018941e-05, -9.699484508018941e-05, -9.699484508018941e-05, -9.699484508018941e-05, -9.699484508018941e-05, -9.699484508018941e-05, -9.699484508018941e-05, -9.699484508018941e-05]}, "gradients/predict.weight": {"_type": "histogram", "values": [3.0, 0.0, 0.0, 0.0, 0.0, 0.0, 0.0, 0.0, 0.0, 0.0, 0.0, 0.0, 0.0, 0.0, 0.0, 0.0, 0.0, 0.0, 0.0, 0.0, 0.0, 0.0, 0.0, 0.0, 0.0, 0.0, 0.0, 0.0, 0.0, 0.0, 0.0, 0.0, 0.0, 0.0, 0.0, 0.0, 0.0, 0.0, 0.0, 0.0, 0.0, 0.0, 0.0, 0.0, 0.0, 0.0, 0.0, 0.0, 0.0, 0.0, 0.0, 0.0, 0.0, 0.0, 0.0, 0.0, 0.0, 0.0, 0.0, 0.0, 0.0, 0.0, 1.0, 6.0], "bins": [-0.00024229877453763038, -0.00023638762650080025, -0.00023047647846397012, -0.00022456533042714, -0.0002186541969422251, -0.00021274304890539497, -0.00020683190086856484, -0.00020092075283173472, -0.0001950096047949046, -0.0001890984713099897, -0.00018318732327315956, -0.00017727617523632944, -0.0001713650271994993, -0.00016545387916266918, -0.00015954274567775428, -0.00015363159764092416, -0.00014772044960409403, -0.0001418093015672639, -0.00013589815353043377, -0.00012998702004551888, -0.00012407587200868875, -0.00011816472397185862, -0.0001122535759350285, -0.00010634242789819837, -0.00010043127986136824, -9.452014637645334e-05, -8.860899833962321e-05, -8.269785030279309e-05, -7.678670226596296e-05, -7.087555422913283e-05, -6.496442074421793e-05, -5.9053272707387805e-05, -5.314212467055768e-05, -4.723097663372755e-05, -4.131982859689742e-05, -3.5408695111982524e-05, -2.9497547075152397e-05, -2.358639903832227e-05, -1.7675251001492143e-05, -1.1764102964662015e-05, -5.8529694797471166e-06, 5.8178557083010674e-08, 5.969326593913138e-06, 1.1880460078828037e-05, 1.7791622667573392e-05, 2.370275615248829e-05, 2.9613918741233647e-05, 3.5525052226148546e-05, 4.14362148148939e-05, 4.73473482998088e-05, 5.32584817847237e-05, 5.9169644373469055e-05, 6.508077785838395e-05, 7.099194044712931e-05, 7.690307393204421e-05, 8.281420741695911e-05, 8.872537000570446e-05, 9.463650349061936e-05, 0.00010054766607936472, 0.00010645879956427962, 0.00011236993304919451, 0.00011828109563793987, 0.00012419222912285477, 0.00013010339171160012, 0.00013601452519651502]}, "gradients/hidden.1.bias": {"_type": "histogram", "values": [2.0, 1.0, 3.0, 0.0, 1.0, 0.0, 0.0, 0.0, 0.0, 0.0, 0.0, 0.0, 0.0, 0.0, 0.0, 0.0, 0.0, 0.0, 0.0, 0.0, 0.0, 0.0, 0.0, 0.0, 0.0, 0.0, 0.0, 0.0, 0.0, 0.0, 0.0, 0.0, 0.0, 0.0, 0.0, 0.0, 0.0, 0.0, 0.0, 0.0, 0.0, 0.0, 0.0, 0.0, 0.0, 0.0, 0.0, 0.0, 0.0, 0.0, 0.0, 0.0, 0.0, 0.0, 0.0, 0.0, 0.0, 0.0, 0.0, 0.0, 0.0, 0.0, 2.0, 1.0], "bins": [-9.081872121896595e-06, -8.73759654496098e-06, -8.393321877520066e-06, -8.04904630058445e-06, -7.704770723648835e-06, -7.3604956014605705e-06, -7.016220479272306e-06, -6.6719449023366906e-06, -6.327669780148426e-06, -5.9833946579601616e-06, -5.639119081024546e-06, -5.294843958836282e-06, -4.950568836648017e-06, -4.606293259712402e-06, -4.262018137524137e-06, -3.917742560588522e-06, -3.5734674384002574e-06, -3.229192316211993e-06, -2.8849167392763775e-06, -2.540641617088113e-06, -2.1963660401524976e-06, -1.852090917964233e-06, -1.5078157957759686e-06, -1.1635402188403532e-06, -8.192655513994396e-07, -4.749899744638242e-07, -1.307143975282088e-07, 2.135611794074066e-07, 5.578358468483202e-07, 9.021114237839356e-07, 1.246387000719551e-06, 1.5906616681604646e-06, 1.93493724509608e-06, 2.2792128220316954e-06, 2.623487489472609e-06, 2.9677630664082244e-06, 3.31203864334384e-06, 3.6563133107847534e-06, 4.000588887720369e-06, 4.344864464655984e-06, 4.6891400415916e-06, 5.033414709032513e-06, 5.377690285968129e-06, 5.721965862903744e-06, 6.066240530344658e-06, 6.410515197785571e-06, 6.754791684215888e-06, 7.099066351656802e-06, 7.443341019097716e-06, 7.787617505528033e-06, 8.131892172968946e-06, 8.476168659399264e-06, 8.820443326840177e-06, 9.16471799428109e-06, 9.508994480711408e-06, 9.853269148152322e-06, 1.0197543815593235e-05, 1.0541820302023552e-05, 1.0886094969464466e-05, 1.123036963690538e-05, 1.1574646123335697e-05, 1.191892079077661e-05, 1.2263195458217524e-05, 1.2607471944647841e-05, 1.2951746612088755e-05]}, "gradients/hidden.1.weight": {"_type": "histogram", "values": [20.0, 25.0, 21.0, 12.0, 5.0, 0.0, 1.0, 78.0, 133.0, 27.0, 0.0, 0.0, 0.0, 0.0, 0.0, 0.0, 0.0, 0.0, 0.0, 0.0, 0.0, 5.0, 1.0, 0.0, 0.0, 1.0, 14.0, 28.0, 17.0, 58.0, 110.0, 141.0, 124.0, 27.0, 0.0, 0.0, 12.0, 2.0, 0.0, 0.0, 0.0, 0.0, 0.0, 0.0, 0.0, 0.0, 0.0, 0.0, 0.0, 0.0, 0.0, 0.0, 51.0, 50.0, 1.0, 0.0, 0.0, 0.0, 0.0, 3.0, 0.0, 3.0, 19.0, 11.0],