{"fitness": 15.50456496263942, "fitness_no_discr": 22.096758298341822, "discriminator": 0.006549892947077751, "_step": 187, "_runtime": 9453, "_timestamp": 1611156116, "graph_0": {"_type": "graph-file", "path": "media/graph/graph_0_summary_caa45a61.graph.json", "sha256": "caa45a61f3731fc8544097fcea3bddfd6755ff85115130361e58bbdb6e962d26", "size": 723}, "gradients/predict.bias": {"_type": "histogram", "values": [0.0, 0.0, 0.0, 0.0, 0.0, 0.0, 0.0, 0.0, 0.0, 0.0, 0.0, 0.0, 0.0, 0.0, 0.0, 0.0, 0.0, 0.0, 0.0, 0.0, 0.0, 0.0, 0.0, 0.0, 0.0, 0.0, 0.0, 0.0, 0.0, 0.0, 0.0, 0.0, 1.0, 0.0, 0.0, 0.0, 0.0, 0.0, 0.0, 0.0, 0.0, 0.0, 0.0, 0.0, 0.0, 0.0, 0.0, 0.0, 0.0, 0.0, 0.0, 0.0, 0.0, 0.0, 0.0, 0.0, 0.0, 0.0, 0.0, 0.0, 0.0, 0.0, 0.0, 0.0], "bins": [-0.013903487473726273, -0.013903487473726273, -0.013903487473726273, -0.013903487473726273, -0.013903487473726273, -0.013903487473726273, -0.013903487473726273, -0.013903487473726273, -0.013903487473726273, -0.013903487473726273, -0.013903487473726273, -0.013903487473726273, -0.013903487473726273, -0.013903487473726273, -0.013903487473726273, -0.013903487473726273, -0.013903487473726273, -0.013903487473726273, -0.013903487473726273, -0.013903487473726273, -0.013903487473726273, -0.013903487473726273, -0.013903487473726273, -0.013903487473726273, -0.013903487473726273, -0.013903487473726273, -0.013903487473726273, -0.013903487473726273, -0.013903487473726273, -0.013903487473726273, -0.013903487473726273, -0.013903487473726273, -0.013903487473726273, -0.013903487473726273, -0.013903487473726273, -0.013903487473726273, -0.013903487473726273, -0.013903487473726273, -0.013903487473726273, -0.013903487473726273, -0.013903487473726273, -0.013903487473726273, -0.013903487473726273, -0.013903487473726273, -0.013903487473726273, -0.013903487473726273, -0.013903487473726273, -0.013903487473726273, -0.013903487473726273, -0.013903487473726273, -0.013903487473726273, -0.013903487473726273, -0.013903487473726273, -0.013903487473726273, -0.013903487473726273, -0.013903487473726273, -0.013903487473726273, -0.013903487473726273, -0.013903487473726273, -0.013903487473726273, -0.013903487473726273, -0.013903487473726273, -0.013903487473726273, -0.013903487473726273, -0.013903487473726273]}, "gradients/predict.weight": {"_type": "histogram", "values": [3.0, 0.0, 0.0, 0.0, 0.0, 0.0, 0.0, 0.0, 0.0, 0.0, 0.0, 0.0, 0.0, 0.0, 0.0, 0.0, 0.0, 0.0, 0.0, 0.0, 0.0, 0.0, 0.0, 0.0, 0.0, 0.0, 0.0, 0.0, 0.0, 0.0, 0.0, 0.0, 0.0, 0.0, 0.0, 0.0, 0.0, 0.0, 0.0, 0.0, 0.0, 0.0, 0.0, 0.0, 0.0, 0.0, 0.0, 0.0, 0.0, 0.0, 0.0, 0.0, 0.0, 0.0, 0.0, 0.0, 0.0, 0.0, 0.0, 0.0, 0.0, 0.0, 0.0, 7.0], "bins": [-0.0228442270308733, -0.022348450496792793, -0.021852673962712288, -0.021356897428631783, -0.020861120894551277, -0.020365344360470772, -0.019869567826390266, -0.019373789429664612, -0.018878012895584106, -0.0183822363615036, -0.017886459827423096, -0.01739068329334259, -0.016894906759262085, -0.01639913022518158, -0.015903353691101074, -0.015407577157020569, -0.014911800622940063, -0.014416024088859558, -0.013920247554779053, -0.013424471020698547, -0.012928694486618042, -0.012432917021214962, -0.011937140487134457, -0.011441363953053951, -0.010945587418973446, -0.01044981088489294, -0.009954034350812435, -0.00945825781673193, -0.00896248035132885, -0.008466703817248344, -0.007970927283167839, -0.007475150749087334, -0.006979374215006828, -0.006483597680926323, -0.0059878211468458176, -0.005492044612765312, -0.004996268078684807, -0.0045004915446043015, -0.004004715010523796, -0.0035089384764432907, -0.0030131619423627853, -0.0025173835456371307, -0.0020216070115566254, -0.00152583047747612, -0.0010300539433956146, -0.0005342774093151093, -3.850087523460388e-05, 0.0004572756588459015, 0.0009530521929264069, 0.0014488287270069122, 0.0019446052610874176, 0.002440381795167923, 0.0029361583292484283, 0.0034319348633289337, 0.003927711397409439, 0.0044234879314899445, 0.004919266328215599, 0.005415042862296104, 0.00591081939637661, 0.006406595930457115, 0.0069023724645376205, 0.007398148998618126, 0.007893925532698631, 0.008389702066779137, 0.008885478600859642]}, "gradients/hidden.1.bias": {"_type": "histogram", "values": [1.0, 2.0, 0.0, 0.0, 0.0, 0.0, 0.0, 0.0, 0.0, 0.0, 0.0, 0.0, 0.0, 0.0, 0.0, 0.0, 0.0, 0.0, 0.0, 0.0, 0.0, 0.0, 0.0, 0.0, 0.0, 0.0, 0.0, 0.0, 0.0, 0.0, 0.0, 0.0, 0.0, 0.0, 0.0, 0.0, 0.0, 0.0, 0.0, 0.0, 0.0, 0.0, 0.0, 0.0, 0.0, 0.0, 0.0, 0.0, 0.0, 0.0, 0.0, 0.0, 0.0, 0.0, 0.0, 0.0, 1.0, 0.0, 2.0, 2.0, 0.0, 1.0, 0.0, 1.0], "bins": [-0.00013632072659675032, -0.00013201855472289026, -0.00012771636829711497, -0.0001234141964232549, -0.00011911202454939485, -0.00011480984539957717, -0.0001105076662497595, -0.00010620549437589943, -0.00010190331522608176, -9.760113607626408e-05, -9.329896420240402e-05, -8.899678505258635e-05, -8.469460590276867e-05, -8.039243402890861e-05, -7.609025487909093e-05, -7.178808300523087e-05, -6.74859038554132e-05, -6.318372470559552e-05, -5.888155283173546e-05, -5.4579373681917787e-05, -5.0277201808057725e-05, -4.597502265824005e-05, -4.1672843508422375e-05, -3.7370671634562314e-05, -3.306849248474464e-05, -2.8766313334926963e-05, -2.44641414610669e-05, -2.0161962311249226e-05, -1.585978316143155e-05, -1.155761128757149e-05, -7.255439413711429e-06, -2.953252987936139e-06, 1.348918885923922e-06, 5.651090759783983e-06, 9.953277185559273e-06, 1.4255449059419334e-05, 1.8557620933279395e-05, 2.2859807359054685e-05, 2.7161979232914746e-05, 3.146415110677481e-05, 3.576632298063487e-05, 4.006850940641016e-05, 4.437068128027022e-05, 4.867285315413028e-05, 5.297503957990557e-05, 5.727721145376563e-05, 6.157938332762569e-05, 6.588156975340098e-05, 7.018374162726104e-05, 7.44859135011211e-05, 7.87880999268964e-05, 8.309027180075645e-05, 8.739244367461652e-05, 9.16946301003918e-05, 9.599680197425187e-05, 0.00010029897384811193, 0.00010460116027388722, 0.00010890331759583205, 0.00011320550402160734, 0.00011750769044738263, 0.00012180984776932746, 0.00012611203419510275, 0.00013041422062087804, 0.00013471637794282287, 0.00013901856436859816]}, "gradients/hidden.1.weight": {"_type": "histogram", "values": [1.0, 1.0, 1.0, 2.0, 3.0, 4.0, 8.0, 8.0, 13.0, 2.0, 6.0, 2.0, 1.0, 3.0, 3.0, 3.0, 6.0, 5.0, 20.0, 26.0, 27.0, 50.0, 27.0, 23.0, 26.0, 24.0, 22.0, 21.0, 6.0, 0.0, 0.0, 1.0, 2.0, 6.0, 25.0, 49.0, 50.0, 73.0, 82.0, 98.0, 47.0, 42.0, 23.0, 12.0, 8.0, 6.0, 3.0, 6.0, 6.0, 12.0, 12.0, 15.0, 18.0, 15.0, 12.0, 6.0, 9.0, 9.0, 4.0, 1.0, 1.0, 1.0, 1.0, 1.0],