{"fitness": 9.939477274438124, "fitness_no_discr": 14.28195298010385, "discriminator": 0.020297937095165253, "_step": 94, "_runtime": 4656, "_timestamp": 1611151319, "graph_0": {"_type": "graph-file", "path": "media/graph/graph_0_summary_caa45a61.graph.json", "sha256": "caa45a61f3731fc8544097fcea3bddfd6755ff85115130361e58bbdb6e962d26", "size": 723}}