{"fitness": -1.6265185937609408, "similarity": 0, "_step": 21, "_runtime": 787, "_timestamp": 1610270026, "Table of best SMILES": {"_type": "table-file", "path": "media/table/Table of best SMILES_20_4c20baf7.table.json", "sha256": "4c20baf7e9c0588054f692d94272dc5ca1f57ef8714be9fdd3bc466bbd4f9f9b", "size": 6333, "ncols": 5, "nrows": 20}, "improvement": 2.7747428449298974, "original_score": -2.0109681671539907, "new_score": 0.7637746777759066, "improved": true}