{"fitness": 1.1558756591158454, "similarity": 0, "_step": 21, "_runtime": 940, "_timestamp": 1610891672, "Table of best SMILES": {"_type": "table-file", "path": "media/table/Table of best SMILES_20_720fc032.table.json", "sha256": "720fc032114e47e63bd141f38e6162a27c0bbcf4aba6f4281efe077ea0ec8565", "size": 5920, "ncols": 5, "nrows": 20}, "improvement": 4.416208921443297, "original_score": -3.2603332623274515, "new_score": 1.1558756591158454, "improved": true}