{"fitness": -999993.4524807364, "similarity": -1000000, "_step": 21, "_runtime": 3530, "_timestamp": 1610789353, "Table of best SMILES": {"_type": "table-file", "path": "media/table/Table of best SMILES_20_5e722d3f.table.json", "sha256": "5e722d3f8320c28339b50d89bf9d5105ee6239f7b695b54fa7831312af67c781", "size": 8354, "ncols": 5, "nrows": 20}, "improvement": 8.396907342830673, "original_score": -1000001.8493880793, "new_score": -999993.4524807364, "improved": true}