{"fitness": 0.9019195957629306, "similarity": 0, "_step": 21, "_runtime": 1156, "_timestamp": 1610447609, "Table of best SMILES": {"_type": "table-file", "path": "media/table/Table of best SMILES_20_ff8ca000.table.json", "sha256": "ff8ca00046cf62fdf693b63143cd29b4b9ecb273869fcb1be52ae36915398530", "size": 6363, "ncols": 5, "nrows": 20}, "improvement": 2.493576606515443, "original_score": -1.5916570107525125, "new_score": 0.9019195957629306, "improved": true}