{"fitness": -2.09961160360534, "similarity": 0, "_step": 21, "_runtime": 1033, "_timestamp": 1610419572, "Table of best SMILES": {"_type": "table-file", "path": "media/table/Table of best SMILES_20_6353d07c.table.json", "sha256": "6353d07c7c63fb1793aed23d6d3c5613f65b09657fc0884c266fc78f6a58d816", "size": 6367, "ncols": 5, "nrows": 20}, "improvement": 0.5707664176461502, "original_score": -2.543775950223974, "new_score": -1.9730095325778236, "improved": true}