{"fitness": 1.7097669656844723, "similarity": 0, "_step": 21, "_runtime": 903, "_timestamp": 1610906489, "Table of best SMILES": {"_type": "table-file", "path": "media/table/Table of best SMILES_20_a8a040bd.table.json", "sha256": "a8a040bdf54e69f20174c4a14d743c03203e299102e4776e3f5c388c137821ad", "size": 4774, "ncols": 5, "nrows": 20}, "improvement": 4.162414259659814, "original_score": -2.3586365131371605, "new_score": 1.803777746522653, "improved": true}