{"fitness": -2.0274996181988736, "similarity": 0, "_step": 21, "_runtime": 2852, "_timestamp": 1610585977, "Table of best SMILES": {"_type": "table-file", "path": "media/table/Table of best SMILES_20_e0bba562.table.json", "sha256": "e0bba5624e15e66d62af9fcf0a943c1d4f7283a872c6edb57d965aa737659321", "size": 4228, "ncols": 5, "nrows": 20}, "improvement": 1.6854563490305479, "original_score": -3.7129559672294215, "new_score": -2.0274996181988736, "improved": true}