{"fitness": 4.656695767737094, "similarity": 0, "_step": 21, "_runtime": 1083, "_timestamp": 1610978608, "Table of best SMILES": {"_type": "table-file", "path": "media/table/Table of best SMILES_20_185127a3.table.json", "sha256": "185127a33584ef1b59fbbb25bfc5a8d062e8fe46b4d046351a8fd35731608ac1", "size": 7397, "ncols": 5, "nrows": 20}, "improvement": 6.913287982519224, "original_score": -2.2565922147821293, "new_score": 4.656695767737094, "improved": true}