{"fitness": -999993.7176500588, "similarity": -1000000, "_step": 21, "_runtime": 781, "_timestamp": 1610355375, "Table of best SMILES": {"_type": "table-file", "path": "media/table/Table of best SMILES_20_a5eb2a1f.table.json", "sha256": "a5eb2a1ffc53516d5f0385d439d6225cd2e38ebf730f90088cb1e48a40ce3a0a", "size": 8394, "ncols": 5, "nrows": 20}, "improvement": 8.410073486389592, "original_score": -1000002.1277235452, "new_score": -999993.7176500588, "improved": true}