{"fitness": 3.137024658850582, "similarity": 0, "_step": 21, "_runtime": 1015, "_timestamp": 1610972393, "Table of best SMILES": {"_type": "table-file", "path": "media/table/Table of best SMILES_20_a763f9dd.table.json", "sha256": "a763f9ddbe3c7a35dacd04bb6bb3e46afd66644987f9882051965b1b616efca9", "size": 4881, "ncols": 5, "nrows": 20}, "improvement": 4.559891271661677, "original_score": -1.4228666128110952, "new_score": 3.137024658850582, "improved": true}