{"fitness": -0.9237444334742464, "similarity": 0, "_step": 21, "_runtime": 777, "_timestamp": 1611016637, "Table of best SMILES": {"_type": "table-file", "path": "media/table/Table of best SMILES_20_5fb8ea3d.table.json", "sha256": "5fb8ea3deacf88736136286cef21ef77e1b43b38fcec2c7540ff4cd3ef5b1cd7", "size": 8264, "ncols": 5, "nrows": 20}, "improvement": 2.302155869447361, "original_score": -3.2259003029216076, "new_score": -0.9237444334742464, "improved": true}