{"fitness": 25.920030201018534, "fitness_no_discr": 35.154652909781234, "discriminator": 0.0001674405939411372, "_step": 1000, "_runtime": 47574, "_timestamp": 1611194403, "graph_0": {"_type": "graph-file", "path": "media/graph/graph_0_summary_ae984174.graph.json", "sha256": "ae98417489f268db90a5c67d53c7b86f781f0f9e4abfdf24b686377880346546", "size": 723}, "gradients/predict.bias": {"_type": "histogram", "values": [0.0, 0.0, 0.0, 0.0, 0.0, 0.0, 0.0, 0.0, 0.0, 0.0, 0.0, 0.0, 0.0, 0.0, 0.0, 0.0, 0.0, 0.0, 0.0, 0.0, 0.0, 0.0, 0.0, 0.0, 0.0, 0.0, 0.0, 0.0, 0.0, 0.0, 0.0, 0.0, 1.0, 0.0, 0.0, 0.0, 0.0, 0.0, 0.0, 0.0, 0.0, 0.0, 0.0, 0.0, 0.0, 0.0, 0.0, 0.0, 0.0, 0.0, 0.0, 0.0, 0.0, 0.0, 0.0, 0.0, 0.0, 0.0, 0.0, 0.0, 0.0, 0.0, 0.0, 0.0], "bins": [-0.00031998392660170794, -0.00031998392660170794, -0.00031998392660170794, -0.00031998392660170794, -0.00031998392660170794, -0.00031998392660170794, -0.00031998392660170794, -0.00031998392660170794, -0.00031998392660170794, -0.00031998392660170794, -0.00031998392660170794, -0.00031998392660170794, -0.00031998392660170794, -0.00031998392660170794, -0.00031998392660170794, -0.00031998392660170794, -0.00031998392660170794, -0.00031998392660170794, -0.00031998392660170794, -0.00031998392660170794, -0.00031998392660170794, -0.00031998392660170794, -0.00031998392660170794, -0.00031998392660170794, -0.00031998392660170794, -0.00031998392660170794, -0.00031998392660170794, -0.00031998392660170794, -0.00031998392660170794, -0.00031998392660170794, -0.00031998392660170794, -0.00031998392660170794, -0.00031998392660170794, -0.00031998392660170794, -0.00031998392660170794, -0.00031998392660170794, -0.00031998392660170794, -0.00031998392660170794, -0.00031998392660170794, -0.00031998392660170794, -0.00031998392660170794, -0.00031998392660170794, -0.00031998392660170794, -0.00031998392660170794, -0.00031998392660170794, -0.00031998392660170794, -0.00031998392660170794, -0.00031998392660170794, -0.00031998392660170794, -0.00031998392660170794, -0.00031998392660170794, -0.00031998392660170794, -0.00031998392660170794, -0.00031998392660170794, -0.00031998392660170794, -0.00031998392660170794, -0.00031998392660170794, -0.00031998392660170794, -0.00031998392660170794, -0.00031998392660170794, -0.00031998392660170794, -0.00031998392660170794, -0.00031998392660170794, -0.00031998392660170794, -0.00031998392660170794]}, "gradients/predict.weight": {"_type": "histogram", "values": [3.0, 0.0, 0.0, 0.0, 0.0, 0.0, 0.0, 0.0, 0.0, 0.0, 0.0, 0.0, 0.0, 0.0, 0.0, 0.0, 0.0, 0.0, 0.0, 0.0, 0.0, 0.0, 0.0, 0.0, 0.0, 0.0, 0.0, 0.0, 0.0, 0.0, 0.0, 0.0, 0.0, 0.0, 0.0, 0.0, 0.0, 0.0, 0.0, 0.0, 0.0, 0.0, 0.0, 0.0, 0.0, 0.0, 0.0, 0.0, 0.0, 0.0, 0.0, 0.0, 0.0, 0.0, 0.0, 0.0, 0.0, 0.0, 0.0, 0.0, 0.0, 0.0, 0.0, 7.0], "bins": [-0.0003900362935382873, -0.00038294849218800664, -0.00037586071994155645, -0.0003687729185912758, -0.0003616851463448256, -0.000354597344994545, -0.0003475095727480948, -0.00034042177139781415, -0.00033333399915136397, -0.0003262461978010833, -0.00031915842555463314, -0.0003120706242043525, -0.00030498282285407186, -0.00029789505060762167, -0.0002908072783611715, -0.00028371947701089084, -0.0002766316756606102, -0.00026954390341416, -0.00026245613116770983, -0.0002553683298174292, -0.00024828052846714854, -0.00024119275622069836, -0.00023410496942233294, -0.00022701718262396753, -0.00021992938127368689, -0.00021284159447532147, -0.00020575380767695606, -0.00019866602087859064, -0.00019157823408022523, -0.00018449044728185982, -0.0001774026604834944, -0.000170314873685129, -0.00016322708688676357, -0.00015613930008839816, -0.00014905151329003274, -0.0001419637119397521, -0.00013487593969330192, -0.00012778813834302127, -0.00012070036609657109, -0.00011361256474629045, -0.00010652479249984026, -9.943699114955962e-05, -9.234921890310943e-05, -8.526141755282879e-05, -7.81736453063786e-05, -7.108584395609796e-05, -6.399807170964777e-05, -5.691027035936713e-05, -4.982246900908649e-05, -4.2734696762636304e-05, -3.564689541235566e-05, -2.8559123165905476e-05, -2.1471321815624833e-05, -1.4383549569174647e-05, -7.295748218894005e-06, -2.0797597244381905e-07, 6.8798253778368235e-06, 1.396759762428701e-05, 2.1055398974567652e-05, 2.8143171221017838e-05, 3.523097257129848e-05, 4.2318744817748666e-05, 4.940654616802931e-05, 5.6494318414479494e-05, 6.358211976476014e-05]}, "gradients/hidden.1.bias": {"_type": "histogram", "values": [1.0, 2.0, 0.0, 0.0, 0.0, 0.0, 0.0, 0.0, 0.0, 0.0, 0.0, 0.0, 0.0, 0.0, 0.0, 0.0, 0.0, 0.0, 0.0, 0.0, 0.0, 0.0, 0.0, 0.0, 0.0, 0.0, 0.0, 0.0, 0.0, 0.0, 0.0, 0.0, 0.0, 0.0, 0.0, 0.0, 0.0, 0.0, 0.0, 0.0, 0.0, 0.0, 0.0, 0.0, 0.0, 0.0, 0.0, 0.0, 0.0, 0.0, 0.0, 0.0, 0.0, 0.0, 0.0, 0.0, 0.0, 0.0, 0.0, 0.0, 0.0, 0.0, 2.0, 5.0], "bins": [-6.437675619963557e-05, -6.264497642405331e-05, -6.0913200286449865e-05, -5.918142414884642e-05, -5.744964801124297e-05, -5.5717871873639524e-05, -5.398609209805727e-05, -5.225431596045382e-05, -5.0522539822850376e-05, -4.879076004726812e-05, -4.7058983909664676e-05, -4.532720777206123e-05, -4.3595427996478975e-05, -4.186365185887553e-05, -4.013187572127208e-05, -3.840009594568983e-05, -3.666831980808638e-05, -3.4936543670482934e-05, -3.320476389490068e-05, -3.147298775729723e-05, -2.9741211619693786e-05, -2.8009431844111532e-05, -2.6277655706508085e-05, -2.4545879568904638e-05, -2.2814099793322384e-05, -2.1082323655718938e-05, -1.935054751811549e-05, -1.7618771380512044e-05, -1.588699160492979e-05, -1.4155215467326343e-05, -1.2423439329722896e-05, -1.0691659554140642e-05, -8.959883416537195e-06, -7.228107278933749e-06, -5.496327503351495e-06, -3.764551365748048e-06, -2.032771590165794e-06, -3.0099909054115415e-07, 1.4307806850410998e-06, 3.1625604606233537e-06, 4.8943329602479935e-06, 6.626112735830247e-06, 8.357892511412501e-06, 1.0089665011037141e-05, 1.1821444786619395e-05, 1.3553224562201649e-05, 1.528499706182629e-05, 1.7016776837408543e-05, 1.8748556612990797e-05, 2.0480329112615436e-05, 2.221210888819769e-05, 2.394388138782233e-05, 2.5675661163404584e-05, 2.7407440938986838e-05, 2.9139213438611478e-05, 3.087099321419373e-05, 3.2602772989775985e-05, 3.4334545489400625e-05, 3.606632526498288e-05, 3.779810504056513e-05, 3.952987754018977e-05, 4.126165731577203e-05, 4.299343709135428e-05, 4.472520959097892e-05, 4.6456989366561174e-05]}, "gradients/hidden.1.weight": {"_type": "histogram", "values": [3.0, 10.0, 21.0, 24.0, 39.0, 30.0, 19.0, 4.0, 0.0, 0.0, 0.0, 0.0, 0.0, 0.0, 0.0, 0.0, 0.0, 0.0, 0.0, 0.0, 0.0, 0.0, 0.0, 0.0, 0.0, 0.0, 0.0, 0.0, 0.0, 0.0, 0.0, 0.0, 0.0, 14.0, 103.0, 26.0, 28.0, 109.0, 220.0, 0.0, 0.0, 0.0, 0.0, 0.0, 0.0, 0.0, 0.0, 0.0, 0.0, 0.0, 0.0, 0.0, 0.0, 0.0, 0.0, 0.0, 0.0, 0.0, 0.0, 9.0, 75.0, 178.0, 65.0, 23.0],