{"fitness": 10.66143998748653, "fitness_no_discr": 15.717173139255072, "discriminator": 0.014585498720407486, "_step": 91, "_runtime": 4501, "_timestamp": 1611151330, "graph_0": {"_type": "graph-file", "path": "media/graph/graph_0_summary_ae984174.graph.json", "sha256": "ae98417489f268db90a5c67d53c7b86f781f0f9e4abfdf24b686377880346546", "size": 723}}