{"fitness": 15.865007274803943, "fitness_no_discr": 22.93741458767437, "discriminator": 0.004440124146640301, "_step": 177, "_runtime": 8803, "_timestamp": 1611155632, "graph_0": {"_type": "graph-file", "path": "media/graph/graph_0_summary_ae984174.graph.json", "sha256": "ae98417489f268db90a5c67d53c7b86f781f0f9e4abfdf24b686377880346546", "size": 723}, "gradients/predict.bias": {"_type": "histogram", "values": [0.0, 0.0, 0.0, 0.0, 0.0, 0.0, 0.0, 0.0, 0.0, 0.0, 0.0, 0.0, 0.0, 0.0, 0.0, 0.0, 0.0, 0.0, 0.0, 0.0, 0.0, 0.0, 0.0, 0.0, 0.0, 0.0, 0.0, 0.0, 0.0, 0.0, 0.0, 0.0, 1.0, 0.0, 0.0, 0.0, 0.0, 0.0, 0.0, 0.0, 0.0, 0.0, 0.0, 0.0, 0.0, 0.0, 0.0, 0.0, 0.0, 0.0, 0.0, 0.0, 0.0, 0.0, 0.0, 0.0, 0.0, 0.0, 0.0, 0.0, 0.0, 0.0, 0.0, 0.0], "bins": [-0.016147874295711517, -0.016147874295711517, -0.016147874295711517, -0.016147874295711517, -0.016147874295711517, -0.016147874295711517, -0.016147874295711517, -0.016147874295711517, -0.016147874295711517, -0.016147874295711517, -0.016147874295711517, -0.016147874295711517, -0.016147874295711517, -0.016147874295711517, -0.016147874295711517, -0.016147874295711517, -0.016147874295711517, -0.016147874295711517, -0.016147874295711517, -0.016147874295711517, -0.016147874295711517, -0.016147874295711517, -0.016147874295711517, -0.016147874295711517, -0.016147874295711517, -0.016147874295711517, -0.016147874295711517, -0.016147874295711517, -0.016147874295711517, -0.016147874295711517, -0.016147874295711517, -0.016147874295711517, -0.016147874295711517, -0.016147874295711517, -0.016147874295711517, -0.016147874295711517, -0.016147874295711517, -0.016147874295711517, -0.016147874295711517, -0.016147874295711517, -0.016147874295711517, -0.016147874295711517, -0.016147874295711517, -0.016147874295711517, -0.016147874295711517, -0.016147874295711517, -0.016147874295711517, -0.016147874295711517, -0.016147874295711517, -0.016147874295711517, -0.016147874295711517, -0.016147874295711517, -0.016147874295711517, -0.016147874295711517, -0.016147874295711517, -0.016147874295711517, -0.016147874295711517, -0.016147874295711517, -0.016147874295711517, -0.016147874295711517, -0.016147874295711517, -0.016147874295711517, -0.016147874295711517, -0.016147874295711517, -0.016147874295711517]}, "gradients/predict.weight": {"_type": "histogram", "values": [3.0, 0.0, 0.0, 0.0, 0.0, 0.0, 0.0, 0.0, 0.0, 0.0, 0.0, 0.0, 0.0, 0.0, 0.0, 0.0, 0.0, 0.0, 0.0, 0.0, 0.0, 0.0, 0.0, 0.0, 0.0, 0.0, 0.0, 0.0, 0.0, 0.0, 0.0, 0.0, 0.0, 0.0, 0.0, 0.0, 0.0, 0.0, 0.0, 0.0, 0.0, 0.0, 0.0, 0.0, 0.0, 0.0, 0.0, 0.0, 0.0, 0.0, 0.0, 0.0, 0.0, 0.0, 0.0, 0.0, 0.0, 0.0, 0.0, 0.0, 0.0, 0.0, 0.0, 7.0], "bins": [-0.02255803905427456, -0.022105706855654716, -0.021653374657034874, -0.02120104245841503, -0.02074871025979519, -0.020296378061175346, -0.019844045862555504, -0.01939171366393566, -0.01893938146531582, -0.018487049266695976, -0.018034717068076134, -0.01758238486945629, -0.017130054533481598, -0.016677722334861755, -0.016225390136241913, -0.01577305793762207, -0.015320724807679653, -0.01486839260905981, -0.014416060410439968, -0.013963728211820126, -0.013511396013200283, -0.01305906381458044, -0.012606731615960598, -0.012154399417340755, -0.011702068150043488, -0.011249735951423645, -0.010797403752803802, -0.01034507155418396, -0.009892739355564117, -0.009440407156944275, -0.008988074958324432, -0.00853574275970459, -0.008083410561084747, -0.007631078362464905, -0.007178746163845062, -0.00672641396522522, -0.006274081766605377, -0.005821749567985535, -0.005369417369365692, -0.00491708517074585, -0.004464752972126007, -0.0040124207735061646, -0.003560088574886322, -0.0031077563762664795, -0.002655424177646637, -0.0022030919790267944, -0.001750759780406952, -0.0012984275817871094, -0.0008460972458124161, -0.00039376504719257355, 5.856715142726898e-05, 0.0005108993500471115, 0.000963231548666954, 0.0014155637472867966, 0.001867895945906639, 0.0023202281445264816, 0.002772560343146324, 0.0032248925417661667, 0.003677224740386009, 0.004129556939005852, 0.004581889137625694, 0.005034221336245537, 0.005486553534865379, 0.005938885733485222, 0.006391217932105064]}, "gradients/hidden.1.bias": {"_type": "histogram", "values": [1.0, 2.0, 2.0, 0.0, 1.0, 0.0, 1.0, 0.0, 0.0, 0.0, 0.0, 0.0, 0.0, 0.0, 0.0, 0.0, 0.0, 0.0, 0.0, 0.0, 0.0, 0.0, 0.0, 0.0, 0.0, 0.0, 0.0, 0.0, 0.0, 0.0, 0.0, 0.0, 0.0, 0.0, 0.0, 0.0, 0.0, 0.0, 0.0, 0.0, 0.0, 0.0, 0.0, 0.0, 0.0, 0.0, 0.0, 0.0, 0.0, 0.0, 0.0, 0.0, 0.0, 0.0, 0.0, 0.0, 1.0, 0.0, 0.0, 0.0, 0.0, 0.0, 1.0, 1.0], "bins": [-0.0001021591669996269, -9.847145702224225e-05, -9.47837543208152e-05, -9.109604434343055e-05, -8.740833436604589e-05, -8.372063166461885e-05, -8.003292168723419e-05, -7.634521170984954e-05, -7.26575090084225e-05, -6.896980630699545e-05, -6.52820963296108e-05, -6.159438635222614e-05, -5.790668001282029e-05, -5.421897367341444e-05, -5.053126369602978e-05, -4.684355735662393e-05, -4.315585101721808e-05, -3.9468141039833426e-05, -3.5780438338406384e-05, -3.209272836102173e-05, -2.8405025659594685e-05, -2.4717315682210028e-05, -2.102960570482537e-05, -1.734190300339833e-05, -1.3654193026013672e-05, -9.966483048629016e-06, -6.278780347201973e-06, -2.5910703698173165e-06, 1.0966396075673401e-06, 4.784342308994383e-06, 8.47205228637904e-06, 1.2159754987806082e-05, 1.584746496519074e-05, 1.9535174942575395e-05, 2.3222884919960052e-05, 2.6910587621387094e-05, 3.059829032281414e-05, 3.428600757615641e-05, 3.797371027758345e-05, 4.166141297901049e-05, 4.5349115680437535e-05, 4.9036832933779806e-05, 5.272453563520685e-05, 5.641223833663389e-05, 6.009995558997616e-05, 6.37876582914032e-05, 6.747536099283025e-05, 7.116307824617252e-05, 7.485078094759956e-05, 7.85384836490266e-05, 8.222620090236887e-05, 8.591390360379592e-05, 8.960160630522296e-05, 9.328932355856523e-05, 9.697702625999227e-05, 0.00010066472896141931, 0.00010435244621476158, 0.00010804014891618863, 0.00011172785161761567, 0.00011541555431904271, 0.00011910327157238498, 0.00012279098154976964, 0.00012647866969928145, 0.00013016638695262372, 0.000133854104205966]}, "gradients/hidden.1.weight": {"_type": "histogram", "values": [1.0, 2.0, 2.0, 2.0, 6.0, 2.0, 9.0, 0.0, 4.0, 9.0, 10.0, 3.0, 5.0, 6.0, 6.0, 6.0, 4.0, 6.0, 6.0, 10.0, 10.0, 16.0, 14.0, 27.0, 45.0, 74.0, 96.0, 79.0, 79.0, 64.0, 33.0, 27.0, 25.0, 48.0, 30.0, 39.0, 30.0, 40.0, 19.0, 19.0, 7.0, 11.0, 8.0, 9.0, 3.0, 4.0, 4.0, 1.0, 5.0, 2.0, 3.0, 7.0, 5.0, 1.0, 1.0, 4.0, 4.0, 1.0, 3.0, 0.0, 0.0, 1.0, 1.0, 2.0],