{"fitness": 1.1869313010491744, "similarity": 0, "_step": 21, "_runtime": 1268, "_timestamp": 1610181183, "Table of best SMILES": {"_type": "table-file", "path": "media/table/Table of best SMILES_20_f04739cc.table.json", "sha256": "f04739cc6585318f5a527741967e356e68f08e7348b3b9559c863ba185a0537a", "size": 5992, "ncols": 5, "nrows": 20}, "improvement": 3.363744056381905, "original_score": -2.131382846117515, "new_score": 1.2323612102643897, "improved": true}