{"fitness": -999993.0379521137, "similarity": -1000000, "_step": 21, "_runtime": 983, "_timestamp": 1610401391, "Table of best SMILES": {"_type": "table-file", "path": "media/table/Table of best SMILES_20_4c8bef6c.table.json", "sha256": "4c8bef6ccba93f242500fb83de2145d18deeff139562bb1e63dc46d663c29fbc", "size": 6853, "ncols": 5, "nrows": 20}, "improvement": 14.047297824406996, "original_score": -1000007.0852499381, "new_score": -999993.0379521137, "improved": true}