{"fitness": 2.016867809243877, "similarity": 0, "_step": 21, "_runtime": 831, "_timestamp": 1611078484, "Table of best SMILES": {"_type": "table-file", "path": "media/table/Table of best SMILES_20_d8610a2b.table.json", "sha256": "d8610a2b728e7d13c227e6d8a8f64ffd0c19de9afc6917318ff6e604a23a63d5", "size": 4760, "ncols": 5, "nrows": 20}, "improvement": 3.579500068958674, "original_score": -1.4460632196684193, "new_score": 2.1334368492902542, "improved": true}