{"fitness": 2.279961866795469, "similarity": 0, "_step": 21, "_runtime": 816, "_timestamp": 1611075984, "Table of best SMILES": {"_type": "table-file", "path": "media/table/Table of best SMILES_20_2a61cd23.table.json", "sha256": "2a61cd238d5a954183a2af2fa8e95a0bbbef8870a5daf326a880f07912efcb3e", "size": 5498, "ncols": 5, "nrows": 20}, "improvement": 4.947026546012642, "original_score": -2.5583900028669446, "new_score": 2.388636543145698, "improved": true}