{"fitness": -1.6893856584042641, "similarity": 0, "_step": 21, "_runtime": 1019, "_timestamp": 1610416491, "Table of best SMILES": {"_type": "table-file", "path": "media/table/Table of best SMILES_20_075afb9c.table.json", "sha256": "075afb9cc74e68a5306e92d03a948c92ff1e883b5f45921d200f18b98ffcb805", "size": 4386, "ncols": 5, "nrows": 20}, "improvement": 2.200887565952764, "original_score": -3.890273224357028, "new_score": -1.6893856584042641, "improved": true}