{"fitness": -0.7007276621013105, "similarity": 0, "_step": 21, "_runtime": 887, "_timestamp": 1610842906, "Table of best SMILES": {"_type": "table-file", "path": "media/table/Table of best SMILES_20_2e1152f2.table.json", "sha256": "2e1152f2f3ec2da3edbcf9988d4e0b9319b24c1db4835056f60b46fecc75f335", "size": 4351, "ncols": 5, "nrows": 20}, "improvement": 3.243288375973826, "original_score": -3.944016038075137, "new_score": -0.7007276621013105, "improved": true}