{"fitness": 1.1395895555297617, "similarity": 0, "_step": 21, "_runtime": 3354, "_timestamp": 1610758764, "Table of best SMILES": {"_type": "table-file", "path": "media/table/Table of best SMILES_20_e7619d48.table.json", "sha256": "e7619d483b04a39b934b18fac45e2820d0416ab0f1f65e4426b633eced5d00bd", "size": 5329, "ncols": 5, "nrows": 20}, "improvement": 2.465957838439759, "original_score": -1.326368282909997, "new_score": 1.1395895555297617, "improved": true}