{"fitness": 1.3119024535141433, "similarity": 0, "_step": 21, "_runtime": 770, "_timestamp": 1610273160, "Table of best SMILES": {"_type": "table-file", "path": "media/table/Table of best SMILES_20_6b484715.table.json", "sha256": "6b48471527236d825ba0fde0f85c07893b501dba0d6d85952e48126e0b10ea5c", "size": 3656, "ncols": 5, "nrows": 20}, "improvement": 2.9605552047285757, "original_score": -1.6486527512144324, "new_score": 1.3119024535141433, "improved": true}