{"fitness": -0.0852631738968874, "similarity": 0, "_step": 21, "_runtime": 793, "_timestamp": 1610257175, "Table of best SMILES": {"_type": "table-file", "path": "media/table/Table of best SMILES_20_3432192b.table.json", "sha256": "3432192bfc4c148a8678b19e71c922e7d3a5cce99f36874e18310b58d7c4e602", "size": 6661, "ncols": 5, "nrows": 20}, "improvement": 1.3204496207158931, "original_score": -1.4057127946127805, "new_score": -0.0852631738968874, "improved": true}