{"fitness": 1.566643113933844, "similarity": 0, "_step": 21, "_runtime": 910, "_timestamp": 1611097021, "Table of best SMILES": {"_type": "table-file", "path": "media/table/Table of best SMILES_20_9321e625.table.json", "sha256": "9321e62565396a7b4a0bb44eb2aa544c929733a7fa44ed6662e6d25936466681", "size": 5118, "ncols": 5, "nrows": 20}, "improvement": 4.2367631682997065, "original_score": -2.6701200543658623, "new_score": 1.566643113933844, "improved": true}