{"fitness": 0.7232861991174533, "similarity": 0, "_step": 21, "_runtime": 899, "_timestamp": 1611093296, "Table of best SMILES": {"_type": "table-file", "path": "media/table/Table of best SMILES_20_4dd7f7d5.table.json", "sha256": "4dd7f7d5548fc84298188b59464284addd3847567716460b4187d1f211de9c40", "size": 5690, "ncols": 5, "nrows": 20}, "improvement": 3.374477602678378, "original_score": -2.6511914035609245, "new_score": 0.7232861991174533, "improved": true}