{"fitness": 2.47964175988469, "similarity": 0, "_step": 21, "_runtime": 737, "_timestamp": 1611046078, "Table of best SMILES": {"_type": "table-file", "path": "media/table/Table of best SMILES_20_20234076.table.json", "sha256": "2023407685738d3e9136f3fb15ee6b0406ba50d135c1905c6eeefad33a8b586b", "size": 6218, "ncols": 5, "nrows": 20}, "improvement": 4.017929218467551, "original_score": -1.5382874585828612, "new_score": 2.47964175988469, "improved": true}