{"fitness": 2.3294074232918693, "similarity": 0, "_step": 21, "_runtime": 968, "_timestamp": 1610922368, "Table of best SMILES": {"_type": "table-file", "path": "media/table/Table of best SMILES_20_197b570a.table.json", "sha256": "197b570a5d25be15d583d99451d90ea484919d4688a99336e3b454256b735127", "size": 7121, "ncols": 5, "nrows": 20}, "improvement": 4.718773455996033, "original_score": -2.3893660327041633, "new_score": 2.3294074232918693, "improved": true}