{"fitness": 3.885549714720652, "similarity": 0, "_step": 21, "_runtime": 1023, "_timestamp": 1610968308, "Table of best SMILES": {"_type": "table-file", "path": "media/table/Table of best SMILES_20_b3975af4.table.json", "sha256": "b3975af4557758b07b19faa09691f070bc95b27df6775a1e7a49ed0fbc390332", "size": 5445, "ncols": 5, "nrows": 20}, "improvement": 5.311786373088431, "original_score": -1.426236658367779, "new_score": 3.885549714720652, "improved": true}