{"fitness": 0.484193686643853, "similarity": 0, "_step": 21, "_runtime": 1094, "_timestamp": 1611138310, "Table of best SMILES": {"_type": "table-file", "path": "media/table/Table of best SMILES_20_87f15197.table.json", "sha256": "87f1519749abb112e65cfeb67e075983bf499466c6cfa09cb589e8a6dd95a455", "size": 7309, "ncols": 5, "nrows": 20}, "improvement": 2.3469937329128747, "original_score": -1.8628000462690217, "new_score": 0.484193686643853, "improved": true}