{"fitness": -999994.4358117415, "similarity": -1000000, "_step": 21, "_runtime": 1149, "_timestamp": 1610462743, "Table of best SMILES": {"_type": "table-file", "path": "media/table/Table of best SMILES_20_6ae29ded.table.json", "sha256": "6ae29ded2f001dc4637127e60e835e018b2634019a9d373e7d0c7c8d255e0c5e", "size": 6991, "ncols": 5, "nrows": 20}, "improvement": 7.652531847474165, "original_score": -1000002.088343589, "new_score": -999994.4358117415, "improved": true}