{"fitness": 2.4628956212317585, "similarity": 0, "_step": 21, "_runtime": 901, "_timestamp": 1610897255, "Table of best SMILES": {"_type": "table-file", "path": "media/table/Table of best SMILES_20_1529f77d.table.json", "sha256": "1529f77d50227c48ac929744ad849557be3ede2284db8579671a7c053a18ca99", "size": 6277, "ncols": 5, "nrows": 20}, "improvement": 4.704840766408438, "original_score": -2.24194514517668, "new_score": 2.4628956212317585, "improved": true}