{"fitness": -1.2856168558695673, "similarity": 0, "_step": 21, "_runtime": 787, "_timestamp": 1610225097, "Table of best SMILES": {"_type": "table-file", "path": "media/table/Table of best SMILES_20_b72707b0.table.json", "sha256": "b72707b039275c89f25951b3094d6f24009721ec5aa50fb315cc46a7301ab8c5", "size": 3883, "ncols": 5, "nrows": 20}, "improvement": 0.6973066751558412, "original_score": -1.6486895594042459, "new_score": -0.9513828842484047, "improved": true}