{"fitness": -999995.4454858012, "similarity": -1000000, "_step": 21, "_runtime": 2623, "_timestamp": 1611124665, "Table of best SMILES": {"_type": "table-file", "path": "media/table/Table of best SMILES_20_94431a50.table.json", "sha256": "94431a50292926a8b5a0268c11d5602f120c5e7acae83c4c6c42063a62c901b4", "size": 6646, "ncols": 5, "nrows": 20}, "improvement": 5.889458500430919, "original_score": -1000001.3349443016, "new_score": -999995.4454858012, "improved": true}