{"fitness": -0.7407080491384104, "similarity": 0, "_step": 21, "_runtime": 2415, "_timestamp": 1610536300, "Table of best SMILES": {"_type": "table-file", "path": "media/table/Table of best SMILES_20_9c22a276.table.json", "sha256": "9c22a2766bc9e5d7ec7b879cb5555588888e6efdfecd1044c69120dc90189056", "size": 4515, "ncols": 5, "nrows": 20}, "improvement": 1.542170143907065, "original_score": -1.723816286546218, "new_score": -0.1816461426391532, "improved": true}