{"fitness": -0.8415665788698203, "similarity": 0, "_step": 21, "_runtime": 801, "_timestamp": 1610257979, "Table of best SMILES": {"_type": "table-file", "path": "media/table/Table of best SMILES_20_00431267.table.json", "sha256": "00431267858394dbe522a053b3a35c7d6a1ccde959363f49beb51cfe4d502908", "size": 7684, "ncols": 5, "nrows": 20}, "improvement": 2.119263440481899, "original_score": -2.9608300193517194, "new_score": -0.8415665788698203, "improved": true}