{"fitness": 0.9667008183313066, "similarity": 0, "_step": 21, "_runtime": 2996, "_timestamp": 1610653467, "Table of best SMILES": {"_type": "table-file", "path": "media/table/Table of best SMILES_20_41d13199.table.json", "sha256": "41d13199a6c273bdc09ab59096ea4201f852c3882f0e29b526f445437780f3aa", "size": 3302, "ncols": 5, "nrows": 20}, "improvement": 2.468174198600474, "original_score": -1.5014733802691675, "new_score": 0.9667008183313066, "improved": true}