{"fitness": 1.2590902854461514, "similarity": 0, "_step": 21, "_runtime": 2175, "_timestamp": 1610477373, "Table of best SMILES": {"_type": "table-file", "path": "media/table/Table of best SMILES_20_04100310.table.json", "sha256": "04100310f195d7bee9fad21374aa790bbbaca562e302d24a1cc9e6ed834ed700", "size": 6076, "ncols": 5, "nrows": 20}, "improvement": 3.648041623049612, "original_score": -2.388951337603461, "new_score": 1.2590902854461514, "improved": true}