{"fitness": 1.8975981654729372, "similarity": 0, "_step": 21, "_runtime": 1192, "_timestamp": 1610120469, "Table of best SMILES": {"_type": "table-file", "path": "media/table/Table of best SMILES_20_487e136a.table.json", "sha256": "487e136a521028b1019a0c7be3fd4cdc12a37c1dbb0918f631eaa5b775a0a558", "size": 3790, "ncols": 5, "nrows": 20}, "improvement": 3.0269761809119906, "original_score": -1.1293780154390534, "new_score": 1.8975981654729372, "improved": true}