{"fitness": 0.6906785982905808, "similarity": 0, "_step": 21, "_runtime": 1245, "_timestamp": 1610173653, "Table of best SMILES": {"_type": "table-file", "path": "media/table/Table of best SMILES_20_9b9da724.table.json", "sha256": "9b9da7248b5e00d549c41f63900cfa06fcb732842ea9160268f9e6bcaf09d64b", "size": 4439, "ncols": 5, "nrows": 20}, "improvement": 2.470689009514241, "original_score": -1.78001041122366, "new_score": 0.6906785982905808, "improved": true}