{"fitness": -999995.6689716206, "similarity": -1000000, "_step": 21, "_runtime": 1240, "_timestamp": 1610466287, "Table of best SMILES": {"_type": "table-file", "path": "media/table/Table of best SMILES_20_5dc050a5.table.json", "sha256": "5dc050a53ae688f9a720ca32acd383b2c646e2cd757471a09e054486061b8923", "size": 6566, "ncols": 5, "nrows": 20}, "improvement": 6.039140447042882, "original_score": -1000001.7081120677, "new_score": -999995.6689716206, "improved": true}