{"fitness": 1.0842236453087974, "similarity": 0, "_step": 21, "_runtime": 912, "_timestamp": 1610836697, "Table of best SMILES": {"_type": "table-file", "path": "media/table/Table of best SMILES_20_9f15c2c0.table.json", "sha256": "9f15c2c0793c1aa7ec22683ea59b2dee0e28ba126d3ea08d75613eba57a907a2", "size": 6993, "ncols": 5, "nrows": 20}, "improvement": 5.211653080711873, "original_score": -3.9292251187681475, "new_score": 1.282427961943725, "improved": true}