{"fitness": 1.7539169210993202, "similarity": 0, "_step": 21, "_runtime": 991, "_timestamp": 1610975414, "Table of best SMILES": {"_type": "table-file", "path": "media/table/Table of best SMILES_20_6403d939.table.json", "sha256": "6403d939d6c2b1c0850501adf0610dba88846f16cac4e3c83fd4a9fcf5f6a89d", "size": 5616, "ncols": 5, "nrows": 20}, "improvement": 3.6244995825976964, "original_score": -1.870582661498376, "new_score": 1.7539169210993202, "improved": true}