{"fitness": 1.873059219557401, "similarity": 0, "_step": 21, "_runtime": 801, "_timestamp": 1611069499, "Table of best SMILES": {"_type": "table-file", "path": "media/table/Table of best SMILES_20_7a89446d.table.json", "sha256": "7a89446d97dd3f581054d4714658466abba54564a35b9ee903c4df478f86e5e3", "size": 8466, "ncols": 5, "nrows": 20}, "improvement": 4.047146879393561, "original_score": -2.17408765983616, "new_score": 1.873059219557401, "improved": true}