{"fitness": 1.5165207033949162, "similarity": 0, "_step": 21, "_runtime": 3659, "_timestamp": 1610818162, "Table of best SMILES": {"_type": "table-file", "path": "media/table/Table of best SMILES_20_906f2e32.table.json", "sha256": "906f2e32e994d2babb47ab4c9bc7fb1386192b7e512dd41f57358acac5511bc4", "size": 4724, "ncols": 5, "nrows": 20}, "improvement": 3.329003787452784, "original_score": -1.8124830840578678, "new_score": 1.5165207033949162, "improved": true}