{"fitness": -1.6856821224430696, "similarity": 0, "_step": 21, "_runtime": 913, "_timestamp": 1610889766, "Table of best SMILES": {"_type": "table-file", "path": "media/table/Table of best SMILES_20_f2c6b119.table.json", "sha256": "f2c6b1197fe15d49b7863c15439d38eba08479307a29e4297baca65d01007a1a", "size": 4955, "ncols": 5, "nrows": 20}, "improvement": 2.595699928499001, "original_score": -4.281382050942071, "new_score": -1.6856821224430696, "improved": true}