{"fitness": 1.808845438263178, "similarity": 0, "_step": 21, "_runtime": 925, "_timestamp": 1610880428, "Table of best SMILES": {"_type": "table-file", "path": "media/table/Table of best SMILES_20_4109bab5.table.json", "sha256": "4109bab583ec7a5797fd76a006724b5f594c03f4a05ec9159fbda76d95630873", "size": 5227, "ncols": 5, "nrows": 20}, "improvement": 5.133961799276885, "original_score": -3.325116361013707, "new_score": 1.808845438263178, "improved": true}