{"fitness": -2.5605848029157925, "similarity": 0, "_step": 21, "_runtime": 3464, "_timestamp": 1610723570, "Table of best SMILES": {"_type": "table-file", "path": "media/table/Table of best SMILES_20_0654c1e0.table.json", "sha256": "0654c1e0f7ff7d3564121f0774ce39cb51eb26805154be71f3b4bf49e90daf41", "size": 4465, "ncols": 5, "nrows": 20}, "improvement": 3.2126530143182674, "original_score": -5.77323781723406, "new_score": -2.5605848029157925, "improved": true}