{"fitness": 0.1576882838741336, "similarity": 0, "_step": 21, "_runtime": 2422, "_timestamp": 1610533881, "Table of best SMILES": {"_type": "table-file", "path": "media/table/Table of best SMILES_20_0342261b.table.json", "sha256": "0342261b4d924ac9c5ea09d0da7e059f8287b46c48269f75c2bc76e397ddd717", "size": 5330, "ncols": 5, "nrows": 20}, "improvement": 1.66331948503569, "original_score": -1.5056312011615565, "new_score": 0.1576882838741336, "improved": true}