{"fitness": 1.199258348250693, "similarity": 0, "_step": 21, "_runtime": 1005, "_timestamp": 1610421628, "Table of best SMILES": {"_type": "table-file", "path": "media/table/Table of best SMILES_20_f619f6dd.table.json", "sha256": "f619f6dd6409aa3e1bd3246de92a5aac750bce0a6a59d39fbd1d53677045e71f", "size": 4405, "ncols": 5, "nrows": 20}, "improvement": 3.5323578732660614, "original_score": -2.3330995250153683, "new_score": 1.199258348250693, "improved": true}