{"fitness": -2.193966689703674, "similarity": 0, "_step": 21, "_runtime": 1043, "_timestamp": 1610420619, "Table of best SMILES": {"_type": "table-file", "path": "media/table/Table of best SMILES_20_e9848fa9.table.json", "sha256": "e9848fa9f7607289055a80219c1cc6f93613a59a085705f1c2aad059cad23de2", "size": 7179, "ncols": 5, "nrows": 20}, "improvement": 1.4798133627174082, "original_score": -3.673780052421082, "new_score": -2.193966689703674, "improved": true}