{"fitness": 2.0583280634343106, "similarity": 0, "_step": 21, "_runtime": 761, "_timestamp": 1611015857, "Table of best SMILES": {"_type": "table-file", "path": "media/table/Table of best SMILES_20_a6cc197f.table.json", "sha256": "a6cc197f2685c9be0eb9f0f6de9848706052faee0c16b97046ae59e00a8f59e0", "size": 5903, "ncols": 5, "nrows": 20}, "improvement": 5.023016217231902, "original_score": -2.9646881537975913, "new_score": 2.0583280634343106, "improved": true}