{"fitness": 0.893647465608268, "similarity": 0, "_step": 21, "_runtime": 752, "_timestamp": 1611014324, "Table of best SMILES": {"_type": "table-file", "path": "media/table/Table of best SMILES_20_e65ed78d.table.json", "sha256": "e65ed78d4d78d8891875da429bbcede42efcd4af24ef401066b411ea8c5f1c46", "size": 5052, "ncols": 5, "nrows": 20}, "improvement": 2.941751723241568, "original_score": -2.0481042576333, "new_score": 0.893647465608268, "improved": true}