{"fitness": -1.441415621015597, "similarity": 0, "_step": 21, "_runtime": 4518, "_timestamp": 1610979591, "Table of best SMILES": {"_type": "table-file", "path": "media/table/Table of best SMILES_20_73307480.table.json", "sha256": "7330748049913454a96fd2a3bebf926df94ca5f8e6cc5c7b1370a00afb05a603", "size": 7055, "ncols": 5, "nrows": 20}, "improvement": 3.2125194180520094, "original_score": -4.653935039067607, "new_score": -1.441415621015597, "improved": true}