{"fitness": 1.1364690850640427, "similarity": 0, "_step": 21, "_runtime": 947, "_timestamp": 1610896351, "Table of best SMILES": {"_type": "table-file", "path": "media/table/Table of best SMILES_20_ec2ce87b.table.json", "sha256": "ec2ce87b210363518d6214295fc84947d6fc9629908f6286c74bc122b5898855", "size": 6564, "ncols": 5, "nrows": 20}, "improvement": 4.097299104415762, "original_score": -2.9608300193517194, "new_score": 1.1364690850640427, "improved": true}