{"fitness": -1.8007483297266969, "similarity": 0, "_step": 21, "_runtime": 978, "_timestamp": 1610406305, "Table of best SMILES": {"_type": "table-file", "path": "media/table/Table of best SMILES_20_9b9481fb.table.json", "sha256": "9b9481fbbad429044c39769d712f24247e53d6199c93b4b35eb010afdfcf366d", "size": 6048, "ncols": 5, "nrows": 20}, "improvement": 0.890031983648317, "original_score": -2.4037392423703765, "new_score": -1.5137072587220595, "improved": true}