{"fitness": -2.386946312801312, "similarity": 0, "_step": 21, "_runtime": 1240, "_timestamp": 1610171111, "Table of best SMILES": {"_type": "table-file", "path": "media/table/Table of best SMILES_20_db5aef42.table.json", "sha256": "db5aef4223b2153014a090a5d2637fd66c3bb241d8fd9d0ed51968a568123a29", "size": 4718, "ncols": 5, "nrows": 20}, "improvement": 0.0, "original_score": -2.386946312801312, "new_score": -2.386946312801312, "improved": false}