{"fitness": -999994.0029906979, "similarity": -1000000, "_step": 21, "_runtime": 2581, "_timestamp": 1611108951, "Table of best SMILES": {"_type": "table-file", "path": "media/table/Table of best SMILES_20_d9aae27a.table.json", "sha256": "d9aae27a04a9cfdf29f66488de6ca834ecf5d56cc098b59f755d8dba7ce9f905", "size": 7497, "ncols": 5, "nrows": 20}, "improvement": 9.28802950703539, "original_score": -1000003.2910202049, "new_score": -999994.0029906979, "improved": true}