{"fitness": 1.9340646972098698, "similarity": 0, "_step": 21, "_runtime": 954, "_timestamp": 1610913932, "Table of best SMILES": {"_type": "table-file", "path": "media/table/Table of best SMILES_20_09ed2430.table.json", "sha256": "09ed24301d53a1598a2f5e32dd4c020c6cbe61f36df89b01e5d0b1b0a6d60a3a", "size": 6037, "ncols": 5, "nrows": 20}, "improvement": 3.9929109724129166, "original_score": -2.0349788310753922, "new_score": 1.9579321413375244, "improved": true}