{"fitness": 1.1156549766648756, "similarity": 0, "_step": 21, "_runtime": 833, "_timestamp": 1610210613, "Table of best SMILES": {"_type": "table-file", "path": "media/table/Table of best SMILES_20_f9bb7f0d.table.json", "sha256": "f9bb7f0d28480153fe79c7abb5670f6270981a279f11034f0fb1e817729df712", "size": 5313, "ncols": 5, "nrows": 20}, "improvement": 4.507934929602886, "original_score": -3.39227995293801, "new_score": 1.1156549766648756, "improved": true}