{"fitness": -1.914763988898952, "similarity": 0, "_step": 21, "_runtime": 2926, "_timestamp": 1611130231, "Table of best SMILES": {"_type": "table-file", "path": "media/table/Table of best SMILES_20_49a84648.table.json", "sha256": "49a84648a31c872fd6f32eba69288a85b65169ffb97cfb1cfc9668eb7af1e67a", "size": 4656, "ncols": 5, "nrows": 20}, "improvement": 2.1993671345240324, "original_score": -4.114131123422984, "new_score": -1.914763988898952, "improved": true}