{"fitness": 1.8515728747720857, "similarity": 0, "_step": 21, "_runtime": 914, "_timestamp": 1611096107, "Table of best SMILES": {"_type": "table-file", "path": "media/table/Table of best SMILES_20_c3e89892.table.json", "sha256": "c3e8989221a7cd6c4e3e916fc24b7961cf07c04acc8efa9b40d96ec3ffbab8ee", "size": 6656, "ncols": 5, "nrows": 20}, "improvement": 2.6062556207659973, "original_score": -0.7546827459939117, "new_score": 1.8515728747720857, "improved": true}