{"fitness": 9.739802094475198, "fitness_no_discr": 11.613688199917812, "discriminator": 0.01774987019598484, "_step": 99, "_runtime": 4654, "_timestamp": 1611151347, "graph_0": {"_type": "graph-file", "path": "media/graph/graph_0_summary_65db8a8d.graph.json", "sha256": "65db8a8daa69fe00f691db589b1a541e1876e23312a44107f260b4a1d9bcff71", "size": 723}}