{"fitness": 16.330231938038715, "fitness_no_discr": 21.279917727666508, "discriminator": 0.005470758769661188, "_step": 204, "_runtime": 9691, "_timestamp": 1611156384, "graph_0": {"_type": "graph-file", "path": "media/graph/graph_0_summary_65db8a8d.graph.json", "sha256": "65db8a8daa69fe00f691db589b1a541e1876e23312a44107f260b4a1d9bcff71", "size": 723}, "gradients/predict.bias": {"_type": "histogram", "values": [0.0, 0.0, 0.0, 0.0, 0.0, 0.0, 0.0, 0.0, 0.0, 0.0, 0.0, 0.0, 0.0, 0.0, 0.0, 0.0, 0.0, 0.0, 0.0, 0.0, 0.0, 0.0, 0.0, 0.0, 0.0, 0.0, 0.0, 0.0, 0.0, 0.0, 0.0, 0.0, 1.0, 0.0, 0.0, 0.0, 0.0, 0.0, 0.0, 0.0, 0.0, 0.0, 0.0, 0.0, 0.0, 0.0, 0.0, 0.0, 0.0, 0.0, 0.0, 0.0, 0.0, 0.0, 0.0, 0.0, 0.0, 0.0, 0.0, 0.0, 0.0, 0.0, 0.0, 0.0], "bins": [-0.0032497323118150234, -0.0032497323118150234, -0.0032497323118150234, -0.0032497323118150234, -0.0032497323118150234, -0.0032497323118150234, -0.0032497323118150234, -0.0032497323118150234, -0.0032497323118150234, -0.0032497323118150234, -0.0032497323118150234, -0.0032497323118150234, -0.0032497323118150234, -0.0032497323118150234, -0.0032497323118150234, -0.0032497323118150234, -0.0032497323118150234, -0.0032497323118150234, -0.0032497323118150234, -0.0032497323118150234, -0.0032497323118150234, -0.0032497323118150234, -0.0032497323118150234, -0.0032497323118150234, -0.0032497323118150234, -0.0032497323118150234, -0.0032497323118150234, -0.0032497323118150234, -0.0032497323118150234, -0.0032497323118150234, -0.0032497323118150234, -0.0032497323118150234, -0.0032497323118150234, -0.0032497323118150234, -0.0032497323118150234, -0.0032497323118150234, -0.0032497323118150234, -0.0032497323118150234, -0.0032497323118150234, -0.0032497323118150234, -0.0032497323118150234, -0.0032497323118150234, -0.0032497323118150234, -0.0032497323118150234, -0.0032497323118150234, -0.0032497323118150234, -0.0032497323118150234, -0.0032497323118150234, -0.0032497323118150234, -0.0032497323118150234, -0.0032497323118150234, -0.0032497323118150234, -0.0032497323118150234, -0.0032497323118150234, -0.0032497323118150234, -0.0032497323118150234, -0.0032497323118150234, -0.0032497323118150234, -0.0032497323118150234, -0.0032497323118150234, -0.0032497323118150234, -0.0032497323118150234, -0.0032497323118150234, -0.0032497323118150234, -0.0032497323118150234]}, "gradients/predict.weight": {"_type": "histogram", "values": [3.0, 0.0, 0.0, 0.0, 0.0, 0.0, 0.0, 0.0, 0.0, 0.0, 0.0, 0.0, 0.0, 0.0, 0.0, 0.0, 0.0, 0.0, 0.0, 0.0, 0.0, 0.0, 0.0, 0.0, 0.0, 0.0, 0.0, 0.0, 0.0, 0.0, 0.0, 0.0, 0.0, 0.0, 0.0, 0.0, 0.0, 0.0, 0.0, 0.0, 0.0, 0.0, 0.0, 0.0, 0.0, 0.0, 0.0, 0.0, 0.0, 0.0, 0.0, 0.0, 0.0, 0.0, 0.0, 0.0, 0.0, 0.0, 0.0, 0.0, 0.0, 0.0, 0.0, 7.0], "bins": [-0.006134281400591135, -0.005993495229631662, -0.00585270905867219, -0.005711923353374004, -0.005571137182414532, -0.005430351011455059, -0.005289564840495586, -0.005148778669536114, -0.005007992964237928, -0.004867206793278456, -0.004726420622318983, -0.004585634917020798, -0.004444848746061325, -0.004304062575101852, -0.00416327640414238, -0.004022490233182907, -0.003881704295054078, -0.0037409181240946054, -0.0036001321859657764, -0.003459346015006304, -0.003318560076877475, -0.003177773905918002, -0.003036987967789173, -0.0028962017968297005, -0.002755415625870228, -0.002614629687741399, -0.002473843516781926, -0.002333057578653097, -0.0021922714076936245, -0.002051485236734152, -0.0019106995314359665, -0.0017699133604764938, -0.0016291271895170212, -0.0014883410185575485, -0.0013475548475980759, -0.0012067691422998905, -0.0010659829713404179, -0.0009251968003809452, -0.0007844106294214725, -0.0006436249241232872, -0.0005028387531638145, -0.0003620525822043419, -0.00022126641124486923, -8.048024028539658e-05, 6.030546501278877e-05, 0.00020109163597226143, 0.0003418778069317341, 0.00048266397789120674, 0.0006234501488506794, 0.0007642358541488647, 0.0009050220251083374, 0.00104580819606781, 0.0011865943670272827, 0.001327380072325468, 0.0014681662432849407, 0.0016089524142444134, 0.001749738585203886, 0.0018905247561633587, 0.0020313109271228313, 0.002172097098082304, 0.002312882337719202, 0.0024536685086786747, 0.0025944546796381474, 0.00273524085059762, 0.0028760270215570927]}, "gradients/hidden.1.bias": {"_type": "histogram", "values": [1.0, 0.0, 1.0, 0.0, 0.0, 1.0, 0.0, 0.0, 0.0, 0.0, 0.0, 0.0, 0.0, 0.0, 0.0, 0.0, 0.0, 0.0, 0.0, 0.0, 0.0, 0.0, 0.0, 0.0, 0.0, 0.0, 0.0, 0.0, 0.0, 0.0, 0.0, 0.0, 0.0, 0.0, 0.0, 0.0, 0.0, 0.0, 0.0, 0.0, 0.0, 0.0, 0.0, 0.0, 0.0, 0.0, 0.0, 0.0, 0.0, 0.0, 0.0, 0.0, 0.0, 0.0, 0.0, 0.0, 2.0, 1.0, 1.0, 1.0, 1.0, 0.0, 0.0, 1.0], "bins": [-4.771494059241377e-05, -4.6224595280364156e-05, -4.473424996831454e-05, -4.3243901018286124e-05, -4.175355570623651e-05, -4.02632103941869e-05, -3.877286508213729e-05, -3.728251613210887e-05, -3.5792170820059255e-05, -3.430182550800964e-05, -3.281148019596003e-05, -3.132113488391042e-05, -2.98307877528714e-05, -2.8340440621832386e-05, -2.6850095309782773e-05, -2.5359748178743757e-05, -2.3869402866694145e-05, -2.2379057554644533e-05, -2.0888710423605517e-05, -1.9398365111555904e-05, -1.7908017980516888e-05, -1.6417670849477872e-05, -1.492732553742826e-05, -1.3436980225378647e-05, -1.1946634913329035e-05, -1.0456289601279423e-05, -8.965940651251003e-06, -7.475595339201391e-06, -5.985250027151778e-06, -4.494904715102166e-06, -3.0045557650737464e-06, -1.514210453024134e-06, -2.3865140974521637e-08, 1.4664801710750908e-06, 2.956825483124703e-06, 4.447174433153123e-06, 5.937519745202735e-06, 7.4278650572523475e-06, 8.91821036930196e-06, 1.040855931933038e-05, 1.1898904631379992e-05, 1.3389249943429604e-05, 1.4879598893458024e-05, 1.636994056752883e-05, 1.786028951755725e-05, 1.9350631191628054e-05, 2.0840980141656473e-05, 2.2331329091684893e-05, 2.3821670765755698e-05, 2.5312019715784118e-05, 2.6802361389854923e-05, 2.8292710339883342e-05, 2.9783059289911762e-05, 3.127340096398257e-05, 3.276374991401099e-05, 3.4254098864039406e-05, 3.574444053811021e-05, 3.723478948813863e-05, 3.8725131162209436e-05, 4.0215480112237856e-05, 4.1705829062266275e-05, 4.319617073633708e-05, 4.46865196863655e-05, 4.6176861360436305e-05, 4.7667210310464725e-05]}, "gradients/hidden.1.weight": {"_type": "histogram", "values": [2.0, 3.0, 4.0, 10.0, 7.0, 8.0, 14.0, 17.0, 20.0, 21.0, 18.0, 9.0, 7.0, 3.0, 1.0, 0.0, 0.0, 0.0, 0.0, 0.0, 0.0, 0.0, 1.0, 3.0, 5.0, 10.0, 24.0, 23.0, 41.0, 30.0, 28.0, 18.0, 12.0, 30.0, 71.0, 70.0, 58.0, 50.0, 26.0, 12.0, 6.0, 2.0, 0.0, 0.0, 0.0, 0.0, 0.0, 0.0, 1.0, 4.0, 11.0, 20.0, 33.0, 44.0, 61.0, 40.0, 34.0, 35.0, 23.0, 9.0, 8.0, 10.0, 1.0, 2.0],