{"fitness": 21.924846988963736, "fitness_no_discr": 29.63365187539635, "discriminator": 0.00019791076192632318, "_step": 1000, "_runtime": 34312, "_timestamp": 1611181005, "graph_0": {"_type": "graph-file", "path": "media/graph/graph_0_summary_65db8a8d.graph.json", "sha256": "65db8a8daa69fe00f691db589b1a541e1876e23312a44107f260b4a1d9bcff71", "size": 723}, "gradients/predict.bias": {"_type": "histogram", "values": [0.0, 0.0, 0.0, 0.0, 0.0, 0.0, 0.0, 0.0, 0.0, 0.0, 0.0, 0.0, 0.0, 0.0, 0.0, 0.0, 0.0, 0.0, 0.0, 0.0, 0.0, 0.0, 0.0, 0.0, 0.0, 0.0, 0.0, 0.0, 0.0, 0.0, 0.0, 0.0, 1.0, 0.0, 0.0, 0.0, 0.0, 0.0, 0.0, 0.0, 0.0, 0.0, 0.0, 0.0, 0.0, 0.0, 0.0, 0.0, 0.0, 0.0, 0.0, 0.0, 0.0, 0.0, 0.0, 0.0, 0.0, 0.0, 0.0, 0.0, 0.0, 0.0, 0.0, 0.0], "bins": [-0.00010848088277271017, -0.00010848088277271017, -0.00010848088277271017, -0.00010848088277271017, -0.00010848088277271017, -0.00010848088277271017, -0.00010848088277271017, -0.00010848088277271017, -0.00010848088277271017, -0.00010848088277271017, -0.00010848088277271017, -0.00010848088277271017, -0.00010848088277271017, -0.00010848088277271017, -0.00010848088277271017, -0.00010848088277271017, -0.00010848088277271017, -0.00010848088277271017, -0.00010848088277271017, -0.00010848088277271017, -0.00010848088277271017, -0.00010848088277271017, -0.00010848088277271017, -0.00010848088277271017, -0.00010848088277271017, -0.00010848088277271017, -0.00010848088277271017, -0.00010848088277271017, -0.00010848088277271017, -0.00010848088277271017, -0.00010848088277271017, -0.00010848088277271017, -0.00010848088277271017, -0.00010848088277271017, -0.00010848088277271017, -0.00010848088277271017, -0.00010848088277271017, -0.00010848088277271017, -0.00010848088277271017, -0.00010848088277271017, -0.00010848088277271017, -0.00010848088277271017, -0.00010848088277271017, -0.00010848088277271017, -0.00010848088277271017, -0.00010848088277271017, -0.00010848088277271017, -0.00010848088277271017, -0.00010848088277271017, -0.00010848088277271017, -0.00010848088277271017, -0.00010848088277271017, -0.00010848088277271017, -0.00010848088277271017, -0.00010848088277271017, -0.00010848088277271017, -0.00010848088277271017, -0.00010848088277271017, -0.00010848088277271017, -0.00010848088277271017, -0.00010848088277271017, -0.00010848088277271017, -0.00010848088277271017, -0.00010848088277271017, -0.00010848088277271017]}, "gradients/predict.weight": {"_type": "histogram", "values": [3.0, 0.0, 0.0, 0.0, 0.0, 0.0, 0.0, 0.0, 0.0, 0.0, 0.0, 0.0, 0.0, 0.0, 0.0, 0.0, 0.0, 0.0, 0.0, 0.0, 0.0, 0.0, 0.0, 0.0, 0.0, 0.0, 0.0, 0.0, 0.0, 0.0, 0.0, 0.0, 0.0, 0.0, 0.0, 0.0, 0.0, 0.0, 0.0, 0.0, 0.0, 0.0, 0.0, 0.0, 0.0, 0.0, 0.0, 0.0, 0.0, 0.0, 0.0, 0.0, 0.0, 0.0, 0.0, 0.0, 0.0, 0.0, 0.0, 0.0, 0.0, 0.0, 0.0, 7.0], "bins": [-0.00023368510301224887, -0.00022815111151430756, -0.00022261712001636624, -0.00021708314307034016, -0.00021154915157239884, -0.00020601516007445753, -0.00020048118312843144, -0.00019494719163049012, -0.0001894132001325488, -0.0001838792086346075, -0.00017834521713666618, -0.0001728112401906401, -0.00016727724869269878, -0.00016174325719475746, -0.00015620928024873137, -0.00015067528875079006, -0.00014514129725284874, -0.00013960730575490743, -0.00013407331425696611, -0.00012853933731094003, -0.0001230053458129987, -0.0001174713543150574, -0.0001119373700930737, -0.00010640338587109, -0.00010086939437314868, -9.533540287520736e-05, -8.980141137726605e-05, -8.426743443123996e-05, -7.873344293329865e-05, -7.319945143535733e-05, -6.766547448933125e-05, -6.213148299138993e-05, -5.6597491493448615e-05, -5.10634999955073e-05, -4.5529508497565985e-05, -3.99955315515399e-05, -3.446154005359858e-05, -2.8927548555657268e-05, -2.339357160963118e-05, -1.7859580111689866e-05, -1.232558861374855e-05, -6.791597115807235e-06, -1.25760561786592e-06, 4.276371328160167e-06, 9.810362826101482e-06, 1.5344354324042797e-05, 2.0878331270068884e-05, 2.6412337319925427e-05, 3.1946314265951514e-05, 3.74802912119776e-05, 4.3014297261834145e-05, 4.854827420786023e-05, 5.4082280257716775e-05, 5.961625720374286e-05, 6.515023414976895e-05, 7.068424019962549e-05, 7.621821714565158e-05, 8.175219409167767e-05, 8.728620014153421e-05, 9.28201770875603e-05, 9.835415403358638e-05, 0.00010388816008344293, 0.00010942213702946901, 0.00011495614307932556, 0.00012049012002535164]}, "gradients/hidden.1.bias": {"_type": "histogram", "values": [2.0, 1.0, 0.0, 0.0, 0.0, 0.0, 0.0, 0.0, 0.0, 0.0, 0.0, 0.0, 0.0, 0.0, 0.0, 0.0, 0.0, 0.0, 0.0, 0.0, 0.0, 0.0, 0.0, 0.0, 0.0, 0.0, 0.0, 0.0, 0.0, 0.0, 0.0, 0.0, 0.0, 0.0, 0.0, 0.0, 0.0, 0.0, 0.0, 0.0, 0.0, 0.0, 0.0, 0.0, 0.0, 0.0, 0.0, 0.0, 0.0, 0.0, 0.0, 0.0, 0.0, 0.0, 0.0, 0.0, 0.0, 0.0, 0.0, 0.0, 2.0, 2.0, 1.0, 2.0], "bins": [-7.231643849081593e-06, -7.025452759990003e-06, -6.819261670898413e-06, -6.6130710365541745e-06, -6.406879947462585e-06, -6.200688858370995e-06, -5.9944977692794055e-06, -5.788307134935167e-06, -5.582116045843577e-06, -5.375924956751987e-06, -5.169733867660398e-06, -4.963542778568808e-06, -4.757352144224569e-06, -4.5511610551329795e-06, -4.34496996604139e-06, -4.138779331697151e-06, -3.9325877878582105e-06, -3.7263969261402963e-06, -3.520206064422382e-06, -3.3140149753307924e-06, -3.1078238862392027e-06, -2.901633251894964e-06, -2.6954421628033742e-06, -2.4892510737117846e-06, -2.283059984620195e-06, -2.076868895528605e-06, -1.8706782611843664e-06, -1.6644871720927767e-06, -1.458296083001187e-06, -1.2521049939095974e-06, -1.0459143595653586e-06, -8.397232704737689e-07, -6.335321813821793e-07, -4.273410922905896e-07, -2.211500031989999e-07, -1.4959368854761124e-08, 1.9123172023682855e-07, 3.974228093284182e-07, 6.036138984200079e-07, 8.098045327642467e-07, 1.0159960766031872e-06, 1.222186710947426e-06, 1.4283773452916648e-06, 1.6345688891306054e-06, 1.8407595234748442e-06, 2.0469510673137847e-06, 2.2531417016580235e-06, 2.4593323360022623e-06, 2.665523879841203e-06, 2.8717145141854417e-06, 3.0779060580243822e-06, 3.284096692368621e-06, 3.49028732671286e-06, 3.6964788705518004e-06, 3.902669504896039e-06, 4.108860139240278e-06, 4.3150516830792185e-06, 4.521242317423457e-06, 4.727433861262398e-06, 4.933624495606637e-06, 5.139815129950875e-06, 5.346006673789816e-06, 5.552197308134055e-06, 5.758388851972995e-06, 5.964579486317234e-06]}, "gradients/hidden.1.weight": {"_type": "histogram", "values": [98.0, 4.0, 0.0, 0.0, 0.0, 0.0, 0.0, 0.0, 0.0, 0.0, 0.0, 0.0, 0.0, 0.0, 0.0, 0.0, 37.0, 2.0, 157.0, 157.0, 1.0, 0.0, 0.0, 0.0, 0.0, 0.0, 0.0, 0.0, 0.0, 0.0, 24.0, 0.0, 0.0, 0.0, 0.0, 56.0, 0.0, 0.0, 0.0, 0.0, 0.0, 0.0, 0.0, 0.0, 0.0, 0.0, 76.0, 150.0, 0.0, 0.0, 0.0, 0.0, 0.0, 0.0, 0.0, 0.0, 0.0, 0.0, 0.0, 0.0, 0.0, 0.0, 120.0, 118.0],