{"fitness": 15.339783973452167, "fitness_no_discr": 19.81229596903067, "discriminator": 0.006323119159787893, "_step": 188, "_runtime": 8923, "_timestamp": 1611155616, "graph_0": {"_type": "graph-file", "path": "media/graph/graph_0_summary_65db8a8d.graph.json", "sha256": "65db8a8daa69fe00f691db589b1a541e1876e23312a44107f260b4a1d9bcff71", "size": 723}, "gradients/predict.bias": {"_type": "histogram", "values": [0.0, 0.0, 0.0, 0.0, 0.0, 0.0, 0.0, 0.0, 0.0, 0.0, 0.0, 0.0, 0.0, 0.0, 0.0, 0.0, 0.0, 0.0, 0.0, 0.0, 0.0, 0.0, 0.0, 0.0, 0.0, 0.0, 0.0, 0.0, 0.0, 0.0, 0.0, 1.0, 0.0, 0.0, 0.0, 0.0, 0.0, 0.0, 0.0, 0.0, 0.0, 0.0, 0.0, 0.0, 0.0, 0.0, 0.0, 0.0, 0.0, 0.0, 0.0, 0.0, 0.0, 0.0, 0.0, 0.0, 0.0, 0.0, 0.0, 0.0, 0.0, 0.0, 0.0, 0.0], "bins": [-0.00833921879529953, -0.00833921879529953, -0.00833921879529953, -0.00833921879529953, -0.00833921879529953, -0.00833921879529953, -0.00833921879529953, -0.00833921879529953, -0.00833921879529953, -0.00833921879529953, -0.00833921879529953, -0.00833921879529953, -0.00833921879529953, -0.00833921879529953, -0.00833921879529953, -0.00833921879529953, -0.00833921879529953, -0.00833921879529953, -0.00833921879529953, -0.00833921879529953, -0.00833921879529953, -0.00833921879529953, -0.00833921879529953, -0.00833921879529953, -0.00833921879529953, -0.00833921879529953, -0.00833921879529953, -0.00833921879529953, -0.00833921879529953, -0.00833921879529953, -0.00833921879529953, -0.00833921879529953, -0.00833921879529953, -0.00833921879529953, -0.00833921879529953, -0.00833921879529953, -0.00833921879529953, -0.00833921879529953, -0.00833921879529953, -0.00833921879529953, -0.00833921879529953, -0.00833921879529953, -0.00833921879529953, -0.00833921879529953, -0.00833921879529953, -0.00833921879529953, -0.00833921879529953, -0.00833921879529953, -0.00833921879529953, -0.00833921879529953, -0.00833921879529953, -0.00833921879529953, -0.00833921879529953, -0.00833921879529953, -0.00833921879529953, -0.00833921879529953, -0.00833921879529953, -0.00833921879529953, -0.00833921879529953, -0.00833921879529953, -0.00833921879529953, -0.00833921879529953, -0.00833921879529953, -0.00833921879529953, -0.00833921879529953]}, "gradients/predict.weight": {"_type": "histogram", "values": [3.0, 0.0, 0.0, 0.0, 0.0, 0.0, 0.0, 0.0, 0.0, 0.0, 0.0, 0.0, 0.0, 0.0, 0.0, 0.0, 0.0, 0.0, 0.0, 0.0, 0.0, 0.0, 0.0, 0.0, 0.0, 0.0, 0.0, 0.0, 0.0, 0.0, 0.0, 0.0, 0.0, 0.0, 0.0, 0.0, 0.0, 0.0, 0.0, 0.0, 0.0, 0.0, 0.0, 0.0, 0.0, 0.0, 0.0, 0.0, 0.0, 0.0, 0.0, 0.0, 0.0, 0.0, 0.0, 0.0, 0.0, 0.0, 0.0, 0.0, 0.0, 0.0, 0.0, 7.0], "bins": [-0.01719823107123375, -0.01679113507270813, -0.01638403907418251, -0.01597694307565689, -0.015569846145808697, -0.015162750147283077, -0.014755654148757458, -0.014348558150231838, -0.013941461220383644, -0.013534365221858025, -0.013127269223332405, -0.012720173224806786, -0.012313077226281166, -0.011905981227755547, -0.011498885229229927, -0.011091788299381733, -0.010684692300856113, -0.010277596302330494, -0.0098704993724823, -0.00946340337395668, -0.00905630737543106, -0.008649211376905441, -0.008242115378379822, -0.007835019379854202, -0.007427923381328583, -0.007020826451480389, -0.006613730452954769, -0.00620663445442915, -0.00579953845590353, -0.005392442457377911, -0.0049853455275297165, -0.004578249529004097, -0.0041711535304784775, -0.003764057531952858, -0.0033569615334272385, -0.0029498646035790443, -0.002542768605053425, -0.0021356726065278053, -0.0017285766080021858, -0.0013214796781539917, -0.0009143836796283722, -0.0005072876811027527, -0.00010019168257713318, 0.00030690431594848633, 0.0007140003144741058, 0.0011210963129997253, 0.0015281923115253448, 0.0019352883100509644, 0.002342384308576584, 0.0027494821697473526, 0.003156578168272972, 0.0035636741667985916, 0.003970770165324211, 0.004377866163849831, 0.00478496216237545, 0.00519205816090107, 0.005599154159426689, 0.006006250157952309, 0.006413346156477928, 0.006820444017648697, 0.007227540016174316, 0.007634636014699936, 0.008041732013225555, 0.008448828011751175, 0.008855924010276794]}, "gradients/hidden.1.bias": {"_type": "histogram", "values": [1.0, 0.0, 0.0, 0.0, 2.0, 0.0, 1.0, 0.0, 1.0, 1.0, 1.0, 0.0, 0.0, 0.0, 0.0, 0.0, 0.0, 0.0, 0.0, 0.0, 0.0, 0.0, 0.0, 0.0, 0.0, 0.0, 0.0, 0.0, 0.0, 0.0, 0.0, 0.0, 0.0, 0.0, 0.0, 0.0, 0.0, 0.0, 0.0, 0.0, 0.0, 0.0, 0.0, 0.0, 0.0, 0.0, 0.0, 0.0, 0.0, 0.0, 0.0, 0.0, 0.0, 0.0, 0.0, 0.0, 0.0, 1.0, 0.0, 0.0, 0.0, 0.0, 1.0, 1.0], "bins": [-2.4561888494645245e-05, -2.3794254957465455e-05, -2.302661960129626e-05, -2.2258984245127067e-05, -2.1491350707947277e-05, -2.0723717170767486e-05, -1.9956081814598292e-05, -1.9188446458429098e-05, -1.8420812921249308e-05, -1.7653179384069517e-05, -1.6885544027900323e-05, -1.611790867173113e-05, -1.535027513455134e-05, -1.4582640687876847e-05, -1.3815006241202354e-05, -1.3047371794527862e-05, -1.227973734785337e-05, -1.1512102901178878e-05, -1.0744468454504386e-05, -9.976834007829893e-06, -9.209199561155401e-06, -8.441564204986207e-06, -7.673930667806417e-06, -6.906297130626626e-06, -6.138661774457432e-06, -5.371026418288238e-06, -4.603392881108448e-06, -3.8357593439286575e-06, -3.0681239877594635e-06, -2.3004886315902695e-06, -1.532855094410479e-06, -7.652215572306886e-07, 2.4137989385053515e-09, 7.700491551076993e-07, 1.5376826922874898e-06, 2.30531622946728e-06, 3.072951585636474e-06, 3.840586941805668e-06, 4.608220478985459e-06, 5.375854016165249e-06, 6.143489372334443e-06, 6.911124728503637e-06, 7.678760084672831e-06, 8.446391802863218e-06, 9.214027159032412e-06, 9.981662515201606e-06, 1.0749294233391993e-05, 1.1516929589561187e-05, 1.228456494573038e-05, 1.3052200301899575e-05, 1.3819835658068769e-05, 1.4587467376259156e-05, 1.535510273242835e-05, 1.6122738088597544e-05, 1.689036980678793e-05, 1.7658005162957124e-05, 1.842564051912632e-05, 1.9193275875295512e-05, 1.9960911231464706e-05, 2.0728542949655093e-05, 2.1496178305824287e-05, 2.226381366199348e-05, 2.3031445380183868e-05, 2.3799080736353062e-05, 2.4566716092522256e-05]}, "gradients/hidden.1.weight": {"_type": "histogram", "values": [14.0, 23.0, 7.0, 0.0, 3.0, 22.0, 37.0, 27.0, 0.0, 5.0, 5.0, 17.0, 41.0, 38.0, 69.0, 28.0, 49.0, 20.0, 7.0, 3.0, 1.0, 2.0, 2.0, 1.0, 1.0, 5.0, 2.0, 17.0, 17.0, 19.0, 31.0, 12.0, 13.0, 63.0, 86.0, 14.0, 4.0, 20.0, 28.0, 31.0, 17.0, 17.0, 2.0, 0.0, 0.0, 0.0, 1.0, 0.0, 1.0, 2.0, 1.0, 6.0, 14.0, 35.0, 11.0, 10.0, 8.0, 3.0, 18.0, 23.0, 3.0, 3.0, 27.0, 14.0], "bins": [-3.206755354767665e-05, -3.110358738922514e-05, -3.013961759279482e-05, -2.9175649615353905e-05, -2.821168163791299e-05, -2.7247715479461476e-05, -2.628374750202056e-05, -2.5319779524579644e-05, -2.4355811547138728e-05, -2.3391843569697812e-05, -2.2427875592256896e-05, -2.146390761481598e-05, -2.0499941456364468e-05, -1.9535971659934148e-05, -1.8572005501482636e-05, -1.760803752404172e-05, -1.6644069546600804e-05, -1.5680101569159888e-05, -1.4716133591718972e-05, -1.3752165614278056e-05, -1.278819763683714e-05, -1.1824231478385627e-05, -1.0860263500944711e-05, -9.896295523503795e-06, -8.93232754606288e-06, -7.968359568621963e-06, -7.004391591181047e-06, -6.040423613740131e-06, -5.076457455288619e-06, -4.112489477847703e-06, -3.148521500406787e-06, -2.184553522965871e-06, -1.2205855455249548e-06, -2.5661938707344234e-07, 7.073504093568772e-07, 1.6713165678083897e-06, 2.635286364238709e-06, 3.5992525226902217e-06, 4.563222319120541e-06, 5.527188477572054e-06, 6.491158274002373e-06, 7.455124432453886e-06, 8.419090590905398e-06, 9.383060387335718e-06, 1.034702654578723e-05, 1.131099634221755e-05, 1.2274962500669062e-05, 1.3238932297099382e-05, 1.4202898455550894e-05, 1.5166864614002407e-05, 1.6130834410432726e-05, 1.709480056888424e-05, 1.8058770365314558e-05, 1.902273652376607e-05, 1.998670632019639e-05, 2.0950672478647903e-05, 2.1914638637099415e-05, 2.2878608433529735e-05, 2.3842574591981247e-05, 2.4806544388411567e-05, 2.577051054686308e-05, 2.67344803432934e-05, 2.769844650174491e-05, 2.866241629817523e-05, 2.9626382456626743e-05]},