{"fitness": -1.0121548137530316, "similarity": 0, "_step": 21, "_runtime": 1223, "_timestamp": 1610459298, "Table of best SMILES": {"_type": "table-file", "path": "media/table/Table of best SMILES_20_5c0cfb14.table.json", "sha256": "5c0cfb14e88a0cfff9bc41e559e8b4107fb0ec7d1335652493f2f2caeda832e5", "size": 6081, "ncols": 5, "nrows": 20}, "improvement": 0.46925651621188136, "original_score": -1.481411329964913, "new_score": -1.0121548137530316, "improved": true}