{"fitness": -1.9654691739477792, "similarity": 0, "_step": 21, "_runtime": 1298, "_timestamp": 1611128222, "Table of best SMILES": {"_type": "table-file", "path": "media/table/Table of best SMILES_20_cbd071c9.table.json", "sha256": "cbd071c98f18991d078139e2b6b32a7bf4b53c9e59e3fbf0a6e13928842f0cad", "size": 6533, "ncols": 5, "nrows": 20}, "improvement": 1.4317728138761756, "original_score": -3.397241987823955, "new_score": -1.9654691739477792, "improved": true}