{"fitness": -2.802720483345784, "similarity": 0, "_step": 21, "_runtime": 3507, "_timestamp": 1610712945, "Table of best SMILES": {"_type": "table-file", "path": "media/table/Table of best SMILES_20_78f571cb.table.json", "sha256": "78f571cb3595db2ca4aa38482faed8571efef3478e1d5b523829203504e1b559", "size": 6285, "ncols": 5, "nrows": 20}, "improvement": 0.0, "original_score": -2.802720483345784, "new_score": -2.802720483345784, "improved": false}