{"fitness": 0.8780054420563397, "similarity": 0, "_step": 21, "_runtime": 770, "_timestamp": 1610196297, "Table of best SMILES": {"_type": "table-file", "path": "media/table/Table of best SMILES_20_8fc07b78.table.json", "sha256": "8fc07b78e5350b9ebe5b0d97caf6bdebfebaa7ebc01c6ac8a448fdb7c1a717c3", "size": 5825, "ncols": 5, "nrows": 20}, "improvement": 4.138338704383791, "original_score": -3.2603332623274515, "new_score": 0.8780054420563397, "improved": true}