{"fitness": -3.3542677052374277, "similarity": 0, "_step": 21, "_runtime": 814, "_timestamp": 1610219853, "Table of best SMILES": {"_type": "table-file", "path": "media/table/Table of best SMILES_20_741b9707.table.json", "sha256": "741b970784f7e0d61735dd21aac9d34a0f0ba4e85f22d124a07924207a831757", "size": 4161, "ncols": 5, "nrows": 20}, "improvement": 1.3163636475717855, "original_score": -4.670631352809213, "new_score": -3.3542677052374277, "improved": true}