{"fitness": -0.9165210135811632, "similarity": 0, "_step": 21, "_runtime": 824, "_timestamp": 1610219036, "Table of best SMILES": {"_type": "table-file", "path": "media/table/Table of best SMILES_20_2d90e709.table.json", "sha256": "2d90e70995315e801d884b51b041e1c51a1a7d5e4714620a16c13c3a0c456b2a", "size": 8328, "ncols": 5, "nrows": 20}, "improvement": 2.048984641724597, "original_score": -2.553478515150771, "new_score": -0.5044938734261742, "improved": true}