{"fitness": 0.35732024992150857, "similarity": 0, "_step": 21, "_runtime": 2332, "_timestamp": 1611014646, "Table of best SMILES": {"_type": "table-file", "path": "media/table/Table of best SMILES_20_dd29793e.table.json", "sha256": "dd29793e39dd98b4ebcc666be38e81591401fb02e6cdeb648a4086365b4051fd", "size": 3536, "ncols": 5, "nrows": 20}, "improvement": 2.7684761999900704, "original_score": -2.411155950068562, "new_score": 0.35732024992150857, "improved": true}