{"fitness": 1.165062194456213, "similarity": 0, "_step": 21, "_runtime": 937, "_timestamp": 1611099825, "Table of best SMILES": {"_type": "table-file", "path": "media/table/Table of best SMILES_20_197b2154.table.json", "sha256": "197b21546f2175f83fa99884ad8316bf8c8aa5fba620a3334db2c652c2b3cc11", "size": 3892, "ncols": 5, "nrows": 20}, "improvement": 2.6928847391754136, "original_score": -1.3948442664287082, "new_score": 1.2980404727467052, "improved": true}