{"fitness": -1.6897653602691838, "similarity": 0, "_step": 21, "_runtime": 4379, "_timestamp": 1610961494, "Table of best SMILES": {"_type": "table-file", "path": "media/table/Table of best SMILES_20_41f543ce.table.json", "sha256": "41f543cef805efc0bfa3a3f6c22a1f28780b14fe2399fcd53dad7c58a76b74ca", "size": 4097, "ncols": 5, "nrows": 20}, "improvement": 0.0, "original_score": -1.6897653602691838, "new_score": -1.6897653602691838, "improved": false}