{"fitness": 0.6445020852047812, "similarity": 0, "_step": 21, "_runtime": 792, "_timestamp": 1610346761, "Table of best SMILES": {"_type": "table-file", "path": "media/table/Table of best SMILES_20_19289a95.table.json", "sha256": "19289a9542262b0a31de49f71c77b360dddcf11d128ba2ea36ee3b1f26d62c38", "size": 5780, "ncols": 5, "nrows": 20}, "improvement": 2.3673356293786147, "original_score": -1.7228335441738336, "new_score": 0.6445020852047812, "improved": true}