{"fitness": 33.27345339127591, "fitness_no_discr": -0.307767460582296, "_step": 42, "_runtime": 2050, "_timestamp": 1610032348, "graph_0": {"_type": "graph-file", "path": "media/graph/graph_0_summary_bcb05014.graph.json", "sha256": "bcb050143b8507ab05a2c973bfd4cf46c6f564526e919b06e40bb95bf9926fba", "size": 723}}