{"fitness": 0.3651484171140087, "similarity": 0, "_step": 21, "_runtime": 932, "_timestamp": 1610862880, "Table of best SMILES": {"_type": "table-file", "path": "media/table/Table of best SMILES_20_8744ed38.table.json", "sha256": "8744ed389fa67767974016899da86a6f9e9111efeeebc065ee9c28b1accfb365", "size": 6736, "ncols": 5, "nrows": 20}, "improvement": 3.464466994743265, "original_score": -3.099318577629256, "new_score": 0.3651484171140087, "improved": true}