{"fitness": 2.658791696333248, "similarity": 0, "_step": 21, "_runtime": 1316, "_timestamp": 1610161992, "Table of best SMILES": {"_type": "table-file", "path": "media/table/Table of best SMILES_20_7cc54740.table.json", "sha256": "7cc54740adca9d03dce61c9316fbdd8599bee9da508003e818c8513c581a1cb8", "size": 4332, "ncols": 5, "nrows": 20}, "improvement": 4.635274932469606, "original_score": -1.9764832361363582, "new_score": 2.658791696333248, "improved": true}