{"fitness": 3.247408493686655, "similarity": 0, "_step": 21, "_runtime": 1062, "_timestamp": 1610980721, "Table of best SMILES": {"_type": "table-file", "path": "media/table/Table of best SMILES_20_52dd3b4c.table.json", "sha256": "52dd3b4c1123d22ded2cb10cf95f6dd2d94681f89a09d1350db9a735316f107c", "size": 6791, "ncols": 5, "nrows": 20}, "improvement": 4.925876102095743, "original_score": -1.6784676084090877, "new_score": 3.247408493686655, "improved": true}