{"fitness": -2.5181338871323455, "similarity": 0, "_step": 21, "_runtime": 1119, "_timestamp": 1610439618, "Table of best SMILES": {"_type": "table-file", "path": "media/table/Table of best SMILES_20_aaf44bcb.table.json", "sha256": "aaf44bcb5d9a8ae04ba0784316024688df88a95081ba4e43ecbc2a7dd65457f9", "size": 5221, "ncols": 5, "nrows": 20}, "improvement": 0.6626524604330086, "original_score": -3.180786347565354, "new_score": -2.5181338871323455, "improved": true}