{"fitness": -0.2815607676403211, "similarity": 0, "_step": 21, "_runtime": 1155, "_timestamp": 1610465044, "Table of best SMILES": {"_type": "table-file", "path": "media/table/Table of best SMILES_20_8cfecbdc.table.json", "sha256": "8cfecbdc9c5bb8050339fa3645c304765d568981ddded99db9e36aa53c8f7180", "size": 6465, "ncols": 5, "nrows": 20}, "improvement": 2.2874355526766417, "original_score": -2.0601403115008754, "new_score": 0.22729524117576608, "improved": true}