{"fitness": -1.4345650670515486, "similarity": 0, "_step": 21, "_runtime": 760, "_timestamp": 1610269236, "Table of best SMILES": {"_type": "table-file", "path": "media/table/Table of best SMILES_20_9782c73d.table.json", "sha256": "9782c73d70e1784d57520bca806a605906adde0d8ece865567129f56909b2185", "size": 4776, "ncols": 5, "nrows": 20}, "improvement": 0.9660014650338951, "original_score": -2.4005665320854437, "new_score": -1.4345650670515486, "improved": true}