{"fitness": 1.1355754952323935, "similarity": 0, "_step": 21, "_runtime": 838, "_timestamp": 1610369809, "Table of best SMILES": {"_type": "table-file", "path": "media/table/Table of best SMILES_20_836e79da.table.json", "sha256": "836e79da0cb14d5721a7dbf3509dc26dd48a0391c1b74af39405cb9361ad2bd0", "size": 6279, "ncols": 5, "nrows": 20}, "improvement": 3.2936186805522145, "original_score": -2.158043185319821, "new_score": 1.1355754952323935, "improved": true}