{"fitness": 1.8327603509078858, "similarity": 0, "_step": 21, "_runtime": 2553, "_timestamp": 1611096087, "Table of best SMILES": {"_type": "table-file", "path": "media/table/Table of best SMILES_20_869a46bb.table.json", "sha256": "869a46bbff91dcfb7540c736e441d50cffaa2aa3f9acb4084c5c045d487d15b5", "size": 5266, "ncols": 5, "nrows": 20}, "improvement": 2.9177817575186644, "original_score": -1.0850214066107784, "new_score": 1.8327603509078858, "improved": true}