{"fitness": -1.9366813045158702, "similarity": 0, "_step": 21, "_runtime": 763, "_timestamp": 1610309562, "Table of best SMILES": {"_type": "table-file", "path": "media/table/Table of best SMILES_20_188781a0.table.json", "sha256": "188781a02f9e0d72355c704fe9fd9181261aafa58f2647db9b262a2489f29da2", "size": 4350, "ncols": 5, "nrows": 20}, "improvement": 0.7361552195744359, "original_score": -2.672836524090306, "new_score": -1.9366813045158702, "improved": true}