{"fitness": 1.2907350894724972, "similarity": 0, "_step": 21, "_runtime": 862, "_timestamp": 1610857368, "Table of best SMILES": {"_type": "table-file", "path": "media/table/Table of best SMILES_20_0c5a82ec.table.json", "sha256": "0c5a82ecd95840989ac71ddb6cc0713c20dcdb2096be11ce04fc362f4d330913", "size": 4079, "ncols": 5, "nrows": 20}, "improvement": 2.9394246488767433, "original_score": -1.6486895594042459, "new_score": 1.2907350894724972, "improved": true}