{"fitness": -0.45249417086293153, "similarity": 0, "_step": 21, "_runtime": 788, "_timestamp": 1610333546, "Table of best SMILES": {"_type": "table-file", "path": "media/table/Table of best SMILES_20_14f54a09.table.json", "sha256": "14f54a097232bf8b3b89af94dfd967698feeb1fdb52db7f8f131ed4b87f03013", "size": 6710, "ncols": 5, "nrows": 20}, "improvement": 1.911410188410294, "original_score": -2.3639043592732256, "new_score": -0.45249417086293153, "improved": true}