{"fitness": -0.18566354036799163, "similarity": 0, "_step": 21, "_runtime": 3721, "_timestamp": 1610880676, "Table of best SMILES": {"_type": "table-file", "path": "media/table/Table of best SMILES_20_9217b2a4.table.json", "sha256": "9217b2a4fab049b12053f48f971c9d25832963225ed31836a38e9932a695a583", "size": 4779, "ncols": 5, "nrows": 20}, "improvement": 2.0419680736342456, "original_score": -2.227631614002237, "new_score": -0.18566354036799163, "improved": true}