{"fitness": -0.5349710309093325, "similarity": 0, "_step": 21, "_runtime": 818, "_timestamp": 1610214096, "Table of best SMILES": {"_type": "table-file", "path": "media/table/Table of best SMILES_20_653c7b70.table.json", "sha256": "653c7b70221b2290271774228fa752a737bbf8d96b6e8f0730a9466a9aa4b881", "size": 3844, "ncols": 5, "nrows": 20}, "improvement": 1.5536843275896217, "original_score": -2.0886553584989542, "new_score": -0.5349710309093325, "improved": true}