{"fitness": 588.9308109918653, "fitness_no_discr": -1.4373595119423275, "_step": 44, "_runtime": 2157, "_timestamp": 1610032373, "graph_0": {"_type": "graph-file", "path": "media/graph/graph_0_summary_2259787e.graph.json", "sha256": "2259787e5d4a7905ab55356e770ad7ef13bb29229c35ed308536f749c749951b", "size": 723}}