{"fitness": 1.0700844481954432, "similarity": 0, "_step": 21, "_runtime": 869, "_timestamp": 1611087939, "Table of best SMILES": {"_type": "table-file", "path": "media/table/Table of best SMILES_20_cfee0175.table.json", "sha256": "cfee01751305f0e078ff4c6aadbc09095e29e67dc624d7e13fc1faa4c320c847", "size": 4073, "ncols": 5, "nrows": 20}, "improvement": 3.579367714377451, "original_score": -2.5092832661820075, "new_score": 1.0700844481954432, "improved": true}