{"fitness": 0.03149015704471117, "similarity": 0, "_step": 21, "_runtime": 2636, "_timestamp": 1611122038, "Table of best SMILES": {"_type": "table-file", "path": "media/table/Table of best SMILES_20_5ff5943f.table.json", "sha256": "5ff5943f880441b84e1e7423368a2a8810237b4cf3a4370a3f623d6df871b141", "size": 7861, "ncols": 5, "nrows": 20}, "improvement": 1.2971038789745084, "original_score": -1.2656137219297972, "new_score": 0.03149015704471117, "improved": true}