{"fitness": -999994.8551939914, "similarity": -1000000, "_step": 21, "_runtime": 1204, "_timestamp": 1610139792, "Table of best SMILES": {"_type": "table-file", "path": "media/table/Table of best SMILES_20_0137c5c5.table.json", "sha256": "0137c5c53cdfb893658f3096294711cdafb4bea15734cad25b1c2ef9ada1be69", "size": 6365, "ncols": 5, "nrows": 20}, "improvement": 7.783213586080819, "original_score": -1000002.6384075775, "new_score": -999994.8551939914, "improved": true}