{"fitness": -0.3396750672898303, "similarity": 0, "_step": 21, "_runtime": 821, "_timestamp": 1610217248, "Table of best SMILES": {"_type": "table-file", "path": "media/table/Table of best SMILES_20_ac81a138.table.json", "sha256": "ac81a13889d5c066bf0f8d8ef59d85397b3c84ef187d8aec3bfeb4bee6c777e5", "size": 4933, "ncols": 5, "nrows": 20}, "improvement": 5.365997414599525, "original_score": -5.705672481889355, "new_score": -0.3396750672898303, "improved": true}