{"fitness": 2.338415073619396, "similarity": 0, "_step": 21, "_runtime": 1060, "_timestamp": 1610992197, "Table of best SMILES": {"_type": "table-file", "path": "media/table/Table of best SMILES_20_24479982.table.json", "sha256": "244799825856b85ecd54ecb947e2fae8ecf6191ae4c1afa4642de269ece604d9", "size": 5254, "ncols": 5, "nrows": 20}, "improvement": 3.9852995633847144, "original_score": -1.6468844897653185, "new_score": 2.338415073619396, "improved": true}