{"fitness": -1.0768727917174639, "similarity": 0, "_step": 21, "_runtime": 747, "_timestamp": 1610198588, "Table of best SMILES": {"_type": "table-file", "path": "media/table/Table of best SMILES_20_7215cdf7.table.json", "sha256": "7215cdf73ed2f39a944731289da2229604df1c1a287b8ea32c2c70bfafdaade7", "size": 5101, "ncols": 5, "nrows": 20}, "improvement": 0.9124992828987126, "original_score": -1.9893720746161765, "new_score": -1.0768727917174639, "improved": true}