{"fitness": -0.47270264715038224, "similarity": 0, "_step": 21, "_runtime": 756, "_timestamp": 1611034837, "Table of best SMILES": {"_type": "table-file", "path": "media/table/Table of best SMILES_20_178d0c5e.table.json", "sha256": "178d0c5e56774dea06837df8c524a60b94d4c9034a7b62085fd88ce4b182dd4b", "size": 6798, "ncols": 5, "nrows": 20}, "improvement": 2.9598834277793133, "original_score": -3.4325860749296955, "new_score": -0.47270264715038224, "improved": true}