{"fitness": -999994.2402529387, "similarity": -1000000, "_step": 21, "_runtime": 828, "_timestamp": 1610220684, "Table of best SMILES": {"_type": "table-file", "path": "media/table/Table of best SMILES_20_972b3f1b.table.json", "sha256": "972b3f1be862952204eb8b5606ce1fe6dd16dc8d301ce71426b6a59804a44e2e", "size": 7542, "ncols": 5, "nrows": 20}, "improvement": 8.454966399935074, "original_score": -1000002.6952193386, "new_score": -999994.2402529387, "improved": true}