{"fitness": -999998.565353526, "similarity": -1000000, "_step": 21, "_runtime": 334, "_timestamp": 1610245393, "Table of best SMILES": {"_type": "table-file", "path": "media/table/Table of best SMILES_20_ecb2650e.table.json", "sha256": "ecb2650eceeccece60bd88014ed944496c28fae60e1c6068be4c9dc4a9c8c81e", "size": 7362, "ncols": 5, "nrows": 20}, "improvement": 4.832892787642777, "original_score": -1000003.3982463137, "new_score": -999998.565353526, "improved": true}