{"fitness": 2.415101019360839, "similarity": 0, "_step": 21, "_runtime": 1022, "_timestamp": 1610950370, "Table of best SMILES": {"_type": "table-file", "path": "media/table/Table of best SMILES_20_5696f6af.table.json", "sha256": "5696f6af2823e3e73e2c96ea60b5a6fecd26c8cdf2cbff7b735ffd3362fdebb6", "size": 6873, "ncols": 5, "nrows": 20}, "improvement": 4.2829281247342, "original_score": -1.7270363936261128, "new_score": 2.5558917311080873, "improved": true}