{"fitness": 0.05666709933181438, "similarity": 0, "_step": 21, "_runtime": 742, "_timestamp": 1611012820, "Table of best SMILES": {"_type": "table-file", "path": "media/table/Table of best SMILES_20_4e82eb72.table.json", "sha256": "4e82eb7239aa4c8d0495e3955c2eea481837bdea3d70a8bf8ff83510f755c18d", "size": 4204, "ncols": 5, "nrows": 20}, "improvement": 2.481454246017534, "original_score": -2.42478714668572, "new_score": 0.05666709933181438, "improved": true}