{"fitness": -3.744590943634312, "similarity": 0, "_step": 21, "_runtime": 757, "_timestamp": 1610308796, "Table of best SMILES": {"_type": "table-file", "path": "media/table/Table of best SMILES_20_184eac9d.table.json", "sha256": "184eac9d865bc643168ef651cd0b4ef9a754518c1a68f8977bf73e69a92d9828", "size": 4903, "ncols": 5, "nrows": 20}, "improvement": 0.0, "original_score": -3.744590943634312, "new_score": -3.744590943634312, "improved": false}