{"fitness": -2.8655355321000235, "similarity": 0, "_step": 21, "_runtime": 779, "_timestamp": 1610270809, "Table of best SMILES": {"_type": "table-file", "path": "media/table/Table of best SMILES_20_287b96a0.table.json", "sha256": "287b96a0c63ff83b34a83c5394b358db9e5c6fa02699ddd27788f0a39e7a7e77", "size": 6606, "ncols": 5, "nrows": 20}, "improvement": 2.347356700191894, "original_score": -4.49616685255729, "new_score": -2.1488101523653964, "improved": true}