{"fitness": -1.0610508709564568, "similarity": 0, "_step": 21, "_runtime": 760, "_timestamp": 1610187846, "Table of best SMILES": {"_type": "table-file", "path": "media/table/Table of best SMILES_20_69c50453.table.json", "sha256": "69c504536a243b86b1aa245f85d8ebc52c43b850d202096b562346f796c715ef", "size": 7509, "ncols": 5, "nrows": 20}, "improvement": 2.3371954426790715, "original_score": -3.398246313635528, "new_score": -1.0610508709564568, "improved": true}