{"fitness": -0.14291965455933517, "similarity": 0, "_step": 21, "_runtime": 1296, "_timestamp": 1610167223, "Table of best SMILES": {"_type": "table-file", "path": "media/table/Table of best SMILES_20_4390e09b.table.json", "sha256": "4390e09bbd1bd208e8bb1391d5c5c78b48e3fb1d9e53633b7dd829a26c7dcda4", "size": 5532, "ncols": 5, "nrows": 20}, "improvement": 2.7515376576858834, "original_score": -2.8944573122452186, "new_score": -0.14291965455933517, "improved": true}