{"fitness": -2.0769200134981234, "similarity": 0, "_step": 21, "_runtime": 849, "_timestamp": 1610378169, "Table of best SMILES": {"_type": "table-file", "path": "media/table/Table of best SMILES_20_f558f9fb.table.json", "sha256": "f558f9fbcb7d7e36096872d6e2781e65189b8f292a431ab4c5093789a3e3a443", "size": 4354, "ncols": 5, "nrows": 20}, "improvement": 1.4284643049957317, "original_score": -3.505384318493855, "new_score": -2.0769200134981234, "improved": true}