{"fitness": 1.7097669656844723, "similarity": 0, "_step": 21, "_runtime": 803, "_timestamp": 1610208991, "Table of best SMILES": {"_type": "table-file", "path": "media/table/Table of best SMILES_20_d5caa316.table.json", "sha256": "d5caa316fe027a309c615c9231761aee68cb94b71e66790b897985f55849a6fb", "size": 4607, "ncols": 5, "nrows": 20}, "improvement": 4.068403478821633, "original_score": -2.3586365131371605, "new_score": 1.7097669656844723, "improved": true}