{"fitness": 1.1963581995863755, "similarity": 0, "_step": 21, "_runtime": 783, "_timestamp": 1610294128, "Table of best SMILES": {"_type": "table-file", "path": "media/table/Table of best SMILES_20_8b9cdd3a.table.json", "sha256": "8b9cdd3abed6cbd9ca95654282e07ddb69433dfbc998d08d52a0d7bafa2ea5da", "size": 5219, "ncols": 5, "nrows": 20}, "improvement": 3.508721858854016, "original_score": -2.3123636592676404, "new_score": 1.1963581995863755, "improved": true}