{"fitness": 2.0624993791310597, "similarity": 0, "_step": 21, "_runtime": 1087, "_timestamp": 1610431970, "Table of best SMILES": {"_type": "table-file", "path": "media/table/Table of best SMILES_20_d85d2c0e.table.json", "sha256": "d85d2c0e4ce013cc5f07b89a98010f8a21f5c4ad4538f3cba63ad0ff36af4019", "size": 3093, "ncols": 5, "nrows": 20}, "improvement": 2.8787389175349736, "original_score": -0.8162395384039138, "new_score": 2.0624993791310597, "improved": true}