{"fitness": -999996.3033005017, "similarity": -1000000, "_step": 21, "_runtime": 2857, "_timestamp": 1610594631, "Table of best SMILES": {"_type": "table-file", "path": "media/table/Table of best SMILES_20_0bab1b42.table.json", "sha256": "0bab1b42919e539070f1d02170f8353c6b41513db08768feed3395807355eb1c", "size": 7560, "ncols": 5, "nrows": 20}, "improvement": 5.100938591524027, "original_score": -1000001.4042390932, "new_score": -999996.3033005017, "improved": true}