{"fitness": 0.8786811655690328, "similarity": 0, "_step": 21, "_runtime": 763, "_timestamp": 1610190919, "Table of best SMILES": {"_type": "table-file", "path": "media/table/Table of best SMILES_20_1b441612.table.json", "sha256": "1b441612d8ea3ee571c06b2f477aa99ef9e9288262664ff9b0b0e210449bfef6", "size": 4267, "ncols": 5, "nrows": 20}, "improvement": 4.841678057365758, "original_score": -3.9629968917967253, "new_score": 0.8786811655690328, "improved": true}