{"fitness": -1.8165300738680805, "similarity": 0, "_step": 21, "_runtime": 813, "_timestamp": 1610390772, "Table of best SMILES": {"_type": "table-file", "path": "media/table/Table of best SMILES_20_d130b501.table.json", "sha256": "d130b5016082502d9f4978a1e7596605ba286639d2c15fb117d7304682500831", "size": 7045, "ncols": 5, "nrows": 20}, "improvement": 0.0, "original_score": -1.8165300738680805, "new_score": -1.8165300738680805, "improved": false}