{"fitness": 2.3155134110445723, "similarity": 0, "_step": 21, "_runtime": 996, "_timestamp": 1611112492, "Table of best SMILES": {"_type": "table-file", "path": "media/table/Table of best SMILES_20_8bd0b053.table.json", "sha256": "8bd0b053983fffa683f23c0be631fb05eefc061dd7c57dec024dc7e5f9b3a729", "size": 7904, "ncols": 5, "nrows": 20}, "improvement": 3.475061072198379, "original_score": -1.1595476611538067, "new_score": 2.3155134110445723, "improved": true}