{"fitness": -999995.7826627697, "similarity": -1000000, "_step": 21, "_runtime": 2172, "_timestamp": 1610488252, "Table of best SMILES": {"_type": "table-file", "path": "media/table/Table of best SMILES_20_fdb2dfdb.table.json", "sha256": "fdb2dfdbaee6159cccc46130e349c230bdc08d573a33ab873cd10a5f6dc2a03f", "size": 7233, "ncols": 5, "nrows": 20}, "improvement": 7.86597126617562, "original_score": -1000003.6486340358, "new_score": -999995.7826627697, "improved": true}