{"fitness": 0.012656594454130504, "similarity": 0, "_step": 21, "_runtime": 894, "_timestamp": 1610847396, "Table of best SMILES": {"_type": "table-file", "path": "media/table/Table of best SMILES_20_5c8ab66c.table.json", "sha256": "5c8ab66c0440c081bbad62988aea123ba7998231fc4a997dcf3ac0269bf65426", "size": 3515, "ncols": 5, "nrows": 20}, "improvement": 3.7273096164631045, "original_score": -3.714653022008974, "new_score": 0.012656594454130504, "improved": true}