{"fitness": 0.7323050353582271, "similarity": 0, "_step": 21, "_runtime": 971, "_timestamp": 1610971374, "Table of best SMILES": {"_type": "table-file", "path": "media/table/Table of best SMILES_20_b83eaefe.table.json", "sha256": "b83eaefedcfe518c6048d5e5646baeb13d94377a16949ef809e1caa717b93936", "size": 4151, "ncols": 5, "nrows": 20}, "improvement": 4.000824229634198, "original_score": -3.2685191942759704, "new_score": 0.7323050353582271, "improved": true}