{"fitness": 2.3288987209065843, "similarity": 0, "_step": 21, "_runtime": 757, "_timestamp": 1611021170, "Table of best SMILES": {"_type": "table-file", "path": "media/table/Table of best SMILES_20_bbd3092e.table.json", "sha256": "bbd3092e7598968c319ba8b1ecbc99d489564723b74cdc3242244943dc80f5df", "size": 5260, "ncols": 5, "nrows": 20}, "improvement": 4.438080368323697, "original_score": -2.109181647417113, "new_score": 2.3288987209065843, "improved": true}