{"fitness": 0.9323832366222357, "similarity": 0, "_step": 21, "_runtime": 2549, "_timestamp": 1611090970, "Table of best SMILES": {"_type": "table-file", "path": "media/table/Table of best SMILES_20_bfa36385.table.json", "sha256": "bfa36385d5514e49edbcbfb5802da80f805fbeb63e5dfd9c6263645ac922d8ce", "size": 5694, "ncols": 5, "nrows": 20}, "improvement": 2.59946632304728, "original_score": -1.5395571256444438, "new_score": 1.0599091974028363, "improved": true}