{"fitness": 0.3775714479042611, "similarity": 0, "_step": 21, "_runtime": 2509, "_timestamp": 1610546279, "Table of best SMILES": {"_type": "table-file", "path": "media/table/Table of best SMILES_20_f210322b.table.json", "sha256": "f210322bff0b646a78a9b9057c21b087932ec25c8a15140eead561f18371175e", "size": 6726, "ncols": 5, "nrows": 20}, "improvement": 2.4184314901495734, "original_score": -2.0408600422453125, "new_score": 0.3775714479042611, "improved": true}