{"fitness": 1.038037435774493, "similarity": 0, "_step": 21, "_runtime": 949, "_timestamp": 1610928060, "Table of best SMILES": {"_type": "table-file", "path": "media/table/Table of best SMILES_20_381af218.table.json", "sha256": "381af2184feae870759ff95dd0d875a5e3248ec25133d3e2f215e282e0dd6d95", "size": 6611, "ncols": 5, "nrows": 20}, "improvement": 2.951056149720524, "original_score": -1.8640550225537964, "new_score": 1.0870011271667275, "improved": true}