{"fitness": -0.7417824568727399, "similarity": 0, "_step": 21, "_runtime": 762, "_timestamp": 1610304175, "Table of best SMILES": {"_type": "table-file", "path": "media/table/Table of best SMILES_20_8bfefa19.table.json", "sha256": "8bfefa198d8f63f04655c6f7fa4c6ca8b97c3f1c67ab123a40bbd2b01ffc70eb", "size": 5806, "ncols": 5, "nrows": 20}, "improvement": 0.8231163452404034, "original_score": -1.5648988021131434, "new_score": -0.7417824568727399, "improved": true}