{"fitness": 15.962582290720501, "fitness_no_discr": 21.80054802663944, "discriminator": 0.0011005422566086054, "_step": 500, "_runtime": 25618, "_timestamp": 1610058156, "graph_0": {"_type": "graph-file", "path": "media/graph/graph_0_summary_a0286dfd.graph.json", "sha256": "a0286dfd8ca16d1c8f7f412943b968857ecd298fc350400aeaee3e1459216b98", "size": 723}, "gradients/predict.bias": {"_type": "histogram", "values": [0.0, 0.0, 0.0, 0.0, 0.0, 0.0, 0.0, 0.0, 0.0, 0.0, 0.0, 0.0, 0.0, 0.0, 0.0, 0.0, 0.0, 0.0, 0.0, 0.0, 0.0, 0.0, 0.0, 0.0, 0.0, 0.0, 0.0, 0.0, 0.0, 0.0, 0.0, 0.0, 1.0, 0.0, 0.0, 0.0, 0.0, 0.0, 0.0, 0.0, 0.0, 0.0, 0.0, 0.0, 0.0, 0.0, 0.0, 0.0, 0.0, 0.0, 0.0, 0.0, 0.0, 0.0, 0.0, 0.0, 0.0, 0.0, 0.0, 0.0, 0.0, 0.0, 0.0, 0.0], "bins": [9.73903079284355e-05, 9.73903079284355e-05, 9.73903079284355e-05, 9.73903079284355e-05, 9.73903079284355e-05, 9.73903079284355e-05, 9.73903079284355e-05, 9.73903079284355e-05, 9.73903079284355e-05, 9.73903079284355e-05, 9.73903079284355e-05, 9.73903079284355e-05, 9.73903079284355e-05, 9.73903079284355e-05, 9.73903079284355e-05, 9.73903079284355e-05, 9.73903079284355e-05, 9.73903079284355e-05, 9.73903079284355e-05, 9.73903079284355e-05, 9.73903079284355e-05, 9.73903079284355e-05, 9.73903079284355e-05, 9.73903079284355e-05, 9.73903079284355e-05, 9.73903079284355e-05, 9.73903079284355e-05, 9.73903079284355e-05, 9.73903079284355e-05, 9.73903079284355e-05, 9.73903079284355e-05, 9.73903079284355e-05, 9.73903079284355e-05, 9.73903079284355e-05, 9.73903079284355e-05, 9.73903079284355e-05, 9.73903079284355e-05, 9.73903079284355e-05, 9.73903079284355e-05, 9.73903079284355e-05, 9.73903079284355e-05, 9.73903079284355e-05, 9.73903079284355e-05, 9.73903079284355e-05, 9.73903079284355e-05, 9.73903079284355e-05, 9.73903079284355e-05, 9.73903079284355e-05, 9.73903079284355e-05, 9.73903079284355e-05, 9.73903079284355e-05, 9.73903079284355e-05, 9.73903079284355e-05, 9.73903079284355e-05, 9.73903079284355e-05, 9.73903079284355e-05, 9.73903079284355e-05, 9.73903079284355e-05, 9.73903079284355e-05, 9.73903079284355e-05, 9.73903079284355e-05, 9.73903079284355e-05, 9.73903079284355e-05, 9.73903079284355e-05, 9.73903079284355e-05]}, "gradients/predict.weight": {"_type": "histogram", "values": [6.0, 0.0, 0.0, 0.0, 0.0, 0.0, 0.0, 0.0, 0.0, 0.0, 0.0, 0.0, 0.0, 0.0, 0.0, 0.0, 0.0, 0.0, 0.0, 0.0, 0.0, 0.0, 0.0, 0.0, 0.0, 0.0, 0.0, 0.0, 0.0, 0.0, 0.0, 0.0, 0.0, 0.0, 0.0, 0.0, 0.0, 0.0, 0.0, 0.0, 0.0, 0.0, 0.0, 0.0, 0.0, 0.0, 0.0, 0.0, 0.0, 0.0, 0.0, 0.0, 0.0, 0.0, 0.0, 0.0, 0.0, 0.0, 0.0, 0.0, 0.0, 0.0, 0.0, 4.0], "bins": [-0.0005296276067383587, -0.0005114898667670786, -0.0004933520685881376, -0.00047521432861685753, -0.00045707658864557743, -0.00043893884867429733, -0.0004208010795991868, -0.0004026633105240762, -0.0003845255705527961, -0.00036638783058151603, -0.00034825006150640547, -0.0003301122924312949, -0.0003119745524600148, -0.0002938368124887347, -0.00027569904341362417, -0.0002575612743385136, -0.00023942353436723351, -0.00022128579439595342, -0.00020314802532084286, -0.0001850102562457323, -0.0001668725162744522, -0.0001487347763031721, -0.00013059700722806156, -0.000112459238152951, -9.43214981816709e-05, -7.61837582103908e-05, -5.804598913528025e-05, -3.99082200601697e-05, -2.17704800888896e-05, -3.632740117609501e-06, 1.450505806133151e-05, 3.264279803261161e-05, 5.0780538003891706e-05, 6.89182779751718e-05, 8.70560179464519e-05, 0.00010519381612539291, 0.000123331556096673, 0.0001414692960679531, 0.00015960709424689412, 0.00017774483421817422, 0.00019588257418945432, 0.00021402031416073442, 0.0002321580541320145, 0.0002502958523109555, 0.0002684335922822356, 0.0002865713322535157, 0.00030470913043245673, 0.00032284687040373683, 0.00034098461037501693, 0.000359122350346297, 0.0003772600903175771, 0.00039539788849651814, 0.00041353562846779823, 0.00043167336843907833, 0.00044981116661801934, 0.00046794890658929944, 0.00048608664656057954, 0.0005042243865318596, 0.0005223621265031397, 0.0005404998664744198, 0.0005586377228610218, 0.0005767754628323019, 0.000594913202803582, 0.000613050942774862, 0.0006311886827461421]}, "gradients/hidden.1.bias": {"_type": "histogram", "values": [1.0, 0.0, 1.0, 1.0, 1.0, 1.0, 0.0, 0.0, 0.0, 0.0, 0.0, 0.0, 0.0, 0.0, 0.0, 0.0, 0.0, 0.0, 0.0, 1.0, 0.0, 0.0, 0.0, 0.0, 0.0, 0.0, 0.0, 0.0, 0.0, 0.0, 0.0, 0.0, 0.0, 0.0, 0.0, 0.0, 0.0, 0.0, 0.0, 0.0, 0.0, 0.0, 0.0, 1.0, 1.0, 0.0, 0.0, 0.0, 0.0, 0.0, 0.0, 0.0, 0.0, 0.0, 0.0, 0.0, 0.0, 0.0, 0.0, 0.0, 1.0, 0.0, 0.0, 1.0], "bins": [-1.6270179230559734e-06, -1.5809118849574588e-06, -1.5348057331721066e-06, -1.488699695073592e-06, -1.4425936569750775e-06, -1.3964875051897252e-06, -1.3503814670912107e-06, -1.3042754289926961e-06, -1.2581692772073438e-06, -1.2120632391088293e-06, -1.1659572010103147e-06, -1.1198510492249625e-06, -1.073745011126448e-06, -1.0276389730279334e-06, -9.815328212425811e-07, -9.354268399874854e-07, -8.89320745045552e-07, -8.432146501036186e-07, -7.971086120051041e-07, -7.510025170631707e-07, -7.048964789646561e-07, -6.587903271793039e-07, -6.126842890807893e-07, -5.665782509822748e-07, -5.204720991969225e-07, -4.7436606109840795e-07, -4.282600229998934e-07, -3.8215398490137886e-07, -3.360478331160266e-07, -2.8994179501751205e-07, -2.438357569189975e-07, -1.9772960513364524e-07, -1.516235670351307e-07, -1.0551752893661615e-07, -5.941137715126388e-08, -1.3305339052749332e-08, 3.2800699045765214e-08, 7.890685083111748e-08, 1.2501288892963203e-07, 1.7111892702814657e-07, 2.1722496512666112e-07, 2.633311169120134e-07, 3.0943726869736565e-07, 3.555431931090425e-07, 4.0164934489439474e-07, 4.47755496679747e-07, 4.938614210914238e-07, 5.399675728767761e-07, 5.860737246621284e-07, 6.321796490738052e-07, 6.782858008591575e-07, 7.243917252708343e-07, 7.704978770561866e-07, 8.166040288415388e-07, 8.627099532532156e-07, 9.088161050385679e-07, 9.549222568239202e-07, 1.001028181235597e-06, 1.0471343330209493e-06, 1.0932404848063015e-06, 1.1393464092179784e-06, 1.1854525610033306e-06, 1.231558712788683e-06, 1.2776646372003597e-06, 1.323770788985712e-06]}, "gradients/hidden.1.weight": {"_type": "histogram", "values": [11.0, 69.0, 95.0, 76.0, 41.0, 2.0, 0.0, 0.0, 0.0, 0.0, 0.0, 0.0, 0.0, 0.0, 0.0, 0.0, 1.0, 7.0, 14.0, 35.0, 42.0, 19.0, 10.0, 27.0, 25.0, 21.0, 3.0, 0.0, 0.0, 0.0, 0.0, 0.0, 0.0, 0.0, 0.0, 0.0, 1.0, 16.0, 19.0, 18.0, 17.0, 13.0, 31.0, 52.0, 24.0, 5.0, 0.0, 0.0, 0.0, 0.0, 0.0, 0.0, 0.0, 0.0, 0.0, 0.0, 0.0, 6.0, 45.0, 82.0, 84.0, 47.0, 28.0, 14.0],