{"fitness": -0.9861060249978202, "similarity": 0, "_step": 21, "_runtime": 3670, "_timestamp": 1610843501, "Table of best SMILES": {"_type": "table-file", "path": "media/table/Table of best SMILES_20_8a5349a6.table.json", "sha256": "8a5349a67f64a6f2cac2bfc976f115248cf00bec4869a3eb7d6099be28d2a7a8", "size": 5836, "ncols": 5, "nrows": 20}, "improvement": 0.6313576818878974, "original_score": -1.6174637068857176, "new_score": -0.9861060249978202, "improved": true}