{"fitness": -1.3703733057966898, "similarity": 0, "_step": 21, "_runtime": 2418, "_timestamp": 1611043384, "Table of best SMILES": {"_type": "table-file", "path": "media/table/Table of best SMILES_20_d226ecc8.table.json", "sha256": "d226ecc80b40b69485e646e91de0746d7d97ecfb77c3345df55ee0120c0ccc3a", "size": 4451, "ncols": 5, "nrows": 20}, "improvement": 2.573798393271061, "original_score": -3.9441716990677507, "new_score": -1.3703733057966898, "improved": true}