{"fitness": 1.8067811126112032, "similarity": 0, "_step": 21, "_runtime": 928, "_timestamp": 1610884170, "Table of best SMILES": {"_type": "table-file", "path": "media/table/Table of best SMILES_20_908ab19d.table.json", "sha256": "908ab19d018e86dee72293ae05b2c0bbd86638c43fd52cb556f72e944ff16fc9", "size": 5529, "ncols": 5, "nrows": 20}, "improvement": 2.72178331171561, "original_score": -0.9150021991044066, "new_score": 1.8067811126112032, "improved": true}