{"fitness": -0.6252014003723342, "similarity": 0, "_step": 21, "_runtime": 3716, "_timestamp": 1610832524, "Table of best SMILES": {"_type": "table-file", "path": "media/table/Table of best SMILES_20_b96cd2b7.table.json", "sha256": "b96cd2b7ef84d1450e0087aa4086f935d0677f1e75a699027df07b7dfb0e0300", "size": 2824, "ncols": 5, "nrows": 20}, "improvement": 0.9934851433432971, "original_score": -1.6186865437156313, "new_score": -0.6252014003723342, "improved": true}