{"fitness": 0.7731097833599216, "similarity": 0, "_step": 21, "_runtime": 772, "_timestamp": 1610338206, "Table of best SMILES": {"_type": "table-file", "path": "media/table/Table of best SMILES_20_4c70fb91.table.json", "sha256": "4c70fb91a699d29a627ee1ed7f7ba55f7f6ed708643cf485fd44d67ca76724b5", "size": 6295, "ncols": 5, "nrows": 20}, "improvement": 2.701112102777717, "original_score": -1.9280023194177958, "new_score": 0.7731097833599216, "improved": true}