{"fitness": -2.214249136828863, "similarity": 0, "_step": 21, "_runtime": 792, "_timestamp": 1610228320, "Table of best SMILES": {"_type": "table-file", "path": "media/table/Table of best SMILES_20_2f8d64b4.table.json", "sha256": "2f8d64b4eca136b5cecab9cdb0100a2e4894e0ce04cb20eaf7e1464238a16138", "size": 4374, "ncols": 5, "nrows": 20}, "improvement": 0.7551511792690038, "original_score": -2.969400316097867, "new_score": -2.214249136828863, "improved": true}