{"fitness": -4.305844239165982, "similarity": 0, "_step": 21, "_runtime": 3648, "_timestamp": 1610748701, "Table of best SMILES": {"_type": "table-file", "path": "media/table/Table of best SMILES_20_421697c7.table.json", "sha256": "421697c7778ba3b38d28bdb6c9e06edd91751cd4bfaa3ceda5fa9354ac8bfadd", "size": 3536, "ncols": 5, "nrows": 20}, "improvement": 2.0546034471220747, "original_score": -6.360447686288056, "new_score": -4.305844239165982, "improved": true}