{"fitness": 1.8227349656136327, "similarity": 0, "_step": 21, "_runtime": 952, "_timestamp": 1610878546, "Table of best SMILES": {"_type": "table-file", "path": "media/table/Table of best SMILES_20_b74f64f3.table.json", "sha256": "b74f64f3acc36ed0cfe0563d139faac3492115cafab71b6bbb6e7c04c5cd91cc", "size": 8054, "ncols": 5, "nrows": 20}, "improvement": 5.010053074796064, "original_score": -3.1873181091824305, "new_score": 1.8227349656136327, "improved": true}