{"fitness": 18.802733447267517, "fitness_no_discr": 27.146752954073794, "discriminator": 0.0006261350936256349, "_step": 500, "_runtime": 25377, "_timestamp": 1610057910, "graph_0": {"_type": "graph-file", "path": "media/graph/graph_0_summary_31172453.graph.json", "sha256": "31172453a0198400c2b5c4895e40535a914d5b6359395f7cc62d3d9388bfb8ed", "size": 723}, "gradients/predict.bias": {"_type": "histogram", "values": [0.0, 0.0, 0.0, 0.0, 0.0, 0.0, 0.0, 0.0, 0.0, 0.0, 0.0, 0.0, 0.0, 0.0, 0.0, 0.0, 0.0, 0.0, 0.0, 0.0, 0.0, 0.0, 0.0, 0.0, 0.0, 0.0, 0.0, 0.0, 0.0, 0.0, 0.0, 0.0, 1.0, 0.0, 0.0, 0.0, 0.0, 0.0, 0.0, 0.0, 0.0, 0.0, 0.0, 0.0, 0.0, 0.0, 0.0, 0.0, 0.0, 0.0, 0.0, 0.0, 0.0, 0.0, 0.0, 0.0, 0.0, 0.0, 0.0, 0.0, 0.0, 0.0, 0.0, 0.0], "bins": [-0.0011235311394557357, -0.0011235311394557357, -0.0011235311394557357, -0.0011235311394557357, -0.0011235311394557357, -0.0011235311394557357, -0.0011235311394557357, -0.0011235311394557357, -0.0011235311394557357, -0.0011235311394557357, -0.0011235311394557357, -0.0011235311394557357, -0.0011235311394557357, -0.0011235311394557357, -0.0011235311394557357, -0.0011235311394557357, -0.0011235311394557357, -0.0011235311394557357, -0.0011235311394557357, -0.0011235311394557357, -0.0011235311394557357, -0.0011235311394557357, -0.0011235311394557357, -0.0011235311394557357, -0.0011235311394557357, -0.0011235311394557357, -0.0011235311394557357, -0.0011235311394557357, -0.0011235311394557357, -0.0011235311394557357, -0.0011235311394557357, -0.0011235311394557357, -0.0011235311394557357, -0.0011235311394557357, -0.0011235311394557357, -0.0011235311394557357, -0.0011235311394557357, -0.0011235311394557357, -0.0011235311394557357, -0.0011235311394557357, -0.0011235311394557357, -0.0011235311394557357, -0.0011235311394557357, -0.0011235311394557357, -0.0011235311394557357, -0.0011235311394557357, -0.0011235311394557357, -0.0011235311394557357, -0.0011235311394557357, -0.0011235311394557357, -0.0011235311394557357, -0.0011235311394557357, -0.0011235311394557357, -0.0011235311394557357, -0.0011235311394557357, -0.0011235311394557357, -0.0011235311394557357, -0.0011235311394557357, -0.0011235311394557357, -0.0011235311394557357, -0.0011235311394557357, -0.0011235311394557357, -0.0011235311394557357, -0.0011235311394557357, -0.0011235311394557357]}, "gradients/predict.weight": {"_type": "histogram", "values": [4.0, 0.0, 0.0, 0.0, 0.0, 0.0, 0.0, 0.0, 0.0, 0.0, 0.0, 0.0, 0.0, 0.0, 0.0, 0.0, 0.0, 0.0, 0.0, 0.0, 0.0, 0.0, 0.0, 0.0, 0.0, 0.0, 0.0, 0.0, 0.0, 0.0, 0.0, 0.0, 0.0, 0.0, 0.0, 0.0, 0.0, 0.0, 0.0, 0.0, 0.0, 0.0, 0.0, 0.0, 0.0, 0.0, 0.0, 0.0, 0.0, 0.0, 0.0, 0.0, 0.0, 0.0, 0.0, 0.0, 0.0, 0.0, 0.0, 0.0, 0.0, 0.0, 0.0, 6.0], "bins": [-0.0012041558511555195, -0.0011842409148812294, -0.0011643259786069393, -0.0011444109259173274, -0.0011244959896430373, -0.0011045810533687472, -0.0010846661170944571, -0.0010647510644048452, -0.0010448361281305552, -0.001024921191856265, -0.001005006255581975, -0.000985091319307685, -0.0009651763248257339, -0.0009452613303437829, -0.0009253463940694928, -0.0009054314577952027, -0.0008855164633132517, -0.0008656014688313007, -0.0008456865325570107, -0.0008257715962827206, -0.0008058566018007696, -0.0007859416655264795, -0.0007660266710445285, -0.0007461117347702384, -0.0007261967984959483, -0.0007062818040139973, -0.0006863668677397072, -0.0006664518732577562, -0.0006465369369834661, -0.0006266219425015152, -0.0006067070062272251, -0.0005867920117452741, -0.000566877075470984, -0.0005469621391966939, -0.0005270471447147429, -0.0005071322084404528, -0.0004872172139585018, -0.00046730227768421173, -0.00044738728320226073, -0.00042747234692797065, -0.00040755735244601965, -0.00038764241617172956, -0.0003677274798974395, -0.0003478124854154885, -0.0003278975491411984, -0.0003079825546592474, -0.0002880676183849573, -0.0002681526239030063, -0.00024823768762871623, -0.00022832275135442615, -0.00020840775687247515, -0.00018849282059818506, -0.00016857788432389498, -0.00014866283163428307, -0.00012874789535999298, -0.0001088329590857029, -8.891802281141281e-05, -6.900308653712273e-05, -4.9088033847510815e-05, -2.917309757322073e-05, -9.258161298930645e-06, 1.065677497535944e-05, 3.057182766497135e-05, 5.0486763939261436e-05, 7.040170021355152e-05]}, "gradients/hidden.1.bias": {"_type": "histogram", "values": [3.0, 0.0, 0.0, 1.0, 0.0, 0.0, 0.0, 0.0, 0.0, 0.0, 0.0, 0.0, 0.0, 0.0, 0.0, 0.0, 0.0, 0.0, 0.0, 0.0, 0.0, 0.0, 0.0, 0.0, 0.0, 0.0, 0.0, 0.0, 0.0, 0.0, 0.0, 0.0, 0.0, 0.0, 0.0, 0.0, 0.0, 0.0, 0.0, 0.0, 0.0, 0.0, 0.0, 0.0, 0.0, 0.0, 0.0, 0.0, 0.0, 0.0, 0.0, 0.0, 0.0, 0.0, 0.0, 0.0, 0.0, 0.0, 0.0, 0.0, 0.0, 0.0, 2.0, 4.0], "bins": [-0.00032587864552624524, -0.0003162776702083647, -0.0003066766948904842, -0.0002970757195726037, -0.00028747477335855365, -0.00027787379804067314, -0.0002682728227227926, -0.0002586718474049121, -0.0002490708720870316, -0.0002394698967691511, -0.00022986892145127058, -0.0002202679606853053, -0.00021066698536742479, -0.00020106601004954427, -0.000191465049283579, -0.00018186407396569848, -0.00017226309864781797, -0.00016266212332993746, -0.00015306114801205695, -0.00014346018724609166, -0.00013385921192821115, -0.00012425823661033064, -0.00011465727584436536, -0.00010505630052648485, -9.545532520860434e-05, -8.585434989072382e-05, -7.625337457284331e-05, -6.66523992549628e-05, -5.705145304091275e-05, -4.7450477723032236e-05, -3.7849502405151725e-05, -2.8248527087271214e-05, -1.8647551769390702e-05, -9.046576451510191e-06, 5.543988663703203e-07, 1.0155374184250832e-05, 1.9756349502131343e-05, 2.9357295716181397e-05, 3.895827103406191e-05, 4.855924635194242e-05, 5.816022166982293e-05, 6.776119698770344e-05, 7.736217230558395e-05, 8.696314762346447e-05, 9.656409383751452e-05, 0.00010616506915539503, 0.00011576604447327554, 0.00012536701979115605, 0.00013496799510903656, 0.00014456897042691708, 0.0001541699457447976, 0.00016377089195884764, 0.0001733718963805586, 0.00018297284259460866, 0.00019257384701631963, 0.0002021747932303697, 0.00021177573944441974, 0.0002213767438661307, 0.00023097769008018076, 0.00024057869450189173, 0.0002501796407159418, 0.00025978064513765275, 0.0002693815913517028, 0.0002789825957734138, 0.00028858354198746383]}, "gradients/hidden.1.weight": {"_type": "histogram", "values": [9.0, 0.0, 4.0, 20.0, 1.0, 41.0, 4.0, 5.0, 8.0, 0.0, 0.0, 0.0, 0.0, 0.0, 0.0, 0.0, 3.0, 15.0, 37.0, 42.0, 60.0, 68.0, 35.0, 11.0, 1.0, 0.0, 0.0, 11.0, 19.0, 0.0, 22.0, 2.0, 0.0, 0.0, 0.0, 0.0, 0.0, 13.0, 3.0, 9.0, 9.0, 2.0, 5.0, 25.0, 115.0, 89.0, 74.0, 70.0, 26.0, 4.0, 0.0, 0.0, 0.0, 0.0, 0.0, 0.0, 0.0, 20.0, 35.0, 35.0, 20.0, 12.0, 6.0, 10.0],