{"fitness": 0.6035208241349744, "similarity": 0, "_step": 21, "_runtime": 916, "_timestamp": 1610900965, "Table of best SMILES": {"_type": "table-file", "path": "media/table/Table of best SMILES_20_9db4edc1.table.json", "sha256": "9db4edc10ae5381b47137389938480d01be09a12416b4cd176b5aeb33d9b30b9", "size": 5549, "ncols": 5, "nrows": 20}, "improvement": 5.875915103166215, "original_score": -5.272394279031241, "new_score": 0.6035208241349744, "improved": true}