{"fitness": -2.1983732380731644, "similarity": 0, "_step": 21, "_runtime": 752, "_timestamp": 1611059362, "Table of best SMILES": {"_type": "table-file", "path": "media/table/Table of best SMILES_20_5b224aec.table.json", "sha256": "5b224aec58d765ff0b5a0c9bab169ce30a9958a38c6ce706419ba8191ac4c91f", "size": 4741, "ncols": 5, "nrows": 20}, "improvement": 4.008516704167173, "original_score": -6.206889942240338, "new_score": -2.1983732380731644, "improved": true}