{"fitness": -2.42036611395303, "similarity": 0, "_step": 21, "_runtime": 3457, "_timestamp": 1610775368, "Table of best SMILES": {"_type": "table-file", "path": "media/table/Table of best SMILES_20_c7c07304.table.json", "sha256": "c7c073047e11c3cc882700d46c54e50abdfb127e481ad9e55eb1f647d2e8d45f", "size": 4906, "ncols": 5, "nrows": 20}, "improvement": 1.5644018693238362, "original_score": -3.9847679832768663, "new_score": -2.42036611395303, "improved": true}