{"fitness": 0.09009747728317721, "similarity": 0, "_step": 21, "_runtime": 742, "_timestamp": 1611054157, "Table of best SMILES": {"_type": "table-file", "path": "media/table/Table of best SMILES_20_e9b36bf0.table.json", "sha256": "e9b36bf0fe02d2a9474763006dea1cf5242bd8f3d518c2815129d408d9763de8", "size": 7275, "ncols": 5, "nrows": 20}, "improvement": 3.8854725776088133, "original_score": -2.9088440828903326, "new_score": 0.9766284947184808, "improved": true}