{"fitness": -0.6457872020800925, "similarity": 0, "_step": 21, "_runtime": 786, "_timestamp": 1610259576, "Table of best SMILES": {"_type": "table-file", "path": "media/table/Table of best SMILES_20_4a71048e.table.json", "sha256": "4a71048ed58d4ca622fc7b0fc541791ef7f342e8d1425c703fc1ed196e52dcd3", "size": 5031, "ncols": 5, "nrows": 20}, "improvement": 1.140004487636947, "original_score": -1.7857916897170396, "new_score": -0.6457872020800925, "improved": true}