{"fitness": -0.6616963278840555, "similarity": 0, "_step": 21, "_runtime": 801, "_timestamp": 1610833120, "Table of best SMILES": {"_type": "table-file", "path": "media/table/Table of best SMILES_20_738c70d6.table.json", "sha256": "738c70d6b86ecc765cb40a66ab2375c110f2a8977bdf7742bb0987343695735d", "size": 3077, "ncols": 5, "nrows": 20}, "improvement": 1.0610164927102017, "original_score": -1.7227128205942572, "new_score": -0.6616963278840555, "improved": true}