{"fitness": -1.6330842035904134, "similarity": 0, "_step": 21, "_runtime": 2415, "_timestamp": 1611040962, "Table of best SMILES": {"_type": "table-file", "path": "media/table/Table of best SMILES_20_2fad7e92.table.json", "sha256": "2fad7e92e63dcbb87d2c1a364a01c3299cbac33b34eb269874191bc6576b55f2", "size": 6019, "ncols": 5, "nrows": 20}, "improvement": 0.7687374312188588, "original_score": -2.4018216348092722, "new_score": -1.6330842035904134, "improved": true}