{"fitness": -1.612800281044182, "similarity": 0, "_step": 21, "_runtime": 2677, "_timestamp": 1611143785, "Table of best SMILES": {"_type": "table-file", "path": "media/table/Table of best SMILES_20_2306a2bd.table.json", "sha256": "2306a2bd900e954673b7e9a9905eca6c68a008815e3586f2e0f3f0d148b9f7ee", "size": 5024, "ncols": 5, "nrows": 20}, "improvement": 0.9243562013607718, "original_score": -2.5371564824049537, "new_score": -1.612800281044182, "improved": true}