{"fitness": 2.7082151005684882, "similarity": 0, "_step": 21, "_runtime": 921, "_timestamp": 1610934674, "Table of best SMILES": {"_type": "table-file", "path": "media/table/Table of best SMILES_20_ded30c71.table.json", "sha256": "ded30c710b0e2aad1cd048c387982a6aa224266f6d496c49fcd924cfef7354a6", "size": 3882, "ncols": 5, "nrows": 20}, "improvement": 5.67278077049481, "original_score": -2.9645656699263214, "new_score": 2.7082151005684882, "improved": true}