{"fitness": -0.7385907209350419, "similarity": 0, "_step": 21, "_runtime": 1197, "_timestamp": 1610140992, "Table of best SMILES": {"_type": "table-file", "path": "media/table/Table of best SMILES_20_5d007053.table.json", "sha256": "5d007053874a744c57b7c320e9394bb6c96554cb6750d00baa8749cd1f2af193", "size": 3798, "ncols": 5, "nrows": 20}, "improvement": 1.77837321568354, "original_score": -2.0886553584989542, "new_score": -0.31028214281541433, "improved": true}