{"fitness": -2.1722325952430395, "similarity": 0, "_step": 21, "_runtime": 4323, "_timestamp": 1610900399, "Table of best SMILES": {"_type": "table-file", "path": "media/table/Table of best SMILES_20_a05ceabc.table.json", "sha256": "a05ceabc338a8a8bc5f24c4fda571800aec77bf30e001e06d271822121702b91", "size": 3645, "ncols": 5, "nrows": 20}, "improvement": 0.0, "original_score": -2.1722325952430395, "new_score": -2.1722325952430395, "improved": false}