{"fitness": -2.9404829593766695, "similarity": 0, "_step": 21, "_runtime": 3410, "_timestamp": 1611149892, "Table of best SMILES": {"_type": "table-file", "path": "media/table/Table of best SMILES_20_a0924722.table.json", "sha256": "a0924722fe0b4867e54c76258274d71b8d4c3d12f8cf661990a2bbc2f7df870d", "size": 3909, "ncols": 5, "nrows": 20}, "improvement": 0.0, "original_score": -2.9404829593766695, "new_score": -2.9404829593766695, "improved": false}