{"fitness": -1.0288051334521284, "similarity": 0, "_step": 21, "_runtime": 766, "_timestamp": 1610311106, "Table of best SMILES": {"_type": "table-file", "path": "media/table/Table of best SMILES_20_6b01e00a.table.json", "sha256": "6b01e00a4bae63d144b6b514882045a2326b6e7a8e9925ef628e56698cd00b94", "size": 3820, "ncols": 5, "nrows": 20}, "improvement": 2.4896872510262043, "original_score": -3.518492384478333, "new_score": -1.0288051334521284, "improved": true}