{"fitness": -1.2567906037504073, "similarity": 0, "_step": 21, "_runtime": 2517, "_timestamp": 1611078180, "Table of best SMILES": {"_type": "table-file", "path": "media/table/Table of best SMILES_20_2ad91849.table.json", "sha256": "2ad918494caeafed3c48961e1bc537ba60d3a0b9bc12af72ef07d27bbaef2019", "size": 4794, "ncols": 5, "nrows": 20}, "improvement": 3.092894662201796, "original_score": -4.349685265952203, "new_score": -1.2567906037504073, "improved": true}