{"fitness": -1.7419705191487698, "similarity": 0, "_step": 21, "_runtime": 981, "_timestamp": 1610423603, "Table of best SMILES": {"_type": "table-file", "path": "media/table/Table of best SMILES_20_fc0eead6.table.json", "sha256": "fc0eead695cc58fff32222f702c53994216d45f3cbf9860d073fd395a30b5ac4", "size": 5354, "ncols": 5, "nrows": 20}, "improvement": 0.8164194837181749, "original_score": -2.5583900028669446, "new_score": -1.7419705191487698, "improved": true}