{"fitness": 1.2897903075698793, "similarity": 0, "_step": 21, "_runtime": 4116, "_timestamp": 1610896071, "Table of best SMILES": {"_type": "table-file", "path": "media/table/Table of best SMILES_20_c1c3e06d.table.json", "sha256": "c1c3e06dbda724f83ce6765a5907c2e2f56f08befc0aa0acd31e75904fd15098", "size": 4763, "ncols": 5, "nrows": 20}, "improvement": 3.5084917084133758, "original_score": -2.2187014008434964, "new_score": 1.2897903075698793, "improved": true}