{"fitness": -1.514826275023328, "similarity": 0, "_step": 21, "_runtime": 772, "_timestamp": 1610341294, "Table of best SMILES": {"_type": "table-file", "path": "media/table/Table of best SMILES_20_31d1fc1c.table.json", "sha256": "31d1fc1c6424bbdcd12d681aa8c5f0455db07890c97e58ed7e99a90a7f7e1f47", "size": 6314, "ncols": 5, "nrows": 20}, "improvement": 1.3454678024536322, "original_score": -2.86029407747696, "new_score": -1.514826275023328, "improved": true}