{"fitness": -1.6072352330618147, "similarity": 0, "_step": 21, "_runtime": 2938, "_timestamp": 1610627335, "Table of best SMILES": {"_type": "table-file", "path": "media/table/Table of best SMILES_20_59df1e23.table.json", "sha256": "59df1e23130cac8f0b1c20018ea3c4307b5720e19fade00c6f0804131223a2ff", "size": 5290, "ncols": 5, "nrows": 20}, "improvement": 0.0, "original_score": -1.6072352330618147, "new_score": -1.6072352330618147, "improved": false}