{"fitness": 0.12262505180753183, "similarity": 0, "_step": 21, "_runtime": 768, "_timestamp": 1611033353, "Table of best SMILES": {"_type": "table-file", "path": "media/table/Table of best SMILES_20_7148aea7.table.json", "sha256": "7148aea757ab11d87e20c2ed9b9d5907761cc0477aafe385fe97e0feadb69093", "size": 7355, "ncols": 5, "nrows": 20}, "improvement": 2.013152791848496, "original_score": -1.890527740040964, "new_score": 0.12262505180753183, "improved": true}