{"fitness": -0.4853925903429581, "similarity": 0, "_step": 21, "_runtime": 759, "_timestamp": 1610325042, "Table of best SMILES": {"_type": "table-file", "path": "media/table/Table of best SMILES_20_52fbf5c4.table.json", "sha256": "52fbf5c4fb61363038004a062a5fd8da51d72e6494c1ab31a19081d4c3f02183", "size": 4899, "ncols": 5, "nrows": 20}, "improvement": 0.5385212682902114, "original_score": -1.0239138586331695, "new_score": -0.4853925903429581, "improved": true}