{"fitness": 1.2559998537509225, "similarity": 0, "_step": 21, "_runtime": 841, "_timestamp": 1610391616, "Table of best SMILES": {"_type": "table-file", "path": "media/table/Table of best SMILES_20_0879f0a7.table.json", "sha256": "0879f0a7f07c78562d614538280c96ca3256016755bd882fa52adb665f00be7c", "size": 4877, "ncols": 5, "nrows": 20}, "improvement": 2.2779242505816204, "original_score": -1.021924396830698, "new_score": 1.2559998537509225, "improved": true}