{"fitness": -0.3464157625928872, "similarity": 0, "_step": 21, "_runtime": 1015, "_timestamp": 1610413359, "Table of best SMILES": {"_type": "table-file", "path": "media/table/Table of best SMILES_20_fe42a3cc.table.json", "sha256": "fe42a3ccaf74027981bf5a954b5cbaaa4a2ecdbd0cab94ce3f21e5f19306a547", "size": 6081, "ncols": 5, "nrows": 20}, "improvement": 0.9450028259578618, "original_score": -1.291418588550749, "new_score": -0.3464157625928872, "improved": true}