{"fitness": 2.8297021758159366, "similarity": 0, "_step": 21, "_runtime": 909, "_timestamp": 1610901877, "Table of best SMILES": {"_type": "table-file", "path": "media/table/Table of best SMILES_20_16db89ea.table.json", "sha256": "16db89ea47368f20f766c08cf8ddb959d7d619f3bde6f0aab8911a1e73eacc5e", "size": 5381, "ncols": 5, "nrows": 20}, "improvement": 5.702568359342276, "original_score": -2.8728661835263396, "new_score": 2.8297021758159366, "improved": true}