{"fitness": 0.10883765245885638, "similarity": 0, "_step": 21, "_runtime": 774, "_timestamp": 1610299564, "Table of best SMILES": {"_type": "table-file", "path": "media/table/Table of best SMILES_20_e33286ed.table.json", "sha256": "e33286edc469136c04f769a959cf31d80eac1eb3028a6c966fcc5b0af583a135", "size": 7731, "ncols": 5, "nrows": 20}, "improvement": 3.8162804703677256, "original_score": -2.8688769987370693, "new_score": 0.9474034716306562, "improved": true}