{"fitness": -2.2894140101455345, "similarity": 0, "_step": 21, "_runtime": 785, "_timestamp": 1610328141, "Table of best SMILES": {"_type": "table-file", "path": "media/table/Table of best SMILES_20_49690520.table.json", "sha256": "49690520ed285c9866756cc3f9e46768ca5b57855ad17e1ebd10324f81b72a43", "size": 6588, "ncols": 5, "nrows": 20}, "improvement": 4.3546646253535295, "original_score": -6.556095987027781, "new_score": -2.201431361674252, "improved": true}