{"fitness": 1.9782367277056092, "similarity": 0, "_step": 21, "_runtime": 3101, "_timestamp": 1610662685, "Table of best SMILES": {"_type": "table-file", "path": "media/table/Table of best SMILES_20_e6e8bc69.table.json", "sha256": "e6e8bc690990a14846e6f3f66f9bfbe8f388884309069d810b1a4a81f57c2672", "size": 4578, "ncols": 5, "nrows": 20}, "improvement": 4.305078992370585, "original_score": -2.326842264664976, "new_score": 1.9782367277056092, "improved": true}