{"fitness": -999996.7677473761, "similarity": -1000000, "_step": 21, "_runtime": 1164, "_timestamp": 1610454578, "Table of best SMILES": {"_type": "table-file", "path": "media/table/Table of best SMILES_20_b93441d8.table.json", "sha256": "b93441d8f85775de4ac66ab8292414db89a1f38577485c1352a6842a6ba1994d", "size": 7674, "ncols": 5, "nrows": 20}, "improvement": 6.056879369192757, "original_score": -1000002.8246267453, "new_score": -999996.7677473761, "improved": true}