{"fitness": 1.0276948678583755, "similarity": 0, "_step": 21, "_runtime": 751, "_timestamp": 1611036358, "Table of best SMILES": {"_type": "table-file", "path": "media/table/Table of best SMILES_20_06e2b1a9.table.json", "sha256": "06e2b1a99bf8b388994c4060ff7a2b9cc3950b44074c5c46d83fb9eab25cfc90", "size": 6559, "ncols": 5, "nrows": 20}, "improvement": 2.7831487294656436, "original_score": -1.7554538616072681, "new_score": 1.0276948678583755, "improved": true}