{"fitness": 1.1752962059420733, "similarity": 0, "_step": 21, "_runtime": 870, "_timestamp": 1610871069, "Table of best SMILES": {"_type": "table-file", "path": "media/table/Table of best SMILES_20_7e190350.table.json", "sha256": "7e1903501165ac1666b05e0a0ca809ff8006f57224cf5abc761c43faac3fdc5a", "size": 4763, "ncols": 5, "nrows": 20}, "improvement": 2.0266900790250277, "original_score": -0.8513938730829544, "new_score": 1.1752962059420733, "improved": true}