{"fitness": -0.015703439711988593, "similarity": 0, "_step": 21, "_runtime": 748, "_timestamp": 1611043088, "Table of best SMILES": {"_type": "table-file", "path": "media/table/Table of best SMILES_20_3ac6cbe1.table.json", "sha256": "3ac6cbe1aa94c4a295fade23ae4c9487621dddaa12ea6fde11f2d6db40bedaa8", "size": 4254, "ncols": 5, "nrows": 20}, "improvement": 2.900583974297553, "original_score": -2.9162874140095414, "new_score": -0.015703439711988593, "improved": true}