{"fitness": -1.0768727917174639, "similarity": 0, "_step": 21, "_runtime": 909, "_timestamp": 1610894524, "Table of best SMILES": {"_type": "table-file", "path": "media/table/Table of best SMILES_20_cd52d2a7.table.json", "sha256": "cd52d2a7349745616f28387ca5d876c8e610a0cf011fc3b4737b829e31b525e4", "size": 5317, "ncols": 5, "nrows": 20}, "improvement": 0.9124992828987126, "original_score": -1.9893720746161765, "new_score": -1.0768727917174639, "improved": true}