{"fitness": 1.862211885970686, "similarity": 0, "_step": 21, "_runtime": 1073, "_timestamp": 1611003029, "Table of best SMILES": {"_type": "table-file", "path": "media/table/Table of best SMILES_20_cd751b3b.table.json", "sha256": "cd751b3b09a6951c3861bacfb9d9f55d34f51c0f01c9190fd1f0a3b97995c804", "size": 6281, "ncols": 5, "nrows": 20}, "improvement": 3.2631991927622845, "original_score": -1.4009873067915983, "new_score": 1.862211885970686, "improved": true}