{"fitness": 0.6992048648302703, "similarity": 0, "_step": 21, "_runtime": 780, "_timestamp": 1610321913, "Table of best SMILES": {"_type": "table-file", "path": "media/table/Table of best SMILES_20_67284854.table.json", "sha256": "67284854a2052bc06904a85af5f44c5a3965f5ced8703660bed6888ff5b4f3bc", "size": 5904, "ncols": 5, "nrows": 20}, "improvement": 3.382382593989967, "original_score": -2.3278593042457696, "new_score": 1.0545232897441976, "improved": true}