{"fitness": 2.1454583908754126, "similarity": 0, "_step": 21, "_runtime": 740, "_timestamp": 1611025731, "Table of best SMILES": {"_type": "table-file", "path": "media/table/Table of best SMILES_20_ebcb9fd2.table.json", "sha256": "ebcb9fd2e1c4fea219ea397a828eb85f62143d14ab43b9f4548f350e0f268056", "size": 3784, "ncols": 5, "nrows": 20}, "improvement": 5.590679475005739, "original_score": -3.445221084130327, "new_score": 2.1454583908754126, "improved": true}