{"fitness": 0.11326505937447298, "similarity": 0, "_step": 21, "_runtime": 741, "_timestamp": 1611018905, "Table of best SMILES": {"_type": "table-file", "path": "media/table/Table of best SMILES_20_8c64ceea.table.json", "sha256": "8c64ceea477b23373f4b57940b9a8843461f5edefd6712d0fb8cbbfd0ebd4eb9", "size": 5084, "ncols": 5, "nrows": 20}, "improvement": 2.2409886045323093, "original_score": -2.1277235451578362, "new_score": 0.11326505937447298, "improved": true}