{"fitness": -0.3118832214672116, "similarity": 0, "_step": 21, "_runtime": 786, "_timestamp": 1610294917, "Table of best SMILES": {"_type": "table-file", "path": "media/table/Table of best SMILES_20_b4712618.table.json", "sha256": "b471261824edf5ffd756b8b665f34f8a1191fedf926807b657f728652c588a58", "size": 5110, "ncols": 5, "nrows": 20}, "improvement": 1.6273766504127674, "original_score": -1.939259871879979, "new_score": -0.3118832214672116, "improved": true}