{"fitness": 2.9186182042180304, "similarity": 0, "_step": 21, "_runtime": 1279, "_timestamp": 1610153057, "Table of best SMILES": {"_type": "table-file", "path": "media/table/Table of best SMILES_20_31fe33ec.table.json", "sha256": "31fe33ec7a8fb08c94ad87f2bf5286835df7a9f0c1b69b6c17fdc2b2d86ed85d", "size": 7381, "ncols": 5, "nrows": 20}, "improvement": 4.6189776195216075, "original_score": -1.7003594153035773, "new_score": 2.9186182042180304, "improved": true}