{"fitness": 1.5147666325298763, "similarity": 0, "_step": 21, "_runtime": 802, "_timestamp": 1610216424, "Table of best SMILES": {"_type": "table-file", "path": "media/table/Table of best SMILES_20_5c11c391.table.json", "sha256": "5c11c391f5efeecd201fa7cca3a77d317bb1026f0adb0f698dcf0d4d36c28cbf", "size": 3944, "ncols": 5, "nrows": 20}, "improvement": 3.1634193837443085, "original_score": -1.6486527512144324, "new_score": 1.5147666325298763, "improved": true}