{"fitness": 0.5543866459427621, "similarity": 0, "_step": 21, "_runtime": 4572, "_timestamp": 1610975069, "Table of best SMILES": {"_type": "table-file", "path": "media/table/Table of best SMILES_20_5e957c5a.table.json", "sha256": "5e957c5a8fe87f78cbfc2d6209983dd588d037b5a094c70207d82194775eacb6", "size": 5365, "ncols": 5, "nrows": 20}, "improvement": 3.5828971296596706, "original_score": -3.0285104837169086, "new_score": 0.5543866459427621, "improved": true}