{"fitness": 1.4259130488424832, "similarity": 0, "_step": 21, "_runtime": 820, "_timestamp": 1610387439, "Table of best SMILES": {"_type": "table-file", "path": "media/table/Table of best SMILES_20_a568a106.table.json", "sha256": "a568a1060bea3a37efecdab39ba5e36120571221e387985f0cf664e09f86f66b", "size": 3980, "ncols": 5, "nrows": 20}, "improvement": 2.8961932927075797, "original_score": -1.4702802438650966, "new_score": 1.4259130488424832, "improved": true}