{"fitness": -999994.1502975936, "similarity": -1000000, "_step": 21, "_runtime": 4652, "_timestamp": 1610988886, "Table of best SMILES": {"_type": "table-file", "path": "media/table/Table of best SMILES_20_990a8fc3.table.json", "sha256": "990a8fc397036b0e3c7b9889ba46b38e5bf20cdda9f783eae408ff7440450e10", "size": 6055, "ncols": 5, "nrows": 20}, "improvement": 9.613235332421027, "original_score": -1000003.763532926, "new_score": -999994.1502975936, "improved": true}