{"fitness": 3.4786017587926805, "similarity": 0, "_step": 21, "_runtime": 951, "_timestamp": 1611102664, "Table of best SMILES": {"_type": "table-file", "path": "media/table/Table of best SMILES_20_69cbd6f1.table.json", "sha256": "69cbd6f1504ed5900b16bc52cf63917cd8283888b31c24b1b82640fc2353e263", "size": 8134, "ncols": 5, "nrows": 20}, "improvement": 7.121854619859429, "original_score": -3.6432528610667485, "new_score": 3.4786017587926805, "improved": true}