{"fitness": -5.711845483163383, "similarity": 0, "_step": 21, "_runtime": 757, "_timestamp": 1610285615, "Table of best SMILES": {"_type": "table-file", "path": "media/table/Table of best SMILES_20_67ba1300.table.json", "sha256": "67ba1300c3651ecba629a33d2459ffbc56c56dbe5b4a3733222bbc07417b07be", "size": 6209, "ncols": 5, "nrows": 20}, "improvement": 0.38854697394529936, "original_score": -6.100392457108683, "new_score": -5.711845483163383, "improved": true}