{"fitness": 2.0527839385099242, "similarity": 0, "_step": 21, "_runtime": 896, "_timestamp": 1611091489, "Table of best SMILES": {"_type": "table-file", "path": "media/table/Table of best SMILES_20_f395ac40.table.json", "sha256": "f395ac40ebf4568117bcc4ec745306d5f58a5395d86c13a4b789e19f1823b38b", "size": 6650, "ncols": 5, "nrows": 20}, "improvement": 6.293184919638772, "original_score": -4.240400981128849, "new_score": 2.0527839385099242, "improved": true}