{"fitness": -0.8256864973131498, "similarity": 0, "_step": 21, "_runtime": 3542, "_timestamp": 1610796424, "Table of best SMILES": {"_type": "table-file", "path": "media/table/Table of best SMILES_20_6ed9e039.table.json", "sha256": "6ed9e0398770b47fca1728317555985cf63018474dde146b1be9456c882912ad", "size": 5669, "ncols": 5, "nrows": 20}, "improvement": 3.5481638941368665, "original_score": -4.373850391450016, "new_score": -0.8256864973131498, "improved": true}