{"fitness": -0.593125616739214, "similarity": 0, "_step": 21, "_runtime": 972, "_timestamp": 1610945372, "Table of best SMILES": {"_type": "table-file", "path": "media/table/Table of best SMILES_20_a01e276c.table.json", "sha256": "a01e276cab2d935598ac74d4f47eeaa7d9083d5a2bf0ba8ddb58939cea3a8761", "size": 4155, "ncols": 5, "nrows": 20}, "improvement": 4.35429782932506, "original_score": -4.947423446064274, "new_score": -0.593125616739214, "improved": true}