{"fitness": -2.739367315569107, "similarity": 0, "_step": 21, "_runtime": 762, "_timestamp": 1610305710, "Table of best SMILES": {"_type": "table-file", "path": "media/table/Table of best SMILES_20_0c50c335.table.json", "sha256": "0c50c335037093d762238967b3e7663f5eb9f616dfa1585257b75c7133074fcb", "size": 3494, "ncols": 5, "nrows": 20}, "improvement": 0.0, "original_score": -2.739367315569107, "new_score": -2.739367315569107, "improved": false}