{"fitness": -0.9765229888050218, "similarity": 0, "_step": 21, "_runtime": 986, "_timestamp": 1610397423, "Table of best SMILES": {"_type": "table-file", "path": "media/table/Table of best SMILES_20_e2a3be7d.table.json", "sha256": "e2a3be7de4333ca9be1d81d552579286f591c81e4fc1d36a9b105f1f33e684f2", "size": 6217, "ncols": 5, "nrows": 20}, "improvement": 1.1954879794004145, "original_score": -2.020239361523426, "new_score": -0.8247513821230114, "improved": true}