{"fitness": 0.16859637769063696, "similarity": 0, "_step": 21, "_runtime": 835, "_timestamp": 1611079322, "Table of best SMILES": {"_type": "table-file", "path": "media/table/Table of best SMILES_20_6e3675ae.table.json", "sha256": "6e3675ae78a17d90ba479b6bdeabfc60dd67492c7c9059380a8f2ea721d3e616", "size": 4563, "ncols": 5, "nrows": 20}, "improvement": 1.8244336506000753, "original_score": -1.6558372729094384, "new_score": 0.16859637769063696, "improved": true}