{"fitness": 3.1350682054159105, "similarity": 0, "_step": 21, "_runtime": 771, "_timestamp": 1611032582, "Table of best SMILES": {"_type": "table-file", "path": "media/table/Table of best SMILES_20_802fbfd4.table.json", "sha256": "802fbfd4e124ba71b835c43450fa0b6a7df14f77c6c1774767248f9f5e957b00", "size": 4077, "ncols": 5, "nrows": 20}, "improvement": 4.879895473762728, "original_score": -1.7448272683468173, "new_score": 3.1350682054159105, "improved": true}