{"fitness": 0.9224135422966989, "similarity": 0, "_step": 21, "_runtime": 782, "_timestamp": 1611064762, "Table of best SMILES": {"_type": "table-file", "path": "media/table/Table of best SMILES_20_65cea972.table.json", "sha256": "65cea972f7b7acbefb084bc922f0f6f7cb63ca34d23b55207ce5ef81c4f3a772", "size": 5989, "ncols": 5, "nrows": 20}, "improvement": 3.908189188866387, "original_score": -2.9857756465696883, "new_score": 0.9224135422966989, "improved": true}