{"fitness": 0.9016571881723662, "similarity": 0, "_step": 21, "_runtime": 787, "_timestamp": 1610262699, "Table of best SMILES": {"_type": "table-file", "path": "media/table/Table of best SMILES_20_6476c68f.table.json", "sha256": "6476c68fb762dfe27840f6353884a79d146e43e1e1c8ccd81ce00b0a4b36e7d9", "size": 5325, "ncols": 5, "nrows": 20}, "improvement": 3.774523371698706, "original_score": -2.8728661835263396, "new_score": 0.9016571881723662, "improved": true}