{"fitness": -2.214249136828863, "similarity": 0, "_step": 21, "_runtime": 1271, "_timestamp": 1610163417, "Table of best SMILES": {"_type": "table-file", "path": "media/table/Table of best SMILES_20_f1923844.table.json", "sha256": "f1923844a9992beca650b07f5cec341a5a4c871f03db4cc335bcfee9d8d542b8", "size": 4208, "ncols": 5, "nrows": 20}, "improvement": 0.7551511792690038, "original_score": -2.969400316097867, "new_score": -2.214249136828863, "improved": true}