{"fitness": -0.2965963244987415, "similarity": 0, "_step": 21, "_runtime": 966, "_timestamp": 1610929952, "Table of best SMILES": {"_type": "table-file", "path": "media/table/Table of best SMILES_20_c8846cd7.table.json", "sha256": "c8846cd795eba510b3a5ca81ef9c39388c1b4091d3aac95aebdddfba0c242129", "size": 7290, "ncols": 5, "nrows": 20}, "improvement": 5.803796132609941, "original_score": -6.100392457108683, "new_score": -0.2965963244987415, "improved": true}