{"fitness": -4.616633778929477, "similarity": 0, "_step": 21, "_runtime": 1161, "_timestamp": 1610134958, "Table of best SMILES": {"_type": "table-file", "path": "media/table/Table of best SMILES_20_137384d6.table.json", "sha256": "137384d6c3f617cb50d7e7802c5aa9a1a60470f2f57535875e515c7066174820", "size": 4306, "ncols": 5, "nrows": 20}, "improvement": 0.5073191022772141, "original_score": -5.123952881206691, "new_score": -4.616633778929477, "improved": true}