{"fitness": 2.513503895003576, "similarity": 0, "_step": 21, "_runtime": 836, "_timestamp": 1610223040, "Table of best SMILES": {"_type": "table-file", "path": "media/table/Table of best SMILES_20_20ae0ae0.table.json", "sha256": "20ae0ae0ca14b8bd84689875df4d6fdec1620292eaa9e290c2e510786cf543e6", "size": 7887, "ncols": 5, "nrows": 20}, "improvement": 4.902869927707739, "original_score": -2.3893660327041633, "new_score": 2.513503895003576, "improved": true}