{"fitness": 0.3327690632552107, "similarity": 0, "_step": 21, "_runtime": 1130, "_timestamp": 1610444183, "Table of best SMILES": {"_type": "table-file", "path": "media/table/Table of best SMILES_20_f3891394.table.json", "sha256": "f38913943e91ea4bedfe1eb6b04b6a4999a3094be7c968a4b1de2cbfb702d151", "size": 4502, "ncols": 5, "nrows": 20}, "improvement": 3.7153242514117037, "original_score": -2.483731326270801, "new_score": 1.2315929251409024, "improved": true}