{"fitness": 1.299369013192288, "similarity": 0, "_step": 21, "_runtime": 836, "_timestamp": 1610214782, "Table of best SMILES": {"_type": "table-file", "path": "media/table/Table of best SMILES_20_a62c91c1.table.json", "sha256": "a62c91c128413f45dd8bb87f354f720f66cc2c77baa88f77d33c5781f35aed69", "size": 6736, "ncols": 5, "nrows": 20}, "improvement": 4.502176632645722, "original_score": -3.202807619453434, "new_score": 1.299369013192288, "improved": true}