{"fitness": 0.7825202509544682, "similarity": 0, "_step": 21, "_runtime": 2509, "_timestamp": 1611073143, "Table of best SMILES": {"_type": "table-file", "path": "media/table/Table of best SMILES_20_4806db86.table.json", "sha256": "4806db86b8692749b0879468b1bb5b10fc9b821947e41f9e1e1ba0d8d3baa650", "size": 5412, "ncols": 5, "nrows": 20}, "improvement": 1.755193632595933, "original_score": -0.9726733816414648, "new_score": 0.7825202509544682, "improved": true}