{"fitness": -999993.7730691184, "similarity": -1000000, "_step": 21, "_runtime": 1268, "_timestamp": 1610150870, "Table of best SMILES": {"_type": "table-file", "path": "media/table/Table of best SMILES_20_6ce2814f.table.json", "sha256": "6ce2814fe0b43855aa32288eb6565aca4e1333db95ce4bf59ff321917ba22b42", "size": 8311, "ncols": 5, "nrows": 20}, "improvement": 8.922150220256299, "original_score": -1000002.6952193386, "new_score": -999993.7730691184, "improved": true}