{"fitness": -999994.7266584496, "similarity": -1000000, "_step": 21, "_runtime": 775, "_timestamp": 1610274675, "Table of best SMILES": {"_type": "table-file", "path": "media/table/Table of best SMILES_20_a82491c6.table.json", "sha256": "a82491c608f269dd56d5115ed3c41c70e26302027abd9575215e212fc0c74654", "size": 6372, "ncols": 5, "nrows": 20}, "improvement": 8.704413634957746, "original_score": -1000003.4310720846, "new_score": -999994.7266584496, "improved": true}