{"fitness": -999996.8795343443, "similarity": -1000000, "_step": 21, "_runtime": 743, "_timestamp": 1610331215, "Table of best SMILES": {"_type": "table-file", "path": "media/table/Table of best SMILES_20_76aebd34.table.json", "sha256": "76aebd34c726bb8f746caa1365426c041766a671f4928bf91402a1f0b46ac35a", "size": 4530, "ncols": 5, "nrows": 20}, "improvement": 7.034812022931874, "original_score": -1000003.9143463672, "new_score": -999996.8795343443, "improved": true}