{"fitness": 0.35952097521071535, "similarity": 0, "_step": 21, "_runtime": 763, "_timestamp": 1610335869, "Table of best SMILES": {"_type": "table-file", "path": "media/table/Table of best SMILES_20_7f5b003c.table.json", "sha256": "7f5b003c2e2572a7d450b1eaf1e841dcdbf626beb8c154bbfe7f943ed3eb1be8", "size": 5291, "ncols": 5, "nrows": 20}, "improvement": 3.779681012077317, "original_score": -3.4201600368666014, "new_score": 0.35952097521071535, "improved": true}