{"fitness": 0.39889444272875907, "similarity": 0, "_step": 21, "_runtime": 2391, "_timestamp": 1610524287, "Table of best SMILES": {"_type": "table-file", "path": "media/table/Table of best SMILES_20_8cbcd1fa.table.json", "sha256": "8cbcd1faf6420cac6efbcc15cc58ebeb4db3614f3416bcd46c4c8afdc35454b0", "size": 6934, "ncols": 5, "nrows": 20}, "improvement": 3.2907553356598047, "original_score": -2.891860892931046, "new_score": 0.39889444272875907, "improved": true}