{"fitness": -999994.4899199846, "similarity": -1000000, "_step": 21, "_runtime": 775, "_timestamp": 1610256379, "Table of best SMILES": {"_type": "table-file", "path": "media/table/Table of best SMILES_20_c7816900.table.json", "sha256": "c781690025dba0d033d93a7f44618f0d361bdd067ab0a51524cf3e62e432c387", "size": 8517, "ncols": 5, "nrows": 20}, "improvement": 7.499452090007253, "original_score": -1000001.9893720746, "new_score": -999994.4899199846, "improved": true}