{"fitness": -2.5813332069158315, "similarity": 0, "_step": 21, "_runtime": 858, "_timestamp": 1610840250, "Table of best SMILES": {"_type": "table-file", "path": "media/table/Table of best SMILES_20_149e337c.table.json", "sha256": "149e337c5ef527ffaa426a2b4ee713bfc042fd659868e129e870cd212c0b92e2", "size": 4024, "ncols": 5, "nrows": 20}, "improvement": 2.981863451457063, "original_score": -5.123952881206691, "new_score": -2.142089429749628, "improved": true}