{"fitness": 1.2537000567285832, "similarity": 0, "_step": 21, "_runtime": 981, "_timestamp": 1610965213, "Table of best SMILES": {"_type": "table-file", "path": "media/table/Table of best SMILES_20_2187cdc8.table.json", "sha256": "2187cdc88529b6d028031506e4264d0f74c28f92d07bad44c3f8681500e14b94", "size": 3938, "ncols": 5, "nrows": 20}, "improvement": 4.238216762398366, "original_score": -2.942914805463031, "new_score": 1.2953019569353357, "improved": true}