{"fitness": 0.7241506595531633, "similarity": 0, "_step": 21, "_runtime": 4323, "_timestamp": 1610909078, "Table of best SMILES": {"_type": "table-file", "path": "media/table/Table of best SMILES_20_6b7de94a.table.json", "sha256": "6b7de94ae5d01edcc1eed674492e43ffda26681340abd07f41a2d28cb9a51f98", "size": 4689, "ncols": 5, "nrows": 20}, "improvement": 3.2246154910791125, "original_score": -2.5004648315259494, "new_score": 0.7241506595531633, "improved": true}