{"fitness": 1.775889815036285, "similarity": 0, "_step": 21, "_runtime": 858, "_timestamp": 1610213102, "Table of best SMILES": {"_type": "table-file", "path": "media/table/Table of best SMILES_20_ee8179e5.table.json", "sha256": "ee8179e5362be699c44c0f62a87a5e704fb90405a1f319c17b47138b809a269b", "size": 6617, "ncols": 5, "nrows": 20}, "improvement": 3.7868579821902757, "original_score": -2.0109681671539907, "new_score": 1.775889815036285, "improved": true}