{"fitness": 2.0818684247932455, "similarity": 0, "_step": 21, "_runtime": 1167, "_timestamp": 1610121857, "Table of best SMILES": {"_type": "table-file", "path": "media/table/Table of best SMILES_20_9f8a39ff.table.json", "sha256": "9f8a39fff7dee7ae6b695cb2872fe6a02826ce82c412a37cdc58836517287a17", "size": 3899, "ncols": 5, "nrows": 20}, "improvement": 3.2112464402322987, "original_score": -1.1293780154390534, "new_score": 2.0818684247932455, "improved": true}