{"fitness": -3.9629968917967253, "similarity": 0, "_step": 21, "_runtime": 763, "_timestamp": 1610248561, "Table of best SMILES": {"_type": "table-file", "path": "media/table/Table of best SMILES_20_4fbb8fc6.table.json", "sha256": "4fbb8fc69b883e92e340f4a1924adbbac5a407130df7c14f9d8cd98f95b3033a", "size": 4421, "ncols": 5, "nrows": 20}, "improvement": 0.0, "original_score": -3.9629968917967253, "new_score": -3.9629968917967253, "improved": false}