{"fitness": -4.336869693757347, "similarity": 0, "_step": 21, "_runtime": 1081, "_timestamp": 1610103666, "Table of best SMILES": {"_type": "table-file", "path": "media/table/Table of best SMILES_20_b49d2afc.table.json", "sha256": "b49d2afc006c4cadbac4d0f37aedc8184cb8c91306fde7e269a1d2a9f0579cc6", "size": 4826, "ncols": 5, "nrows": 20}, "improvement": 0.0, "original_score": -4.336869693757347, "new_score": -4.336869693757347, "improved": false}