{"fitness": 0.2807316831836859, "similarity": 0, "_step": 21, "_runtime": 2906, "_timestamp": 1610600476, "Table of best SMILES": {"_type": "table-file", "path": "media/table/Table of best SMILES_20_d187c69d.table.json", "sha256": "d187c69d4b4601834d836bbe4a973c02102d9d8ba933c1cdfc577879b1f0b404", "size": 5973, "ncols": 5, "nrows": 20}, "improvement": 1.3190174383997566, "original_score": -1.0382857552160707, "new_score": 0.2807316831836859, "improved": true}