{"fitness": -1.67498705430251, "similarity": 0, "_step": 21, "_runtime": 866, "_timestamp": 1610839388, "Table of best SMILES": {"_type": "table-file", "path": "media/table/Table of best SMILES_20_6141f530.table.json", "sha256": "6141f53068a010e5cf46bf9e2ddc4190149a1c3ce949c47beb8391e113ed3aa6", "size": 3583, "ncols": 5, "nrows": 20}, "improvement": 1.606329081531013, "original_score": -3.281316135833523, "new_score": -1.67498705430251, "improved": true}