{"fitness": 1.3465396067523294, "similarity": 0, "_step": 21, "_runtime": 784, "_timestamp": 1610301555, "Table of best SMILES": {"_type": "table-file", "path": "media/table/Table of best SMILES_20_a3e6a7b5.table.json", "sha256": "a3e6a7b557949c43ff72dc9893080ee0387747644f625da82f80052515106d88", "size": 6344, "ncols": 5, "nrows": 20}, "improvement": 3.0735760003784423, "original_score": -1.7270363936261128, "new_score": 1.3465396067523294, "improved": true}