{"fitness": 0.6906785982905808, "similarity": 0, "_step": 21, "_runtime": 781, "_timestamp": 1610234730, "Table of best SMILES": {"_type": "table-file", "path": "media/table/Table of best SMILES_20_7659d20c.table.json", "sha256": "7659d20c36bebcf8ca67c35db6dbc33f62325ce13ff8af1152efb23080fb3003", "size": 5232, "ncols": 5, "nrows": 20}, "improvement": 2.470689009514241, "original_score": -1.78001041122366, "new_score": 0.6906785982905808, "improved": true}