{"fitness": 1.9551766634844594, "similarity": 0, "_step": 21, "_runtime": 824, "_timestamp": 1611075164, "Table of best SMILES": {"_type": "table-file", "path": "media/table/Table of best SMILES_20_0cea3229.table.json", "sha256": "0cea3229fba36bed9782de268a555f08303c464e70aa31f0709aaf1f86e3f39b", "size": 9076, "ncols": 5, "nrows": 20}, "improvement": 3.177481441939589, "original_score": -1.22230477845513, "new_score": 1.9551766634844594, "improved": true}