{"fitness": 1.7319379305696783, "similarity": 0, "_step": 21, "_runtime": 767, "_timestamp": 1611024221, "Table of best SMILES": {"_type": "table-file", "path": "media/table/Table of best SMILES_20_bb65191d.table.json", "sha256": "bb65191dc6409cf40f8daea2e8b172aa492ea465141f78b39306c1559bfa7378", "size": 4505, "ncols": 5, "nrows": 20}, "improvement": 3.523415984001643, "original_score": -1.6597247371368382, "new_score": 1.8636912468648046, "improved": true}