{"fitness": 0.19556349473799142, "similarity": 0, "_step": 21, "_runtime": 1615, "_timestamp": 1611150979, "Table of best SMILES": {"_type": "table-file", "path": "media/table/Table of best SMILES_20_e729e64f.table.json", "sha256": "e729e64f9d0617e7b477af3447f78c9d76a98fe19c69ce1a901d02f7a58c1f22", "size": 6924, "ncols": 5, "nrows": 20}, "improvement": 4.427489498448948, "original_score": -4.2319260037109565, "new_score": 0.19556349473799142, "improved": true}