{"fitness": 8.850519376919241, "fitness_no_discr": 12.818371141190761, "_step": 43, "_runtime": 2140, "_timestamp": 1610032375, "graph_0": {"_type": "graph-file", "path": "media/graph/graph_0_summary_43a41b47.graph.json", "sha256": "43a41b47e19c1efa9a94e34d7f37f7ea711f5e57afc2113cefbdfec54acbbc4c", "size": 723}}