{"fitness": 70.28031381893742, "fitness_no_discr": -1.0004799553488093, "discriminator": 0.7114067077636719, "_step": 500, "_runtime": 24922, "_timestamp": 1610057524, "graph_0": {"_type": "graph-file", "path": "media/graph/graph_0_summary_dba1c9d4.graph.json", "sha256": "dba1c9d4d7a736033dfbb09e06e76439774432ede01924dd5f0b7621686f67ca", "size": 723}, "gradients/predict.bias": {"_type": "histogram", "values": [0.0, 0.0, 0.0, 0.0, 0.0, 0.0, 0.0, 0.0, 0.0, 0.0, 0.0, 0.0, 0.0, 0.0, 0.0, 0.0, 0.0, 0.0, 0.0, 0.0, 0.0, 0.0, 0.0, 0.0, 0.0, 0.0, 0.0, 0.0, 0.0, 0.0, 0.0, 0.0, 1.0, 0.0, 0.0, 0.0, 0.0, 0.0, 0.0, 0.0, 0.0, 0.0, 0.0, 0.0, 0.0, 0.0, 0.0, 0.0, 0.0, 0.0, 0.0, 0.0, 0.0, 0.0, 0.0, 0.0, 0.0, 0.0, 0.0, 0.0, 0.0, 0.0, 0.0, 0.0], "bins": [0.04943745210766792, 0.04943745210766792, 0.04943745210766792, 0.04943745210766792, 0.04943745210766792, 0.04943745210766792, 0.04943745210766792, 0.04943745210766792, 0.04943745210766792, 0.04943745210766792, 0.04943745210766792, 0.04943745210766792, 0.04943745210766792, 0.04943745210766792, 0.04943745210766792, 0.04943745210766792, 0.04943745210766792, 0.04943745210766792, 0.04943745210766792, 0.04943745210766792, 0.04943745210766792, 0.04943745210766792, 0.04943745210766792, 0.04943745210766792, 0.04943745210766792, 0.04943745210766792, 0.04943745210766792, 0.04943745210766792, 0.04943745210766792, 0.04943745210766792, 0.04943745210766792, 0.04943745210766792, 0.04943745210766792, 0.04943745210766792, 0.04943745210766792, 0.04943745210766792, 0.04943745210766792, 0.04943745210766792, 0.04943745210766792, 0.04943745210766792, 0.04943745210766792, 0.04943745210766792, 0.04943745210766792, 0.04943745210766792, 0.04943745210766792, 0.04943745210766792, 0.04943745210766792, 0.04943745210766792, 0.04943745210766792, 0.04943745210766792, 0.04943745210766792, 0.04943745210766792, 0.04943745210766792, 0.04943745210766792, 0.04943745210766792, 0.04943745210766792, 0.04943745210766792, 0.04943745210766792, 0.04943745210766792, 0.04943745210766792, 0.04943745210766792, 0.04943745210766792, 0.04943745210766792, 0.04943745210766792, 0.04943745210766792]}, "gradients/predict.weight": {"_type": "histogram", "values": [1.0, 3.0, 0.0, 1.0, 0.0, 0.0, 0.0, 0.0, 0.0, 0.0, 0.0, 0.0, 0.0, 0.0, 0.0, 0.0, 0.0, 0.0, 0.0, 0.0, 0.0, 0.0, 0.0, 0.0, 0.0, 0.0, 0.0, 0.0, 0.0, 0.0, 0.0, 0.0, 0.0, 0.0, 0.0, 0.0, 0.0, 0.0, 0.0, 0.0, 0.0, 0.0, 0.0, 0.0, 0.0, 0.0, 0.0, 0.0, 0.0, 0.0, 0.0, 0.0, 0.0, 0.0, 0.0, 0.0, 0.0, 0.0, 0.0, 0.0, 0.0, 2.0, 1.0, 2.0], "bins": [0.014956139028072357, 0.015255418606102467, 0.01555469911545515, 0.01585397869348526, 0.016153259202837944, 0.016452539712190628, 0.016751818358898163, 0.017051098868250847, 0.01735037937760353, 0.017649658024311066, 0.01794893853366375, 0.018248219043016434, 0.018547499552369118, 0.018846778199076653, 0.019146058708429337, 0.01944533921778202, 0.019744619727134705, 0.02004389837384224, 0.020343178883194923, 0.020642459392547607, 0.020941738039255142, 0.021241018548607826, 0.02154029905796051, 0.021839577704668045, 0.02213885821402073, 0.022438138723373413, 0.022737419232726097, 0.02303669974207878, 0.023335978388786316, 0.023635258898139, 0.023934539407491684, 0.02423381805419922, 0.024533098563551903, 0.024832379072904587, 0.02513165771961212, 0.025430938228964806, 0.02573021873831749, 0.026029497385025024, 0.026328779757022858, 0.026628058403730392, 0.026927338913083076, 0.02722661942243576, 0.027525898069143295, 0.02782517857849598, 0.028124459087848663, 0.028423737734556198, 0.028723018243908882, 0.029022298753261566, 0.0293215773999691, 0.029620857909321785, 0.02992013841867447, 0.030219417065382004, 0.030518699437379837, 0.030817978084087372, 0.031117258593440056, 0.03141653910279274, 0.031715817749500275, 0.03201510012149811, 0.03231437876820564, 0.03261365741491318, 0.03291293978691101, 0.033212218433618546, 0.03351149708032608, 0.033810779452323914, 0.03411005809903145]}, "gradients/hidden.1.bias": {"_type": "histogram", "values": [3.0, 1.0, 1.0, 0.0, 0.0, 0.0, 0.0, 0.0, 0.0, 0.0, 0.0, 0.0, 0.0, 0.0, 0.0, 0.0, 0.0, 0.0, 0.0, 0.0, 0.0, 0.0, 0.0, 0.0, 0.0, 0.0, 0.0, 0.0, 0.0, 0.0, 0.0, 0.0, 0.0, 0.0, 0.0, 0.0, 0.0, 0.0, 0.0, 0.0, 0.0, 0.0, 0.0, 0.0, 0.0, 0.0, 0.0, 0.0, 0.0, 0.0, 0.0, 0.0, 0.0, 0.0, 0.0, 0.0, 0.0, 0.0, 0.0, 0.0, 1.0, 0.0, 0.0, 4.0], "bins": [-0.01654641143977642, -0.015983551740646362, -0.015420692041516304, -0.01485783327370882, -0.014294973574578762, -0.013732113875448704, -0.01316925510764122, -0.012606395408511162, -0.012043535709381104, -0.011480676010251045, -0.010917816311120987, -0.010354957543313503, -0.009792097844183445, -0.009229238145053387, -0.008666379377245903, -0.008103519678115845, -0.0075406599789857864, -0.006977800279855728, -0.00641494058072567, -0.005852081812918186, -0.005289222113788128, -0.00472636241465807, -0.004163503646850586, -0.0036006439477205276, -0.0030377842485904694, -0.002474924549460411, -0.0019120648503303528, -0.0013492060825228691, -0.0007863473147153854, -0.00022348761558532715, 0.00033937208354473114, 0.0009022317826747894, 0.0014650914818048477, 0.002027951180934906, 0.0025908108800649643, 0.0031536705791950226, 0.003716530278325081, 0.00427938811480999, 0.004842247813940048, 0.0054051075130701065, 0.005967967212200165, 0.006530826911330223, 0.007093686610460281, 0.00765654630959034, 0.008219404146075249, 0.008782263845205307, 0.009345123544335365, 0.009907983243465424, 0.010470842942595482, 0.01103370264172554, 0.011596562340855598, 0.012159422039985657, 0.012722281739115715, 0.013285139575600624, 0.013847999274730682, 0.01441085897386074, 0.01497371681034565, 0.015536578372120857, 0.016099436208605766, 0.016662297770380974, 0.017225155606865883, 0.01778801716864109, 0.018350875005126, 0.018913736566901207, 0.019476594403386116]}, "gradients/hidden.1.weight": {"_type": "histogram", "values": [79.0, 94.0, 52.0, 8.0, 2.0, 0.0, 1.0, 3.0, 1.0, 0.0, 0.0, 0.0, 0.0, 0.0, 0.0, 0.0, 0.0, 0.0, 0.0, 0.0, 0.0, 0.0, 0.0, 0.0, 5.0, 8.0, 2.0, 0.0, 35.0, 425.0, 30.0, 0.0, 0.0, 10.0, 1.0, 4.0, 0.0, 0.0, 0.0, 0.0, 0.0, 0.0, 0.0, 0.0, 0.0, 0.0, 0.0, 0.0, 0.0, 0.0, 0.0, 0.0, 0.0, 1.0, 0.0, 3.0, 1.0, 0.0, 2.0, 3.0, 48.0, 10.0, 128.0, 44.0], "bins": [-0.016718175262212753, -0.016149252653121948, -0.015580330044031143, -0.015011408366262913, -0.014442485757172108, -0.013873563148081303, -0.013304641470313072, -0.012735718861222267, -0.012166796252131462, -0.011597873643040657, -0.011028951033949852, -0.010460029356181622, -0.009891106747090816, -0.009322184138000011, -0.008753262460231781, -0.008184339851140976, -0.007615417242050171, -0.007046494632959366, -0.006477572023868561, -0.00590865034610033, -0.005339727737009525, -0.00477080512791872, -0.00420188345015049, -0.0036329608410596848, -0.0030640382319688797, -0.0024951156228780746, -0.0019261930137872696, -0.0013572713360190392, -0.0007883496582508087, -0.00021942704916000366, 0.0003494955599308014, 0.0009184181690216064, 0.0014873407781124115, 0.0020562633872032166, 0.0026251859962940216, 0.0031941086053848267, 0.0037630312144756317, 0.0043319519609212875, 0.004900874570012093, 0.005469797179102898, 0.006038719788193703, 0.006607642397284508, 0.007176565006375313, 0.007745487615466118, 0.008314408361911774, 0.008883330971002579, 0.009452253580093384, 0.010021176189184189, 0.010590098798274994, 0.011159021407365799, 0.011727944016456604, 0.012296866625547409, 0.012865789234638214, 0.01343470998108387, 0.014003632590174675, 0.01457255706191063, 0.015141475945711136, 0.01571039855480194, 0.016279321163892746, 0.01684824377298355, 0.017417166382074356, 0.01798608899116516, 0.018555011600255966, 0.01912393420934677, 0.019692856818437576]}, "gradients/hidden.0.bias": {"_type": "histogram",