{"fitness": 2.127739597419658, "similarity": 0, "_step": 21, "_runtime": 1047, "_timestamp": 1611124815, "Table of best SMILES": {"_type": "table-file", "path": "media/table/Table of best SMILES_20_96961a62.table.json", "sha256": "96961a62104f9f91159c9b1c09d255ea0f25b7b5756fad32ddb8bbbf7537a793", "size": 5329, "ncols": 5, "nrows": 20}, "improvement": 3.047782598155319, "original_score": -0.8682076474112772, "new_score": 2.179574950744042, "improved": true}