{"fitness": 2.939404997886771, "similarity": 0, "_step": 21, "_runtime": 1706, "_timestamp": 1611152689, "Table of best SMILES": {"_type": "table-file", "path": "media/table/Table of best SMILES_20_b0654981.table.json", "sha256": "b06549813a704d6a5f22d6d1009986d0501d34392a269e1255736c1d29b18392", "size": 7586, "ncols": 5, "nrows": 20}, "improvement": 4.980265040132084, "original_score": -2.0408600422453125, "new_score": 2.939404997886771, "improved": true}