{"fitness": -1.2850722436113107, "similarity": 0, "_step": 21, "_runtime": 2317, "_timestamp": 1611012310, "Table of best SMILES": {"_type": "table-file", "path": "media/table/Table of best SMILES_20_293f547e.table.json", "sha256": "293f547ea7dd933b4a2cd677deabc997973f60c839e9b453b1b1c0eccbfaed92", "size": 5521, "ncols": 5, "nrows": 20}, "improvement": 0.5106741403163462, "original_score": -1.7957463839276568, "new_score": -1.2850722436113107, "improved": true}