{"fitness": -999996.4551296879, "similarity": -1000000, "_step": 21, "_runtime": 1731, "_timestamp": 1610507881, "Table of best SMILES": {"_type": "table-file", "path": "media/table/Table of best SMILES_20_8dca8397.table.json", "sha256": "8dca83970df02a31fce813463b459676e38d66fd0336db153c9c1b36f3322dce", "size": 4950, "ncols": 5, "nrows": 20}, "improvement": 8.21922937897034, "original_score": -1000004.6743590669, "new_score": -999996.4551296879, "improved": true}