{"fitness": 1.13536767862903, "similarity": 0, "_step": 21, "_runtime": 765, "_timestamp": 1610197838, "Table of best SMILES": {"_type": "table-file", "path": "media/table/Table of best SMILES_20_5d631d3e.table.json", "sha256": "5d631d3e5818a76dc21d2a6c084c1836c0dd3429454e844be1d99c3d5c017752", "size": 6778, "ncols": 5, "nrows": 20}, "improvement": 4.03067869424218, "original_score": -2.89531101561315, "new_score": 1.13536767862903, "improved": true}