{"fitness": 0.15347915255264158, "similarity": 0, "_step": 21, "_runtime": 981, "_timestamp": 1610399394, "Table of best SMILES": {"_type": "table-file", "path": "media/table/Table of best SMILES_20_37b4cb4e.table.json", "sha256": "37b4cb4ed6d8205ad383ce4520549a1646d965d73f050ea3d0730202ad9e8f11", "size": 5598, "ncols": 5, "nrows": 20}, "improvement": 3.4671348403826863, "original_score": -2.2760399846618316, "new_score": 1.1910948557208547, "improved": true}