{"fitness": 1.4658822313431834, "similarity": 0, "_step": 21, "_runtime": 986, "_timestamp": 1610426548, "Table of best SMILES": {"_type": "table-file", "path": "media/table/Table of best SMILES_20_736dc242.table.json", "sha256": "736dc242af78c57ac1f45e419a977a18824cdd931cbe4e1d23f804222ab8e2e2", "size": 4559, "ncols": 5, "nrows": 20}, "improvement": 2.9119454510116025, "original_score": -1.4460632196684193, "new_score": 1.4658822313431834, "improved": true}