{"fitness": 1.5434158958852053, "similarity": 0, "_step": 21, "_runtime": 919, "_timestamp": 1610928982, "Table of best SMILES": {"_type": "table-file", "path": "media/table/Table of best SMILES_20_05f3e236.table.json", "sha256": "05f3e23615c3a23f1427570103f90f045862d2dd97605e8f43a4e70746b25b25", "size": 4032, "ncols": 5, "nrows": 20}, "improvement": 4.443710956386914, "original_score": -2.900295060501709, "new_score": 1.5434158958852053, "improved": true}