{"fitness": -1.2716185358435446, "similarity": 0, "_step": 21, "_runtime": 768, "_timestamp": 1610318829, "Table of best SMILES": {"_type": "table-file", "path": "media/table/Table of best SMILES_20_a5cd0e38.table.json", "sha256": "a5cd0e3895da7812a90b42d2dbaaca58bb4af6aa0a3b19baae7f6314b74ef635", "size": 6312, "ncols": 5, "nrows": 20}, "improvement": 1.0574330816147477, "original_score": -2.0319374464825306, "new_score": -0.9745043648677829, "improved": true}