{"fitness": -3.8233872923826895, "similarity": 0, "_step": 21, "_runtime": 800, "_timestamp": 1610233946, "Table of best SMILES": {"_type": "table-file", "path": "media/table/Table of best SMILES_20_4c03f91a.table.json", "sha256": "4c03f91a9eac1efc235fa11e2cfb3f0c3a0e44bdd685287f2ed0214960d1f7ec", "size": 5937, "ncols": 5, "nrows": 20}, "improvement": 4.114957699397297, "original_score": -7.016678040793959, "new_score": -2.901720341396662, "improved": true}