{"fitness": 0.8199788247844505, "similarity": 0, "_step": 21, "_runtime": 779, "_timestamp": 1610263481, "Table of best SMILES": {"_type": "table-file", "path": "media/table/Table of best SMILES_20_abd3f450.table.json", "sha256": "abd3f450371a12464d231a3ef53ceadb88739f25750270aa976572a4453742c5", "size": 4791, "ncols": 5, "nrows": 20}, "improvement": 2.326425372556589, "original_score": -1.5064465477721385, "new_score": 0.8199788247844505, "improved": true}