{"fitness": -2.2862621053724643, "similarity": 0, "_step": 21, "_runtime": 1121, "_timestamp": 1610445307, "Table of best SMILES": {"_type": "table-file", "path": "media/table/Table of best SMILES_20_65453836.table.json", "sha256": "654538361248632505540e85f05067b2767edfe2c22a55cf9ed5735c5484ae4c", "size": 4521, "ncols": 5, "nrows": 20}, "improvement": 0.3649292981884602, "original_score": -2.6511914035609245, "new_score": -2.2862621053724643, "improved": true}