{"fitness": 0.26654621411322044, "similarity": 0, "_step": 21, "_runtime": 1166, "_timestamp": 1611146323, "Table of best SMILES": {"_type": "table-file", "path": "media/table/Table of best SMILES_20_4af31ef1.table.json", "sha256": "4af31ef1b1535883f2f2d0ad330cd91d43375210ff09948d8d63678bdc9f5d17", "size": 4957, "ncols": 5, "nrows": 20}, "improvement": 1.9903625006594385, "original_score": -1.723816286546218, "new_score": 0.26654621411322044, "improved": true}