{"fitness": -2.025680526683092, "similarity": 0, "_step": 21, "_runtime": 1231, "_timestamp": 1610143697, "Table of best SMILES": {"_type": "table-file", "path": "media/table/Table of best SMILES_20_20923d6f.table.json", "sha256": "20923d6ffded555ce41e501c48bee23f257a9120e9a16d17640ac06b6684a05d", "size": 4836, "ncols": 5, "nrows": 20}, "improvement": 1.5809887023439728, "original_score": -3.606669229027065, "new_score": -2.025680526683092, "improved": true}