{"fitness": 2.921698735551525, "similarity": 0, "_step": 21, "_runtime": 987, "_timestamp": 1610927108, "Table of best SMILES": {"_type": "table-file", "path": "media/table/Table of best SMILES_20_cbdb348e.table.json", "sha256": "cbdb348e48e75632424779db4ee9d6579ed8e67c2d6989eb2d9031aad0ead629", "size": 8853, "ncols": 5, "nrows": 20}, "improvement": 4.262665001634501, "original_score": -1.3409662660829753, "new_score": 2.921698735551525, "improved": true}