{"fitness": -2.0612852638202024, "similarity": 0, "_step": 21, "_runtime": 3238, "_timestamp": 1610669150, "Table of best SMILES": {"_type": "table-file", "path": "media/table/Table of best SMILES_20_c85b37fd.table.json", "sha256": "c85b37fd6a1dabe00ee31917573d695bd6becd73798b151ea135c444745d4d7d", "size": 5729, "ncols": 5, "nrows": 20}, "improvement": 0.0, "original_score": -2.0612852638202024, "new_score": -2.0612852638202024, "improved": false}