{"fitness": -1.7941137258144768, "similarity": 0, "_step": 21, "_runtime": 1241, "_timestamp": 1610147103, "Table of best SMILES": {"_type": "table-file", "path": "media/table/Table of best SMILES_20_33424e80.table.json", "sha256": "33424e8074ffe04d81ced1c7a57fda9abff4ccfc9ee62f517dfc27aa1964c9ea", "size": 6042, "ncols": 5, "nrows": 20}, "improvement": 1.4620586100355981, "original_score": -2.867758086919356, "new_score": -1.4056994768837578, "improved": true}