{"fitness": 1.4967929307109875, "similarity": 0, "_step": 21, "_runtime": 790, "_timestamp": 1611068695, "Table of best SMILES": {"_type": "table-file", "path": "media/table/Table of best SMILES_20_73fc634e.table.json", "sha256": "73fc634ef80d6f6759cc857d8d3361fa009af0e6371434d5a89028898190b152", "size": 4717, "ncols": 5, "nrows": 20}, "improvement": 8.083745059607034, "original_score": -6.586952128896047, "new_score": 1.4967929307109875, "improved": true}