{"fitness": 1.4453372810174576, "similarity": 0, "_step": 21, "_runtime": 982, "_timestamp": 1610974419, "Table of best SMILES": {"_type": "table-file", "path": "media/table/Table of best SMILES_20_b7125956.table.json", "sha256": "b7125956f09842361f3a15673e4fb1bab0986278fb35a1b432c1faf79af4271e", "size": 4905, "ncols": 5, "nrows": 20}, "improvement": 3.7072127953704928, "original_score": -2.261875514353035, "new_score": 1.4453372810174576, "improved": true}