{"fitness": -0.7268916156960159, "similarity": 0, "_step": 21, "_runtime": 859, "_timestamp": 1610842016, "Table of best SMILES": {"_type": "table-file", "path": "media/table/Table of best SMILES_20_ec46318e.table.json", "sha256": "ec46318ee9fab02aed98582e65087d55a68b9677fbeade6cc7df470282da49b1", "size": 4434, "ncols": 5, "nrows": 20}, "improvement": 3.661721657461581, "original_score": -4.388613273157597, "new_score": -0.7268916156960159, "improved": true}