{"fitness": -2.8057701613944155, "similarity": 0, "_step": 21, "_runtime": 2557, "_timestamp": 1610556435, "Table of best SMILES": {"_type": "table-file", "path": "media/table/Table of best SMILES_20_0539dacd.table.json", "sha256": "0539dacd57f5561202687fc62c352c74df28bee73b8cda6463dc04d6e2c68867", "size": 5468, "ncols": 5, "nrows": 20}, "improvement": 0.0, "original_score": -2.8057701613944155, "new_score": -2.8057701613944155, "improved": false}