{"fitness": -0.32988514098470656, "similarity": 0, "_step": 21, "_runtime": 2985, "_timestamp": 1610621373, "Table of best SMILES": {"_type": "table-file", "path": "media/table/Table of best SMILES_20_2acf70fa.table.json", "sha256": "2acf70fa082317f02234e4004a30329e795b62cd60f2fcaee43e63aaae17750a", "size": 4108, "ncols": 5, "nrows": 20}, "improvement": 0.7621137856920857, "original_score": -1.0919989266767922, "new_score": -0.32988514098470656, "improved": true}