{"fitness": -0.03247325603193932, "similarity": 0, "_step": 21, "_runtime": 783, "_timestamp": 1610345966, "Table of best SMILES": {"_type": "table-file", "path": "media/table/Table of best SMILES_20_0b453871.table.json", "sha256": "0b45387117e91b1902396e58aea93972114b271f12291dc5f195506eec49a96a", "size": 6904, "ncols": 5, "nrows": 20}, "improvement": 2.3850912799423005, "original_score": -2.4175645359742397, "new_score": -0.03247325603193932, "improved": true}