{"fitness": 2.247862823558789, "similarity": 0, "_step": 21, "_runtime": 811, "_timestamp": 1610361928, "Table of best SMILES": {"_type": "table-file", "path": "media/table/Table of best SMILES_20_642a6096.table.json", "sha256": "642a6096c33cbfe75682a56e8dfada0ad1d853724a747948ed8254c25105c7dc", "size": 7099, "ncols": 5, "nrows": 20}, "improvement": 4.185341970709489, "original_score": -1.9374791471506996, "new_score": 2.247862823558789, "improved": true}