{"fitness": -2.134325142483246, "similarity": 0, "_step": 21, "_runtime": 3655, "_timestamp": 1610745049, "Table of best SMILES": {"_type": "table-file", "path": "media/table/Table of best SMILES_20_913d1a22.table.json", "sha256": "913d1a222385b49ed05703b1246c3b2cd82d7db15227a1526a47df41ec0e8723", "size": 4075, "ncols": 5, "nrows": 20}, "improvement": 0.32599273951748353, "original_score": -2.4603178820007297, "new_score": -2.134325142483246, "improved": true}