{"fitness": 0.4408489709744442, "similarity": 0, "_step": 21, "_runtime": 1278, "_timestamp": 1610174883, "Table of best SMILES": {"_type": "table-file", "path": "media/table/Table of best SMILES_20_f35d59a8.table.json", "sha256": "f35d59a8ecc50faeb0a9b56c6b2a09501d6b770b0837ff643f70aa12e8cb6d5c", "size": 6548, "ncols": 5, "nrows": 20}, "improvement": 2.4245838355372964, "original_score": -1.9837348645628523, "new_score": 0.4408489709744442, "improved": true}