{"fitness": 1.432681310423585, "similarity": 0, "_step": 21, "_runtime": 783, "_timestamp": 1610303409, "Table of best SMILES": {"_type": "table-file", "path": "media/table/Table of best SMILES_20_4c676f3c.table.json", "sha256": "4c676f3c8af0942454d3685725c70a0f9e4f49fa4e5966ede744cb1e222adbe6", "size": 5079, "ncols": 5, "nrows": 20}, "improvement": 3.6400571748905675, "original_score": -2.2073758644669828, "new_score": 1.432681310423585, "improved": true}