{"fitness": 0.9808183516862374, "similarity": 0, "_step": 21, "_runtime": 990, "_timestamp": 1610944397, "Table of best SMILES": {"_type": "table-file", "path": "media/table/Table of best SMILES_20_48095bcc.table.json", "sha256": "48095bcc2edfb7136cb112bf60f7ebf5ab1aab6419091d730e492cdc1760a364", "size": 4756, "ncols": 5, "nrows": 20}, "improvement": 4.053232924038786, "original_score": -3.072414572352549, "new_score": 0.9808183516862374, "improved": true}