{"fitness": -0.7425172104354668, "similarity": 0, "_step": 21, "_runtime": 764, "_timestamp": 1610292569, "Table of best SMILES": {"_type": "table-file", "path": "media/table/Table of best SMILES_20_e71908b1.table.json", "sha256": "e71908b183bfb97f77c1294399529fcc771717435cc7784b855dab7816b88502", "size": 4319, "ncols": 5, "nrows": 20}, "improvement": 0.11379705473517376, "original_score": -0.8563142651706406, "new_score": -0.7425172104354668, "improved": true}