{"fitness": -3.028228534887339, "similarity": 0, "_step": 21, "_runtime": 875, "_timestamp": 1610379922, "Table of best SMILES": {"_type": "table-file", "path": "media/table/Table of best SMILES_20_1db0f219.table.json", "sha256": "1db0f219d7f308ba10538b0cbbc1fee370b75fa89a91def1d2b4295c29966c8a", "size": 5971, "ncols": 5, "nrows": 20}, "improvement": 3.2975128200687025, "original_score": -6.325741354956041, "new_score": -3.028228534887339, "improved": true}