{"fitness": -999995.0307499671, "similarity": -1000000, "_step": 21, "_runtime": 4365, "_timestamp": 1610935319, "Table of best SMILES": {"_type": "table-file", "path": "media/table/Table of best SMILES_20_ba7a7c33.table.json", "sha256": "ba7a7c33def89f2f67645ee5ae10348d1e384036cac635198204a1b340fc0792", "size": 7109, "ncols": 5, "nrows": 20}, "improvement": 9.202954389969818, "original_score": -1000004.2337043571, "new_score": -999995.0307499671, "improved": true}