{"fitness": 1.767932198784517, "similarity": 0, "_step": 21, "_runtime": 929, "_timestamp": 1610917649, "Table of best SMILES": {"_type": "table-file", "path": "media/table/Table of best SMILES_20_9fcee58f.table.json", "sha256": "9fcee58fb71f13dcfa4e505b060e8f785179d7163b1bae168428d9f12bb8f71b", "size": 4808, "ncols": 5, "nrows": 20}, "improvement": 3.3712617912952343, "original_score": -1.6033295925107176, "new_score": 1.767932198784517, "improved": true}