{"fitness": -3.4605030491543673, "similarity": 0, "_step": 21, "_runtime": 2272, "_timestamp": 1610506146, "Table of best SMILES": {"_type": "table-file", "path": "media/table/Table of best SMILES_20_9c01a4ee.table.json", "sha256": "9c01a4eed8f0f5b632d9779050d7a98e40bd0f2e2baf0270a9982cf133540513", "size": 6679, "ncols": 5, "nrows": 20}, "improvement": 1.2227072123895986, "original_score": -4.683210261543966, "new_score": -3.4605030491543673, "improved": true}