{"fitness": 3.625731042446401, "similarity": 0, "_step": 21, "_runtime": 846, "_timestamp": 1611080171, "Table of best SMILES": {"_type": "table-file", "path": "media/table/Table of best SMILES_20_117fc307.table.json", "sha256": "117fc307569f91b7951627b89bde126f46f97afb0bcc63c1278558de5b850571", "size": 8685, "ncols": 5, "nrows": 20}, "improvement": 6.367966624563504, "original_score": -2.7422355821171034, "new_score": 3.625731042446401, "improved": true}