{"fitness": -999993.7396622783, "similarity": -1000000, "_step": 21, "_runtime": 2930, "_timestamp": 1610597566, "Table of best SMILES": {"_type": "table-file", "path": "media/table/Table of best SMILES_20_d00109d5.table.json", "sha256": "d00109d51d7931419d20c0b48eb57db705ea484f866e32f421b9ffe1b3fa76ad", "size": 9697, "ncols": 5, "nrows": 20}, "improvement": 8.870012897183187, "original_score": -1000002.6096751755, "new_score": -999993.7396622783, "improved": true}