{"fitness": -1.1680135522039097, "similarity": 0, "_step": 21, "_runtime": 822, "_timestamp": 1610218208, "Table of best SMILES": {"_type": "table-file", "path": "media/table/Table of best SMILES_20_bab4ef04.table.json", "sha256": "bab4ef04ba6412b042dbe5fb7d870314d120057eca7407261476baf1f4ffbec7", "size": 6326, "ncols": 5, "nrows": 20}, "improvement": 1.7376305671259664, "original_score": -2.867758086919356, "new_score": -1.1301275197933895, "improved": true}