{"fitness": -1.9876400221180301, "similarity": 0, "_step": 21, "_runtime": 880, "_timestamp": 1610851949, "Table of best SMILES": {"_type": "table-file", "path": "media/table/Table of best SMILES_20_4d424eb9.table.json", "sha256": "4d424eb9ca7cab06b7df6d5bf82c248f0e1d78502f24b11d8f69ce08a4b3da6c", "size": 5690, "ncols": 5, "nrows": 20}, "improvement": 0.707579316475526, "original_score": -2.695219338593556, "new_score": -1.9876400221180301, "improved": true}