{"fitness": 2.535462736823142, "similarity": 0, "_step": 21, "_runtime": 1087, "_timestamp": 1610988021, "Table of best SMILES": {"_type": "table-file", "path": "media/table/Table of best SMILES_20_137f401a.table.json", "sha256": "137f401a01ce5e1e31ebdeec5c1b1e5c7879bfa1e9b6ec092a3626ff64c88472", "size": 6288, "ncols": 5, "nrows": 20}, "improvement": 4.307306720260348, "original_score": -1.771843983437206, "new_score": 2.535462736823142, "improved": true}