{"fitness": 1.0416670543645243, "similarity": 0, "_step": 21, "_runtime": 762, "_timestamp": 1610316502, "Table of best SMILES": {"_type": "table-file", "path": "media/table/Table of best SMILES_20_a32038a9.table.json", "sha256": "a32038a9c9784f7d6b07b9df20229d07f3daa48b8654a51c6c84bd0d94c8ab90", "size": 4002, "ncols": 5, "nrows": 20}, "improvement": 3.9536932721626874, "original_score": -2.912026217798163, "new_score": 1.0416670543645243, "improved": true}