{"fitness": 0.9227857138626852, "similarity": 0, "_step": 21, "_runtime": 777, "_timestamp": 1610251732, "Table of best SMILES": {"_type": "table-file", "path": "media/table/Table of best SMILES_20_abf147c0.table.json", "sha256": "abf147c05f4e71f550893e84c07a57551dd8ec39bd2406c4648f9e690dd27d79", "size": 4493, "ncols": 5, "nrows": 20}, "improvement": 2.9807200308194526, "original_score": -2.0579343169567674, "new_score": 0.9227857138626852, "improved": true}