{"fitness": 0.19906926367023717, "similarity": 0, "_step": 21, "_runtime": 929, "_timestamp": 1610924232, "Table of best SMILES": {"_type": "table-file", "path": "media/table/Table of best SMILES_20_0138935d.table.json", "sha256": "0138935d09f9ea3b0db408f717507dc9db31e4c03b4b86b153594c5ef7f37273", "size": 4270, "ncols": 5, "nrows": 20}, "improvement": 2.608665072918125, "original_score": -2.259533823601773, "new_score": 0.34913124931635253, "improved": true}