{"fitness": -8.031959499057479, "similarity": 0, "_step": 21, "_runtime": 1196, "_timestamp": 1610136157, "Table of best SMILES": {"_type": "table-file", "path": "media/table/Table of best SMILES_20_1c9e105a.table.json", "sha256": "1c9e105a37bb56679cb096d357f1e936a7d71777248df00533eaa5d2532944cf", "size": 4588, "ncols": 5, "nrows": 20}, "improvement": 2.4008097740551246, "original_score": -9.831578283326778, "new_score": -7.430768509271653, "improved": true}