{"fitness": -0.16540076583953198, "similarity": 0, "_step": 21, "_runtime": 976, "_timestamp": 1610960246, "Table of best SMILES": {"_type": "table-file", "path": "media/table/Table of best SMILES_20_f3441a00.table.json", "sha256": "f3441a00f6b8c541c915b5e85de02dfa6e567e7f1e4f9c067be82442dbb1f00c", "size": 4862, "ncols": 5, "nrows": 20}, "improvement": 3.5791901777947803, "original_score": -3.744590943634312, "new_score": -0.16540076583953198, "improved": true}