{"fitness": -0.9242779508506545, "similarity": 0, "_step": 21, "_runtime": 1131, "_timestamp": 1610441882, "Table of best SMILES": {"_type": "table-file", "path": "media/table/Table of best SMILES_20_023fde34.table.json", "sha256": "023fde343478b97dba118f49e29741dcf11abbdd91fdf02f63335494d820d0e5", "size": 4079, "ncols": 5, "nrows": 20}, "improvement": 0.9346710371538292, "original_score": -1.8589489880044836, "new_score": -0.9242779508506545, "improved": true}