{"fitness": 1.6516777485312966, "similarity": 0, "_step": 21, "_runtime": 744, "_timestamp": 1611044596, "Table of best SMILES": {"_type": "table-file", "path": "media/table/Table of best SMILES_20_e24b384c.table.json", "sha256": "e24b384c093017bedbe11279e8c9f3b1fd66e882c62fa66e3acdfa7c588e6c5a", "size": 5426, "ncols": 5, "nrows": 20}, "improvement": 3.7911951320369788, "original_score": -2.1395173835056824, "new_score": 1.6516777485312966, "improved": true}