{"fitness": -0.12226478145293515, "similarity": 0, "_step": 21, "_runtime": 2556, "_timestamp": 1611093530, "Table of best SMILES": {"_type": "table-file", "path": "media/table/Table of best SMILES_20_d4907937.table.json", "sha256": "d49079378d7ffe4b3e828ffe4814e5e3c7d9ec6cd056d05d0ec4b718410d4fb1", "size": 7317, "ncols": 5, "nrows": 20}, "improvement": 2.0143825798196495, "original_score": -2.1366473612725847, "new_score": -0.12226478145293515, "improved": true}