{"fitness": -1.1859655604597996, "similarity": 0, "_step": 21, "_runtime": 782, "_timestamp": 1610374003, "Table of best SMILES": {"_type": "table-file", "path": "media/table/Table of best SMILES_20_78c2a314.table.json", "sha256": "78c2a314728924bd55eb92db725ffd8b990ce42cc37775035eb0387bb4900af2", "size": 5416, "ncols": 5, "nrows": 20}, "improvement": 0.8215379750729499, "original_score": -2.0075035355327495, "new_score": -1.1859655604597996, "improved": true}