{"fitness": 1.1535410155751258, "similarity": 0, "_step": 21, "_runtime": 780, "_timestamp": 1610281744, "Table of best SMILES": {"_type": "table-file", "path": "media/table/Table of best SMILES_20_3326ca12.table.json", "sha256": "3326ca124b36c135ba2b26ecf4af19180f0dde59cf4aae22e74b4795e2cb388f", "size": 6163, "ncols": 5, "nrows": 20}, "improvement": 3.1927703458042225, "original_score": -2.0392293302290967, "new_score": 1.1535410155751258, "improved": true}