{"fitness": 0.9468501154932814, "similarity": 0, "_step": 21, "_runtime": 3621, "_timestamp": 1610836150, "Table of best SMILES": {"_type": "table-file", "path": "media/table/Table of best SMILES_20_96cdd340.table.json", "sha256": "96cdd3409881641f04892c541e1721f50d5f4f1f3f9abcd45fc030f13bb42671", "size": 4379, "ncols": 5, "nrows": 20}, "improvement": 3.167830895100481, "original_score": -1.8840038870211047, "new_score": 1.2838270080793768, "improved": true}