{"fitness": 0.7000690556682737, "similarity": 0, "_step": 21, "_runtime": 770, "_timestamp": 1610293342, "Table of best SMILES": {"_type": "table-file", "path": "media/table/Table of best SMILES_20_40fecf6b.table.json", "sha256": "40fecf6b63e41de2bcb4b2ced36de95255351f602964539afb49f9cce3f60246", "size": 3964, "ncols": 5, "nrows": 20}, "improvement": 2.035861481688984, "original_score": -1.3357924260207101, "new_score": 0.7000690556682737, "improved": true}