{"fitness": -1.4314546930889702, "similarity": 0, "_step": 21, "_runtime": 2565, "_timestamp": 1610543766, "Table of best SMILES": {"_type": "table-file", "path": "media/table/Table of best SMILES_20_03858d0a.table.json", "sha256": "03858d0a6edc771c775771f3aa2b99b83a6563122b1019382b3e8e40fb5523fb", "size": 6620, "ncols": 5, "nrows": 20}, "improvement": 2.8802723700756907, "original_score": -4.2319260037109565, "new_score": -1.3516536336352656, "improved": true}