{"fitness": -3.0644409952726557, "similarity": 0, "_step": 21, "_runtime": 818, "_timestamp": 1610221375, "Table of best SMILES": {"_type": "table-file", "path": "media/table/Table of best SMILES_20_9d05e082.table.json", "sha256": "9d05e082782f54da16cc10c69eb13c64fabd1e6942587bc40cd9b36017c97b73", "size": 4867, "ncols": 5, "nrows": 20}, "improvement": 0.0, "original_score": -3.0644409952726557, "new_score": -3.0644409952726557, "improved": false}