{"fitness": -2.703781757907299, "similarity": 0, "_step": 21, "_runtime": 1290, "_timestamp": 1610172404, "Table of best SMILES": {"_type": "table-file", "path": "media/table/Table of best SMILES_20_3cfb17ac.table.json", "sha256": "3cfb17ac9ffb4bb97eb5ce869277f08dcb9109884c4b2d24a70fb99ba792d1c5", "size": 5998, "ncols": 5, "nrows": 20}, "improvement": 4.31289628288666, "original_score": -7.016678040793959, "new_score": -2.703781757907299, "improved": true}