{"fitness": -1.6018830327939053, "similarity": 0, "_step": 21, "_runtime": 3582, "_timestamp": 1610716531, "Table of best SMILES": {"_type": "table-file", "path": "media/table/Table of best SMILES_20_8a9df235.table.json", "sha256": "8a9df23564d7c5d07155b5d80a135a3e8e6c2fbea01dc7d9ab3592b5b5628faa", "size": 6530, "ncols": 5, "nrows": 20}, "improvement": 0.5165509078845694, "original_score": -2.1184339406784747, "new_score": -1.6018830327939053, "improved": true}