{"fitness": -1.5761523776421191, "similarity": 0, "_step": 21, "_runtime": 774, "_timestamp": 1610298009, "Table of best SMILES": {"_type": "table-file", "path": "media/table/Table of best SMILES_20_fcf82c2b.table.json", "sha256": "fcf82c2bd68e214221752f1e1efa0105d55037dec18d64c02a5701fa6c747a25", "size": 4133, "ncols": 5, "nrows": 20}, "improvement": 3.371271068422155, "original_score": -4.947423446064274, "new_score": -1.5761523776421191, "improved": true}