{"fitness": 0.6433855582742704, "similarity": 0, "_step": 21, "_runtime": 2573, "_timestamp": 1610559012, "Table of best SMILES": {"_type": "table-file", "path": "media/table/Table of best SMILES_20_314f4d3c.table.json", "sha256": "314f4d3c0d77e243bfc3a1aece7477e493d9e7b38884e97f04bbbed22bb7cd2a", "size": 6333, "ncols": 5, "nrows": 20}, "improvement": 3.5929979275330446, "original_score": -2.9496123692587743, "new_score": 0.6433855582742704, "improved": true}