{"fitness": 2.3949796563208046, "similarity": 0, "_step": 21, "_runtime": 928, "_timestamp": 1610902808, "Table of best SMILES": {"_type": "table-file", "path": "media/table/Table of best SMILES_20_92b0662f.table.json", "sha256": "92b0662f4740df5f1ff52750a9883091179c64bc696987059c922ef5cf083bac", "size": 5053, "ncols": 5, "nrows": 20}, "improvement": 3.9014262040929433, "original_score": -1.5064465477721385, "new_score": 2.3949796563208046, "improved": true}