{"fitness": -0.6637057478003022, "similarity": 0, "_step": 21, "_runtime": 818, "_timestamp": 1610206840, "Table of best SMILES": {"_type": "table-file", "path": "media/table/Table of best SMILES_20_e4da3884.table.json", "sha256": "e4da3884492266e5ce7bbd9926e61433515327256c564fed122c778d30e6384f", "size": 6585, "ncols": 5, "nrows": 20}, "improvement": 3.322691228439849, "original_score": -3.9292251187681475, "new_score": -0.6065338903282984, "improved": true}