{"fitness": 2.4783524630744935, "similarity": 0, "_step": 21, "_runtime": 792, "_timestamp": 1610204919, "Table of best SMILES": {"_type": "table-file", "path": "media/table/Table of best SMILES_20_6b0ce219.table.json", "sha256": "6b0ce2198465a91baf566687fd7d7574f2be7efe44d213ed8ec8d18655164d3b", "size": 5399, "ncols": 5, "nrows": 20}, "improvement": 5.351218646600833, "original_score": -2.8728661835263396, "new_score": 2.4783524630744935, "improved": true}