{"fitness": 1.5166086255223123, "similarity": 0, "_step": 21, "_runtime": 764, "_timestamp": 1610190153, "Table of best SMILES": {"_type": "table-file", "path": "media/table/Table of best SMILES_20_08f3d8c0.table.json", "sha256": "08f3d8c0a589b787cb2db36f4210c44c0d289e1300931ac28ded2f2ec95b94a6", "size": 4617, "ncols": 5, "nrows": 20}, "improvement": 2.431610824626719, "original_score": -0.9150021991044066, "new_score": 1.5166086255223123, "improved": true}