{"fitness": -0.5949239763030195, "similarity": 0, "_step": 21, "_runtime": 752, "_timestamp": 1610280960, "Table of best SMILES": {"_type": "table-file", "path": "media/table/Table of best SMILES_20_d09b3621.table.json", "sha256": "d09b362180239e4ae1d049fbf8ca4d4623aee1c7967a0aa881fbe39b9fad760f", "size": 4413, "ncols": 5, "nrows": 20}, "improvement": 1.6646098472987534, "original_score": -2.259533823601773, "new_score": -0.5949239763030195, "improved": true}