{"fitness": 3.1061929379270765, "similarity": 0, "_step": 21, "_runtime": 735, "_timestamp": 1611054895, "Table of best SMILES": {"_type": "table-file", "path": "media/table/Table of best SMILES_20_1de6c31b.table.json", "sha256": "1de6c31b985deaa26ae5232698fe57ca2f8b5a74edfe5a949f775126c87ba785", "size": 5599, "ncols": 5, "nrows": 20}, "improvement": 5.363067577345246, "original_score": -2.25687463941817, "new_score": 3.1061929379270765, "improved": true}