{"fitness": 2.704604288899348, "similarity": 0, "_step": 21, "_runtime": 718, "_timestamp": 1611046800, "Table of best SMILES": {"_type": "table-file", "path": "media/table/Table of best SMILES_20_16000896.table.json", "sha256": "16000896ec7b7cac6cac54f26ca7b8a16d30b5d781eb03a35b1245a486527e05", "size": 6634, "ncols": 5, "nrows": 20}, "improvement": 5.430497047092285, "original_score": -2.7258927581929364, "new_score": 2.704604288899348, "improved": true}