{"fitness": -1.9776581950345855, "similarity": 0, "_step": 21, "_runtime": 1231, "_timestamp": 1610150518, "Table of best SMILES": {"_type": "table-file", "path": "media/table/Table of best SMILES_20_113ca1b9.table.json", "sha256": "113ca1b90e5a9293d927c10d5651634f2cbd78c003ddbb97ceea57011b085b69", "size": 5875, "ncols": 5, "nrows": 20}, "improvement": 0.7175611435589706, "original_score": -2.695219338593556, "new_score": -1.9776581950345855, "improved": true}