{"fitness": -2.379336524732225, "similarity": 0, "_step": 21, "_runtime": 871, "_timestamp": 1610379043, "Table of best SMILES": {"_type": "table-file", "path": "media/table/Table of best SMILES_20_bccfba08.table.json", "sha256": "bccfba0832dff857f640320c138752192daaa11963e684337001b360d441a760", "size": 4361, "ncols": 5, "nrows": 20}, "improvement": 0.0, "original_score": -2.379336524732225, "new_score": -2.379336524732225, "improved": false}