{"fitness": 0.9281655223484707, "similarity": 0, "_step": 21, "_runtime": 960, "_timestamp": 1610893612, "Table of best SMILES": {"_type": "table-file", "path": "media/table/Table of best SMILES_20_862a30f1.table.json", "sha256": "862a30f1f1f69c27e4d23ac89e0cad4f3170ff5c982cd02a8345c08eec917348", "size": 6714, "ncols": 5, "nrows": 20}, "improvement": 3.8234765379616205, "original_score": -2.89531101561315, "new_score": 0.9281655223484707, "improved": true}