{"fitness": 2.004595341561254, "similarity": 0, "_step": 21, "_runtime": 1016, "_timestamp": 1610982745, "Table of best SMILES": {"_type": "table-file", "path": "media/table/Table of best SMILES_20_4d3b522d.table.json", "sha256": "4d3b522df3d2c02ea40ea0dc16c45073e3c2da2839e89c2e1da5dd5461d03663", "size": 4915, "ncols": 5, "nrows": 20}, "improvement": 4.894654715926111, "original_score": -2.8900593743648573, "new_score": 2.004595341561254, "improved": true}