{"fitness": 0.29257993812677197, "similarity": 0, "_step": 21, "_runtime": 785, "_timestamp": 1610247795, "Table of best SMILES": {"_type": "table-file", "path": "media/table/Table of best SMILES_20_ac49a8b0.table.json", "sha256": "ac49a8b07cc94260f74b558c62b3fda903b907d759293beff29d512a5993929d", "size": 4618, "ncols": 5, "nrows": 20}, "improvement": 1.2075821372311786, "original_score": -0.9150021991044066, "new_score": 0.29257993812677197, "improved": true}