{"fitness": -2.905937754000608, "similarity": 0, "_step": 21, "_runtime": 754, "_timestamp": 1610302623, "Table of best SMILES": {"_type": "table-file", "path": "media/table/Table of best SMILES_20_4adccc6a.table.json", "sha256": "4adccc6a257cb789bdf35208681d8485389b416f6000afe3f76387c2d7f4bb8b", "size": 5332, "ncols": 5, "nrows": 20}, "improvement": 0.0, "original_score": -2.905937754000608, "new_score": -2.905937754000608, "improved": false}