{"fitness": -999994.1263971574, "similarity": -1000000, "_step": 21, "_runtime": 887, "_timestamp": 1610848286, "Table of best SMILES": {"_type": "table-file", "path": "media/table/Table of best SMILES_20_6638de75.table.json", "sha256": "6638de7554278c7c3f531570c9384fd2d74db1edc4d427f152363c65a5a71318", "size": 7402, "ncols": 5, "nrows": 20}, "improvement": 10.189554058597423, "original_score": -1000004.315951216, "new_score": -999994.1263971574, "improved": true}