{"fitness": 2.0838773360423906, "similarity": 0, "_step": 21, "_runtime": 766, "_timestamp": 1611009801, "Table of best SMILES": {"_type": "table-file", "path": "media/table/Table of best SMILES_20_293301a3.table.json", "sha256": "293301a3fefb88846f20197319f7c4019a472bfaeef71a01e239cdc7450bd30e", "size": 6695, "ncols": 5, "nrows": 20}, "improvement": 4.50144187201663, "original_score": -2.4175645359742397, "new_score": 2.0838773360423906, "improved": true}