{"fitness": 2.667683750696712, "similarity": 0, "_step": 21, "_runtime": 951, "_timestamp": 1610879500, "Table of best SMILES": {"_type": "table-file", "path": "media/table/Table of best SMILES_20_ed023d96.table.json", "sha256": "ed023d967da352122af4ae3b2ad346808e88ad282831b77b30536e09e75562ab", "size": 7161, "ncols": 5, "nrows": 20}, "improvement": 5.020836910398106, "original_score": -2.353153159701394, "new_score": 2.667683750696712, "improved": true}