{"fitness": -0.151452716059111, "similarity": 0, "_step": 21, "_runtime": 744, "_timestamp": 1611028764, "Table of best SMILES": {"_type": "table-file", "path": "media/table/Table of best SMILES_20_f7076a98.table.json", "sha256": "f7076a98070d3433a7f772d88624f7604fd429a6bdc7299fb0c70f47ca56ea56", "size": 4044, "ncols": 5, "nrows": 20}, "improvement": 1.9425423834893383, "original_score": -2.040143128544723, "new_score": -0.09760074505538471, "improved": true}