{"fitness": 3.123912970684663, "similarity": 0, "_step": 21, "_runtime": 1009, "_timestamp": 1611114510, "Table of best SMILES": {"_type": "table-file", "path": "media/table/Table of best SMILES_20_1a79621f.table.json", "sha256": "1a79621fd32a56fc9b783a7a75e407374a8d63a383e8291dc3c18e239605a18b", "size": 7992, "ncols": 5, "nrows": 20}, "improvement": 5.571480758395561, "original_score": -2.4475677877108972, "new_score": 3.123912970684663, "improved": true}