{"fitness": -0.7074257483806243, "similarity": 0, "_step": 21, "_runtime": 1075, "_timestamp": 1611005207, "Table of best SMILES": {"_type": "table-file", "path": "media/table/Table of best SMILES_20_87c6c7fa.table.json", "sha256": "87c6c7fa4f13b6d9cdc5a54ba310f134d04ad20c73f712d7e08abb53f68a8411", "size": 3443, "ncols": 5, "nrows": 20}, "improvement": 6.450264898132385, "original_score": -7.157690646513009, "new_score": -0.7074257483806243, "improved": true}