{"fitness": 2.0644179091444115, "similarity": 0, "_step": 21, "_runtime": 766, "_timestamp": 1611021940, "Table of best SMILES": {"_type": "table-file", "path": "media/table/Table of best SMILES_20_b35892f6.table.json", "sha256": "b35892f6f4cce4e54e6c4c4ca48043f6ecc7a89c0092be8d4d70eb453a36093d", "size": 7709, "ncols": 5, "nrows": 20}, "improvement": 4.120094120287799, "original_score": -2.0556762111433877, "new_score": 2.0644179091444115, "improved": true}