{"fitness": -999993.9027590688, "similarity": -1000000, "_step": 21, "_runtime": 2455, "_timestamp": 1611050730, "Table of best SMILES": {"_type": "table-file", "path": "media/table/Table of best SMILES_20_56575950.table.json", "sha256": "565759508ab739cc6c4b3acad8a91be4742a92a0eb394420ddefd90337402f65", "size": 6175, "ncols": 5, "nrows": 20}, "improvement": 12.452911307103932, "original_score": -1000006.3556703759, "new_score": -999993.9027590688, "improved": true}