{"fitness": -2.8206224850626103, "similarity": 0, "_step": 21, "_runtime": 1175, "_timestamp": 1610455757, "Table of best SMILES": {"_type": "table-file", "path": "media/table/Table of best SMILES_20_d6abbcfb.table.json", "sha256": "d6abbcfbe6bebf2c4cc471db1d944d0a5a6e0c31f58f1139b17659e0f2c0a4a6", "size": 4821, "ncols": 5, "nrows": 20}, "improvement": 0.0, "original_score": -2.8206224850626103, "new_score": -2.8206224850626103, "improved": false}