{"fitness": -0.9751968952289134, "similarity": 0, "_step": 21, "_runtime": 2656, "_timestamp": 1610574762, "Table of best SMILES": {"_type": "table-file", "path": "media/table/Table of best SMILES_20_1d5f0756.table.json", "sha256": "1d5f0756e595a072e3a8b28ceb7d9b3f2983c32e3959c88479cc03fd411c07a6", "size": 6948, "ncols": 5, "nrows": 20}, "improvement": 1.0989358178630753, "original_score": -2.0741327130919887, "new_score": -0.9751968952289134, "improved": true}