{"fitness": 2.5752310587906035, "similarity": 0, "_step": 21, "_runtime": 1234, "_timestamp": 1610141223, "Table of best SMILES": {"_type": "table-file", "path": "media/table/Table of best SMILES_20_054abcbc.table.json", "sha256": "054abcbc75d5fdd87f9a834b9c62b9b7c28aee594d9491b675f5023fed9dccb1", "size": 5577, "ncols": 5, "nrows": 20}, "improvement": 4.663886417289557, "original_score": -2.0886553584989542, "new_score": 2.5752310587906035, "improved": true}