{"fitness": -2.6428769680666764, "similarity": 0, "_step": 21, "_runtime": 924, "_timestamp": 1610926117, "Table of best SMILES": {"_type": "table-file", "path": "media/table/Table of best SMILES_20_c506b539.table.json", "sha256": "c506b5398eb1fe1901495f6a5695e1cb90e5f1a1a7f4b916d4cd8a273575753c", "size": 3224, "ncols": 5, "nrows": 20}, "improvement": 2.205959094635048, "original_score": -4.566428608534698, "new_score": -2.3604695138996505, "improved": true}