{"fitness": -999992.541929266, "similarity": -1000000, "_step": 21, "_runtime": 801, "_timestamp": 1610277040, "Table of best SMILES": {"_type": "table-file", "path": "media/table/Table of best SMILES_20_abb35af1.table.json", "sha256": "abb35af1730bd193e3a6b3411bf959846399f1c9831ad10170792b09aa5d9055", "size": 6290, "ncols": 5, "nrows": 20}, "improvement": 9.463584281271324, "original_score": -1000002.0055135472, "new_score": -999992.541929266, "improved": true}