{"fitness": -1.6892425537117504, "similarity": 0, "_step": 21, "_runtime": 782, "_timestamp": 1610243443, "Table of best SMILES": {"_type": "table-file", "path": "media/table/Table of best SMILES_20_5445d748.table.json", "sha256": "5445d748e5cac4affc73ff20b0b496dafa686d4977c7b73b7f291f35814e15d6", "size": 7931, "ncols": 5, "nrows": 20}, "improvement": 1.4980755554706802, "original_score": -3.1873181091824305, "new_score": -1.6892425537117504, "improved": true}