{"fitness": -1.3383315973575909, "similarity": 0, "_step": 21, "_runtime": 898, "_timestamp": 1610364592, "Table of best SMILES": {"_type": "table-file", "path": "media/table/Table of best SMILES_20_0307fd23.table.json", "sha256": "0307fd2385161f9ec57b8b3ed715348cbece6b7588f45b33def7af310e752669", "size": 6240, "ncols": 5, "nrows": 20}, "improvement": 0.0, "original_score": -1.3383315973575909, "new_score": -1.3383315973575909, "improved": false}