{"fitness": -0.2239071696753068, "similarity": 0, "_step": 21, "_runtime": 3556, "_timestamp": 1610730669, "Table of best SMILES": {"_type": "table-file", "path": "media/table/Table of best SMILES_20_769b469d.table.json", "sha256": "769b469d11fc42922b350b3137189f34516b23f79490ee96f18b51c02ea22ce3", "size": 7029, "ncols": 5, "nrows": 20}, "improvement": 1.8572291783652344, "original_score": -2.081136348040541, "new_score": -0.2239071696753068, "improved": true}