{"fitness": 1.6238480618564355, "similarity": 0, "_step": 21, "_runtime": 1001, "_timestamp": 1610981726, "Table of best SMILES": {"_type": "table-file", "path": "media/table/Table of best SMILES_20_69024bbf.table.json", "sha256": "69024bbf87a678dea41dee0a3d6215737691acf72443695e1bb462f48dcbffb3", "size": 4713, "ncols": 5, "nrows": 20}, "improvement": 2.647761920489605, "original_score": -1.0239138586331695, "new_score": 1.6238480618564355, "improved": true}