{"fitness": 2.901434528122413, "similarity": 0, "_step": 21, "_runtime": 1296, "_timestamp": 1610164605, "Table of best SMILES": {"_type": "table-file", "path": "media/table/Table of best SMILES_20_f422e5a5.table.json", "sha256": "f422e5a51de12fbbfbf1721caa70642f2ac2d2e92cff365941a074960bb2b252", "size": 5138, "ncols": 5, "nrows": 20}, "improvement": 4.975145067915596, "original_score": -2.0737105397931828, "new_score": 2.901434528122413, "improved": true}