{"fitness": 2.221788414856449, "similarity": 0, "_step": 21, "_runtime": 995, "_timestamp": 1610949345, "Table of best SMILES": {"_type": "table-file", "path": "media/table/Table of best SMILES_20_09cccd55.table.json", "sha256": "09cccd55b013d329d1e2b83f4f6e9e74414fa6a84295d17470a7a711fa53d899", "size": 6370, "ncols": 5, "nrows": 20}, "improvement": 5.854436616864222, "original_score": -3.6326482020077733, "new_score": 2.221788414856449, "improved": true}