{"fitness": -999993.8841230513, "similarity": -1000000, "_step": 21, "_runtime": 849, "_timestamp": 1610213275, "Table of best SMILES": {"_type": "table-file", "path": "media/table/Table of best SMILES_20_bd411478.table.json", "sha256": "bd411478a6a586062167b735426162659450086330f5f98ebb3439496eba84b2", "size": 7607, "ncols": 5, "nrows": 20}, "improvement": 8.754284526221454, "original_score": -1000002.6384075775, "new_score": -999993.8841230513, "improved": true}