{"fitness": -2.165856104166561, "similarity": 0, "_step": 21, "_runtime": 805, "_timestamp": 1610237910, "Table of best SMILES": {"_type": "table-file", "path": "media/table/Table of best SMILES_20_e15ed5f1.table.json", "sha256": "e15ed5f1fccd97e1be6d6ad250191f9a0042e0bba283f334c74a231fb47b3ff4", "size": 5468, "ncols": 5, "nrows": 20}, "improvement": 1.4888423376861015, "original_score": -2.81332505697653, "new_score": -1.3244827192904285, "improved": true}