{"fitness": 3.198879668448733, "similarity": 0, "_step": 21, "_runtime": 851, "_timestamp": 1611083611, "Table of best SMILES": {"_type": "table-file", "path": "media/table/Table of best SMILES_20_68697cf1.table.json", "sha256": "68697cf1b91b4dbe9773a4af2aa7a05c20f030715465e3d5a7338175b065ab63", "size": 7334, "ncols": 5, "nrows": 20}, "improvement": 6.627545616316567, "original_score": -3.428665947867834, "new_score": 3.198879668448733, "improved": true}