{"fitness": 2.419341882086346, "similarity": 0, "_step": 21, "_runtime": 755, "_timestamp": 1611029522, "Table of best SMILES": {"_type": "table-file", "path": "media/table/Table of best SMILES_20_2f41382c.table.json", "sha256": "2f41382c1d70df966a8c9ca68fb7647170c2f685b5f8936b72ce2b9fab578f81", "size": 4661, "ncols": 5, "nrows": 20}, "improvement": 4.195002384427043, "original_score": -1.775660502340697, "new_score": 2.419341882086346, "improved": true}