{"fitness": -0.3388757724983471, "similarity": 0, "_step": 21, "_runtime": 2622, "_timestamp": 1611119398, "Table of best SMILES": {"_type": "table-file", "path": "media/table/Table of best SMILES_20_8ea85d28.table.json", "sha256": "8ea85d28a83b43922b28650e35f620d8dba410a65b59e889fa50415d042569bf", "size": 7455, "ncols": 5, "nrows": 20}, "improvement": 2.1449305386785387, "original_score": -2.483806311176886, "new_score": -0.3388757724983471, "improved": true}