{"fitness": 1.8365585276463072, "similarity": 0, "_step": 21, "_runtime": 1291, "_timestamp": 1610172341, "Table of best SMILES": {"_type": "table-file", "path": "media/table/Table of best SMILES_20_9a8d0cfa.table.json", "sha256": "9a8d0cfa2e263cee1d137b13f2d3883d17cda3d7e255f43f41f10759b366998b", "size": 5961, "ncols": 5, "nrows": 20}, "improvement": 9.003979286484956, "original_score": -7.016678040793959, "new_score": 1.9873012456909966, "improved": true}