{"fitness": -2.8719291135175764, "similarity": 0, "_step": 21, "_runtime": 2365, "_timestamp": 1610526656, "Table of best SMILES": {"_type": "table-file", "path": "media/table/Table of best SMILES_20_8d91c4f8.table.json", "sha256": "8d91c4f81242195ddfcc29baaadd1b37d66c345c2dd89bb629b9285c5d7cdf25", "size": 3703, "ncols": 5, "nrows": 20}, "improvement": 0.3282968207264685, "original_score": -3.200225934244045, "new_score": -2.8719291135175764, "improved": true}