{"fitness": -999997.1008892506, "similarity": -1000000, "_step": 21, "_runtime": 1303, "_timestamp": 1610475194, "Table of best SMILES": {"_type": "table-file", "path": "media/table/Table of best SMILES_20_ef65bdbf.table.json", "sha256": "ef65bdbf0fe5a77a31702706b654c60e5837501497cfebcc49e961ce23eda1df", "size": 6199, "ncols": 5, "nrows": 20}, "improvement": 5.125098212622106, "original_score": -1000002.2259874633, "new_score": -999997.1008892506, "improved": true}