{"fitness": 1.5819490366316455, "similarity": 0, "_step": 21, "_runtime": 1067, "_timestamp": 1610984861, "Table of best SMILES": {"_type": "table-file", "path": "media/table/Table of best SMILES_20_c4d3e33f.table.json", "sha256": "c4d3e33ff0826a0214d7484fbb785e8ea1a2f4be0552b0aa3eb9cfda5baee32d", "size": 6499, "ncols": 5, "nrows": 20}, "improvement": 4.6643631075246015, "original_score": -2.7781439188864394, "new_score": 1.886219188638162, "improved": true}