{"fitness": 1.0150815212533122, "similarity": 0, "_step": 21, "_runtime": 786, "_timestamp": 1610272387, "Table of best SMILES": {"_type": "table-file", "path": "media/table/Table of best SMILES_20_f33b6461.table.json", "sha256": "f33b64613fa1bb8085985a9937506c3221b7d281bbae94d2e56a9df405108527", "size": 5061, "ncols": 5, "nrows": 20}, "improvement": 3.050060352328704, "original_score": -2.0349788310753922, "new_score": 1.0150815212533122, "improved": true}