{"fitness": -3.3542677052374277, "similarity": 0, "_step": 21, "_runtime": 1240, "_timestamp": 1610149599, "Table of best SMILES": {"_type": "table-file", "path": "media/table/Table of best SMILES_20_a7fc6522.table.json", "sha256": "a7fc6522ec2429204a3dee6873aaeeaf8adf046ca70c05dcc5c979f647f74140", "size": 3730, "ncols": 5, "nrows": 20}, "improvement": 1.3163636475717855, "original_score": -4.670631352809213, "new_score": -3.3542677052374277, "improved": true}