{"fitness": 0.1904202393906004, "similarity": 0, "_step": 21, "_runtime": 2456, "_timestamp": 1611053190, "Table of best SMILES": {"_type": "table-file", "path": "media/table/Table of best SMILES_20_bd811862.table.json", "sha256": "bd811862bd2f21452c9c49a451986bafe03b3a64a0e08745293e1c127cd0d88c", "size": 3913, "ncols": 5, "nrows": 20}, "improvement": 2.683917543166834, "original_score": -2.4934973037762336, "new_score": 0.1904202393906004, "improved": true}