{"fitness": 1.7946755169325763, "similarity": 0, "_step": 21, "_runtime": 983, "_timestamp": 1610959266, "Table of best SMILES": {"_type": "table-file", "path": "media/table/Table of best SMILES_20_3a9cae8a.table.json", "sha256": "3a9cae8adf3febce001e69638994ce5716f5eb33de34a84e1e66c864e4ebb50e", "size": 6142, "ncols": 5, "nrows": 20}, "improvement": 3.4962864293407137, "original_score": -1.7016109124081373, "new_score": 1.7946755169325763, "improved": true}