{"fitness": 10.609332524491778, "fitness_no_discr": 2.4554640170298514, "_step": 43, "_runtime": 2136, "_timestamp": 1610032384, "graph_0": {"_type": "graph-file", "path": "media/graph/graph_0_summary_db663803.graph.json", "sha256": "db663803f7e927d1eb14f37fc7b25b910fccb8c68088efd755b2cd89a3e0162a", "size": 723}}