{"fitness": 0.47177122405857697, "similarity": 0, "_step": 21, "_runtime": 1136, "_timestamp": 1610428678, "Table of best SMILES": {"_type": "table-file", "path": "media/table/Table of best SMILES_20_e8b3a507.table.json", "sha256": "e8b3a507ed7e63ee240d209a78f1461a6293ccc1e2246e225238ee6c0dce5ab6", "size": 7055, "ncols": 5, "nrows": 20}, "improvement": 3.344483128986257, "original_score": -2.7422355821171034, "new_score": 0.6022475468691537, "improved": true}