{"fitness": -999993.8573581197, "similarity": -1000000, "_step": 21, "_runtime": 2510, "_timestamp": 1611070630, "Table of best SMILES": {"_type": "table-file", "path": "media/table/Table of best SMILES_20_830054d0.table.json", "sha256": "830054d0c6ac7db4f69780e357f441e245f33e6fe1f98cad7e0e9f7d03e7100b", "size": 7866, "ncols": 5, "nrows": 20}, "improvement": 9.810258737416007, "original_score": -1000003.6676168571, "new_score": -999993.8573581197, "improved": true}