{"fitness": 1.4040236672045041, "similarity": 0, "_step": 21, "_runtime": 941, "_timestamp": 1610932828, "Table of best SMILES": {"_type": "table-file", "path": "media/table/Table of best SMILES_20_db6f765b.table.json", "sha256": "db6f765ba4e8e2591581c9c1760e7ae5dba55b7baa5159a59bf67a9ae87ab3a1", "size": 3420, "ncols": 5, "nrows": 20}, "improvement": 3.684433110496755, "original_score": -2.280409443292251, "new_score": 1.4040236672045041, "improved": true}