{"fitness": -1.6139318192123273, "similarity": 0, "_step": 21, "_runtime": 873, "_timestamp": 1610843782, "Table of best SMILES": {"_type": "table-file", "path": "media/table/Table of best SMILES_20_ef7e2cea.table.json", "sha256": "ef7e2ceaf8287b546f78df4ac72c6a9a69fc4646671f8b05913d825cfa869830", "size": 4014, "ncols": 5, "nrows": 20}, "improvement": 1.0244757582842308, "original_score": -2.638407577496558, "new_score": -1.6139318192123273, "improved": true}