{"fitness": -6.4171846473246426, "similarity": 0, "_step": 21, "_runtime": 796, "_timestamp": 1610250951, "Table of best SMILES": {"_type": "table-file", "path": "media/table/Table of best SMILES_20_bdc3a81a.table.json", "sha256": "bdc3a81ad958ed5280659b0df4b234659f6d2af96ad77c7d467c71d87b748c0e", "size": 6970, "ncols": 5, "nrows": 20}, "improvement": 0.618477204542101, "original_score": -7.0356618518667435, "new_score": -6.4171846473246426, "improved": true}