{"fitness": 2.2730335862854676, "similarity": 0, "_step": 21, "_runtime": 2488, "_timestamp": 1611063107, "Table of best SMILES": {"_type": "table-file", "path": "media/table/Table of best SMILES_20_b6fdcf26.table.json", "sha256": "b6fdcf26252eef9ce817b9fbc99bd4a7d41561f627463c6aa1e832675ddb9395", "size": 5275, "ncols": 5, "nrows": 20}, "improvement": 3.720013015336047, "original_score": -1.4469794290505795, "new_score": 2.2730335862854676, "improved": true}