{"fitness": 2.201008000312456, "similarity": 0, "_step": 21, "_runtime": 1278, "_timestamp": 1610176165, "Table of best SMILES": {"_type": "table-file", "path": "media/table/Table of best SMILES_20_8ce7677c.table.json", "sha256": "8ce7677c12ff437c5cdc9d33be484c354264da676e93b421e4741384db3ff4b0", "size": 7849, "ncols": 5, "nrows": 20}, "improvement": 4.908890401681301, "original_score": -2.707882401368845, "new_score": 2.201008000312456, "improved": true}