{"fitness": -1.0358095404571797, "similarity": 0, "_step": 21, "_runtime": 769, "_timestamp": 1610375585, "Table of best SMILES": {"_type": "table-file", "path": "media/table/Table of best SMILES_20_6dbe18b5.table.json", "sha256": "6dbe18b55c6a40c0061f4649f05619e5ab83701e734f4d05ffe70cbd71d23bce", "size": 5068, "ncols": 5, "nrows": 20}, "improvement": 1.155587359367033, "original_score": -2.1913968998242126, "new_score": -1.0358095404571797, "improved": true}