{"fitness": 0.9351750629928225, "similarity": 0, "_step": 21, "_runtime": 758, "_timestamp": 1610326576, "Table of best SMILES": {"_type": "table-file", "path": "media/table/Table of best SMILES_20_3cb7e99c.table.json", "sha256": "3cb7e99cc5487dc8c6dabe6b506b282062510ced5e850e42f8d6163fcac3a679", "size": 3760, "ncols": 5, "nrows": 20}, "improvement": 2.7144971967903206, "original_score": -1.7793221337974983, "new_score": 0.9351750629928225, "improved": true}