{"fitness": 1.0696887074086867, "similarity": 0, "_step": 21, "_runtime": 838, "_timestamp": 1610383349, "Table of best SMILES": {"_type": "table-file", "path": "media/table/Table of best SMILES_20_e4a76d1a.table.json", "sha256": "e4a76d1a752e9d13695770d361d801961dd6bdd783d6dfb4e70360ea30f58f03", "size": 5481, "ncols": 5, "nrows": 20}, "improvement": 2.9181686622909635, "original_score": -1.8484799548822768, "new_score": 1.0696887074086867, "improved": true}