{"fitness": -0.19968227196432473, "similarity": 0, "_step": 21, "_runtime": 771, "_timestamp": 1610332754, "Table of best SMILES": {"_type": "table-file", "path": "media/table/Table of best SMILES_20_11a5e94c.table.json", "sha256": "11a5e94ca3a24e1123c13f8e07819adea15ba6fe2343b9e3d5d80769115fdee2", "size": 5357, "ncols": 5, "nrows": 20}, "improvement": 3.6827326608238806, "original_score": -1.6468844897653185, "new_score": 2.035848171058562, "improved": true}