{"fitness": 21.673037545110635, "fitness_no_discr": 31.678326302994154, "discriminator": 0.0005127131589688361, "_step": 500, "_runtime": 26263, "_timestamp": 1610058784, "graph_0": {"_type": "graph-file", "path": "media/graph/graph_0_summary_19347dea.graph.json", "sha256": "19347dea913df3afcfb06e1ebd251805975d3397ef9724b2ab76d2e49b748917", "size": 723}, "gradients/predict.bias": {"_type": "histogram", "values": [0.0, 0.0, 0.0, 0.0, 0.0, 0.0, 0.0, 0.0, 0.0, 0.0, 0.0, 0.0, 0.0, 0.0, 0.0, 0.0, 0.0, 0.0, 0.0, 0.0, 0.0, 0.0, 0.0, 0.0, 0.0, 0.0, 0.0, 0.0, 0.0, 0.0, 0.0, 0.0, 1.0, 0.0, 0.0, 0.0, 0.0, 0.0, 0.0, 0.0, 0.0, 0.0, 0.0, 0.0, 0.0, 0.0, 0.0, 0.0, 0.0, 0.0, 0.0, 0.0, 0.0, 0.0, 0.0, 0.0, 0.0, 0.0, 0.0, 0.0, 0.0, 0.0, 0.0, 0.0], "bins": [-0.0011665571946650743, -0.0011665571946650743, -0.0011665571946650743, -0.0011665571946650743, -0.0011665571946650743, -0.0011665571946650743, -0.0011665571946650743, -0.0011665571946650743, -0.0011665571946650743, -0.0011665571946650743, -0.0011665571946650743, -0.0011665571946650743, -0.0011665571946650743, -0.0011665571946650743, -0.0011665571946650743, -0.0011665571946650743, -0.0011665571946650743, -0.0011665571946650743, -0.0011665571946650743, -0.0011665571946650743, -0.0011665571946650743, -0.0011665571946650743, -0.0011665571946650743, -0.0011665571946650743, -0.0011665571946650743, -0.0011665571946650743, -0.0011665571946650743, -0.0011665571946650743, -0.0011665571946650743, -0.0011665571946650743, -0.0011665571946650743, -0.0011665571946650743, -0.0011665571946650743, -0.0011665571946650743, -0.0011665571946650743, -0.0011665571946650743, -0.0011665571946650743, -0.0011665571946650743, -0.0011665571946650743, -0.0011665571946650743, -0.0011665571946650743, -0.0011665571946650743, -0.0011665571946650743, -0.0011665571946650743, -0.0011665571946650743, -0.0011665571946650743, -0.0011665571946650743, -0.0011665571946650743, -0.0011665571946650743, -0.0011665571946650743, -0.0011665571946650743, -0.0011665571946650743, -0.0011665571946650743, -0.0011665571946650743, -0.0011665571946650743, -0.0011665571946650743, -0.0011665571946650743, -0.0011665571946650743, -0.0011665571946650743, -0.0011665571946650743, -0.0011665571946650743, -0.0011665571946650743, -0.0011665571946650743, -0.0011665571946650743, -0.0011665571946650743]}, "gradients/predict.weight": {"_type": "histogram", "values": [3.0, 0.0, 0.0, 0.0, 0.0, 0.0, 0.0, 0.0, 0.0, 0.0, 0.0, 0.0, 0.0, 0.0, 0.0, 0.0, 0.0, 0.0, 0.0, 0.0, 0.0, 0.0, 0.0, 0.0, 0.0, 0.0, 0.0, 0.0, 0.0, 0.0, 0.0, 0.0, 0.0, 0.0, 0.0, 0.0, 0.0, 0.0, 0.0, 0.0, 0.0, 0.0, 0.0, 0.0, 0.0, 0.0, 0.0, 0.0, 0.0, 0.0, 0.0, 0.0, 0.0, 0.0, 0.0, 0.0, 0.0, 0.0, 0.0, 0.0, 0.0, 0.0, 0.0, 7.0], "bins": [-0.0014578227419406176, -0.0014306145021691918, -0.001403406378813088, -0.0013761981390416622, -0.0013489900156855583, -0.0013217817759141326, -0.0012945735361427069, -0.001267365412786603, -0.0012401571730151772, -0.0012129490496590734, -0.0011857408098876476, -0.0011585326865315437, -0.001131324446760118, -0.0011041162069886923, -0.0010769080836325884, -0.0010496998438611627, -0.001022491604089737, -0.000995283480733633, -0.0009680752991698682, -0.0009408670593984425, -0.0009136588778346777, -0.0008864506962709129, -0.0008592425147071481, -0.0008320343331433833, -0.0008048261515796185, -0.0007776179118081927, -0.0007504097302444279, -0.0007232015486806631, -0.0006959933671168983, -0.0006687851855531335, -0.0006415769457817078, -0.000614368764217943, -0.0005871605826541781, -0.0005599524010904133, -0.0005327442195266485, -0.0005055359797552228, -0.0004783278563991189, -0.0004511196166276932, -0.00042391137685626745, -0.00039670325350016356, -0.00036949501372873783, -0.00034228689037263393, -0.0003150786506012082, -0.0002878704108297825, -0.0002606622874736786, -0.00023345404770225286, -0.00020624592434614897, -0.00017903768457472324, -0.00015182956121861935, -0.00012462132144719362, -9.74130816757679e-05, -7.0204958319664e-05, -4.299671854823828e-05, -1.578859519213438e-05, 1.1419644579291344e-05, 3.862788435071707e-05, 6.583600770682096e-05, 9.304424747824669e-05, 0.00012025237083435059, 0.0001474606106057763, 0.00017466885037720203, 0.00020187697373330593, 0.00022908521350473166, 0.00025629333686083555, 0.0002835015766322613]}, "gradients/hidden.1.bias": {"_type": "histogram", "values": [3.0, 0.0, 0.0, 0.0, 0.0, 0.0, 0.0, 0.0, 0.0, 0.0, 0.0, 0.0, 0.0, 0.0, 0.0, 0.0, 0.0, 0.0, 0.0, 0.0, 0.0, 0.0, 0.0, 0.0, 0.0, 0.0, 0.0, 0.0, 0.0, 0.0, 0.0, 0.0, 0.0, 0.0, 0.0, 0.0, 0.0, 0.0, 0.0, 0.0, 0.0, 0.0, 0.0, 0.0, 0.0, 0.0, 0.0, 0.0, 0.0, 0.0, 0.0, 0.0, 0.0, 0.0, 0.0, 0.0, 0.0, 0.0, 0.0, 0.0, 0.0, 0.0, 2.0, 5.0], "bins": [-5.6189648603321984e-05, -5.451464676298201e-05, -5.283964492264204e-05, -5.1164643082302064e-05, -4.948963760398328e-05, -4.781463576364331e-05, -4.6139633923303336e-05, -4.446463208296336e-05, -4.278963024262339e-05, -4.111462476430461e-05, -3.9439622923964635e-05, -3.776462108362466e-05, -3.608961924328469e-05, -3.4414617402944714e-05, -3.273961192462593e-05, -3.106461008428596e-05, -2.9389608243945986e-05, -2.7714606403606012e-05, -2.6039602744276635e-05, -2.4364599084947258e-05, -2.2689597244607285e-05, -2.101459540426731e-05, -1.9339593563927338e-05, -1.7664591723587364e-05, -1.598958988324739e-05, -1.431458440492861e-05, -1.2639582564588636e-05, -1.0964580724248663e-05, -9.289578883908689e-06, -7.6145770435687155e-06, -5.939571565249935e-06, -4.264569724909961e-06, -2.5895678845699877e-06, -9.145660442300141e-07, 7.604357961099595e-07, 2.43544127442874e-06, 4.110443114768714e-06, 5.785444955108687e-06, 7.460450433427468e-06, 9.135448635788634e-06, 1.0810454114107415e-05, 1.2485452316468582e-05, 1.4160457794787362e-05, 1.5835463273106143e-05, 1.751046147546731e-05, 1.918546695378609e-05, 2.0860465156147256e-05, 2.2535470634466037e-05, 2.4210468836827204e-05, 2.5885474315145984e-05, 2.7560479793464765e-05, 2.923547799582593e-05, 3.091048347414471e-05, 3.258548167650588e-05, 3.426048715482466e-05, 3.593549263314344e-05, 3.7610490835504606e-05, 3.928549631382339e-05, 4.0960494516184554e-05, 4.2635499994503334e-05, 4.4310505472822115e-05, 4.598550367518328e-05, 4.766050915350206e-05, 4.933550735586323e-05, 5.101051283418201e-05]}, "gradients/hidden.1.weight": {"_type": "histogram", "values": [3.0, 9.0, 8.0, 4.0, 0.0, 0.0, 0.0, 0.0, 9.0, 9.0, 0.0, 0.0, 0.0, 6.0, 31.0, 71.0, 0.0, 0.0, 0.0, 0.0, 0.0, 0.0, 0.0, 16.0, 48.0, 9.0, 7.0, 37.0, 54.0, 9.0, 0.0, 0.0, 13.0, 42.0, 5.0, 0.0, 19.0, 85.0, 120.0, 1.0, 2.0, 3.0, 12.0, 18.0, 0.0, 0.0, 0.0, 0.0, 6.0, 105.0, 123.0, 13.0, 5.0, 0.0, 3.0, 29.0, 10.0, 0.0, 0.0, 0.0, 2.0, 25.0, 22.0, 7.0],