{"fitness": 2.6873298272690294, "similarity": 0, "_step": 21, "_runtime": 917, "_timestamp": 1610871990, "Table of best SMILES": {"_type": "table-file", "path": "media/table/Table of best SMILES_20_3f29fe28.table.json", "sha256": "3f29fe284a03f1e18c999117ebd494cb0993db1e5effece78eb2f10f8d4deb82", "size": 4965, "ncols": 5, "nrows": 20}, "improvement": 5.500654884245559, "original_score": -2.81332505697653, "new_score": 2.6873298272690294, "improved": true}