{"fitness": 2.244991292404478, "similarity": 0, "_step": 21, "_runtime": 933, "_timestamp": 1610898191, "Table of best SMILES": {"_type": "table-file", "path": "media/table/Table of best SMILES_20_ec2e42c3.table.json", "sha256": "ec2e42c37988cbe7aff1093318997b083181cdf052096861e91203a121bf7b0d", "size": 5387, "ncols": 5, "nrows": 20}, "improvement": 4.030782982121518, "original_score": -1.7857916897170396, "new_score": 2.244991292404478, "improved": true}