{"fitness": -0.4720061472558911, "similarity": 0, "_step": 21, "_runtime": 1034, "_timestamp": 1610991133, "Table of best SMILES": {"_type": "table-file", "path": "media/table/Table of best SMILES_20_9993c0d6.table.json", "sha256": "9993c0d62ffcf5c838221d847a7f77d79887587682a9c937625b633e3e2aa5f4", "size": 3965, "ncols": 5, "nrows": 20}, "improvement": 1.4523455440431752, "original_score": -1.9243516912990664, "new_score": -0.4720061472558911, "improved": true}