{"fitness": 2.7443176733953836, "fitness_no_discr": 1.9880758874789963, "_step": 10, "_runtime": 476, "_timestamp": 1610032364, "graph_0": {"_type": "graph-file", "path": "media/graph/graph_0_summary_95ba8ed0.graph.json", "sha256": "95ba8ed0d461402f5ee01af18254f625cb479b5ad6238204a92010f77c9a6210", "size": 723}}