{"fitness": 2.7256543028686564, "similarity": 0, "_step": 21, "_runtime": 922, "_timestamp": 1610861945, "Table of best SMILES": {"_type": "table-file", "path": "media/table/Table of best SMILES_20_a6135dd4.table.json", "sha256": "a6135dd48432f4e46fda536dfe800d6032bade51fff14d5b4d8e7aafbed2ff58", "size": 4764, "ncols": 5, "nrows": 20}, "improvement": 4.79936484266184, "original_score": -2.0737105397931828, "new_score": 2.7256543028686564, "improved": true}