{"fitness": -999994.6261042579, "similarity": -1000000, "_step": 21, "_runtime": 1128, "_timestamp": 1610438495, "Table of best SMILES": {"_type": "table-file", "path": "media/table/Table of best SMILES_20_7033724a.table.json", "sha256": "7033724aff823a7ecef029a448a570e4515d649483497a589d00f7475ef84ae5", "size": 6452, "ncols": 5, "nrows": 20}, "improvement": 7.883179008262232, "original_score": -1000002.5092832661, "new_score": -999994.6261042579, "improved": true}