{"fitness": -2.929684531471327, "similarity": 0, "_step": 21, "_runtime": 3219, "_timestamp": 1610665908, "Table of best SMILES": {"_type": "table-file", "path": "media/table/Table of best SMILES_20_229d5c4f.table.json", "sha256": "229d5c4fc0b913207b012f2aede21a42991899a01de76e9e2d8178ac372a51e6", "size": 5640, "ncols": 5, "nrows": 20}, "improvement": 0.309513355964369, "original_score": -3.239197887435696, "new_score": -2.929684531471327, "improved": true}