{"fitness": -999995.032376682, "similarity": -1000000, "_step": 21, "_runtime": 2276, "_timestamp": 1610501604, "Table of best SMILES": {"_type": "table-file", "path": "media/table/Table of best SMILES_20_2a551283.table.json", "sha256": "2a5512839fc9069de64abcb3fd61b1657d07257a102c1a47c4ef2ce01849ca84", "size": 8117, "ncols": 5, "nrows": 20}, "improvement": 7.490710784448311, "original_score": -1000002.5230874665, "new_score": -999995.032376682, "improved": true}