{"fitness": 3.7620138939847823, "similarity": 0, "_step": 21, "_runtime": 1076, "_timestamp": 1611001953, "Table of best SMILES": {"_type": "table-file", "path": "media/table/Table of best SMILES_20_5351d6b1.table.json", "sha256": "5351d6b11595e302390d4f06da5e794af4d50162a5ce9bd83d98cef4bd9f6d0a", "size": 6972, "ncols": 5, "nrows": 20}, "improvement": 5.37889871565308, "original_score": -1.6168848216682983, "new_score": 3.7620138939847823, "improved": true}