{"fitness": 2.5684134788184205, "similarity": 0, "_step": 21, "_runtime": 912, "_timestamp": 1610838519, "Table of best SMILES": {"_type": "table-file", "path": "media/table/Table of best SMILES_20_322f5f7c.table.json", "sha256": "322f5f7cbaf8b61b27acfe1b006baa601536055690c6248e3ee80b975769e0e7", "size": 7032, "ncols": 5, "nrows": 20}, "improvement": 3.819157645942161, "original_score": -1.2507441671237405, "new_score": 2.5684134788184205, "improved": true}