{"fitness": -3.757958373585311, "similarity": 0, "_step": 21, "_runtime": 3690, "_timestamp": 1610821856, "Table of best SMILES": {"_type": "table-file", "path": "media/table/Table of best SMILES_20_b4ee1e1e.table.json", "sha256": "b4ee1e1ea36d2a7bbb8684800fe062f0e013d51280653f69eb64c5a09d84c3cc", "size": 6261, "ncols": 5, "nrows": 20}, "improvement": 0.0, "original_score": -3.757958373585311, "new_score": -3.757958373585311, "improved": false}