{"fitness": 0.5306234126222333, "similarity": 0, "_step": 21, "_runtime": 2947, "_timestamp": 1610633212, "Table of best SMILES": {"_type": "table-file", "path": "media/table/Table of best SMILES_20_e1cf2caf.table.json", "sha256": "e1cf2caf693f1246c86f539af18c8b47cee52fe529d8bdc1f065a04d9c493393", "size": 6714, "ncols": 5, "nrows": 20}, "improvement": 1.6903108884373466, "original_score": -1.1596874758151132, "new_score": 0.5306234126222333, "improved": true}