{"fitness": 0.9307493340016364, "similarity": 0, "_step": 21, "_runtime": 890, "_timestamp": 1610859209, "Table of best SMILES": {"_type": "table-file", "path": "media/table/Table of best SMILES_20_a1b37495.table.json", "sha256": "a1b37495149ac34e4384e963d78b21acbdd2d09cab250e2aa607680d152de3da", "size": 5439, "ncols": 5, "nrows": 20}, "improvement": 4.330450222943741, "original_score": -3.3997008889421045, "new_score": 0.9307493340016364, "improved": true}