{"fitness": 1.9406914744967325, "similarity": 0, "_step": 21, "_runtime": 1193, "_timestamp": 1611142830, "Table of best SMILES": {"_type": "table-file", "path": "media/table/Table of best SMILES_20_d81315fa.table.json", "sha256": "d81315fab0dafce0cebe6030d15169ba3beab0425d6ab38f39b2dea381eec717", "size": 3666, "ncols": 5, "nrows": 20}, "improvement": 4.8488521096700765, "original_score": -2.9081606351733438, "new_score": 1.9406914744967325, "improved": true}