{"fitness": -1.411815716899928, "similarity": 0, "_step": 21, "_runtime": 878, "_timestamp": 1610854657, "Table of best SMILES": {"_type": "table-file", "path": "media/table/Table of best SMILES_20_3b374467.table.json", "sha256": "3b3744673d025c681ad662fe7aef863551a84b12df16b4a1aca694b2e962ade9", "size": 4805, "ncols": 5, "nrows": 20}, "improvement": 3.7576028142455646, "original_score": -5.169418531145492, "new_score": -1.411815716899928, "improved": true}