{"fitness": 1.639200947010609, "similarity": 0, "_step": 21, "_runtime": 757, "_timestamp": 1611040869, "Table of best SMILES": {"_type": "table-file", "path": "media/table/Table of best SMILES_20_17d76ae9.table.json", "sha256": "17d76ae9ee088fbece143e56ad9d920f016cfa8f252f9a799c11fdfd648faff5", "size": 6040, "ncols": 5, "nrows": 20}, "improvement": 7.9649423019666505, "original_score": -6.325741354956041, "new_score": 1.639200947010609, "improved": true}