{"fitness": 2.925292290282312, "similarity": 0, "_step": 21, "_runtime": 1000, "_timestamp": 1610955276, "Table of best SMILES": {"_type": "table-file", "path": "media/table/Table of best SMILES_20_3a382175.table.json", "sha256": "3a3821754fb81a5a1ff28515b47b8e95b04237dbd23de31e93803b410fe05e6f", "size": 5259, "ncols": 5, "nrows": 20}, "improvement": 7.156026215746028, "original_score": -4.230733925463715, "new_score": 2.925292290282312, "improved": true}