{"fitness": 0.21505034648830063, "similarity": 0, "_step": 21, "_runtime": 982, "_timestamp": 1610424588, "Table of best SMILES": {"_type": "table-file", "path": "media/table/Table of best SMILES_20_a092d307.table.json", "sha256": "a092d307801c0c3d1f6f98f7fb7b19e37d8f97a43daff43c7fae14b144c9f8e4", "size": 5714, "ncols": 5, "nrows": 20}, "improvement": 3.2190421878153552, "original_score": -3.0039918413270548, "new_score": 0.21505034648830063, "improved": true}