{"fitness": -1.4444825615516177, "similarity": 0, "_step": 21, "_runtime": 3704, "_timestamp": 1610869456, "Table of best SMILES": {"_type": "table-file", "path": "media/table/Table of best SMILES_20_015d0715.table.json", "sha256": "015d07150f09e28140afe43a5d919760ad7329855bc322037ed1fe21d47ae0d9", "size": 6278, "ncols": 5, "nrows": 20}, "improvement": 2.228671597455129, "original_score": -3.6731541590067467, "new_score": -1.4444825615516177, "improved": true}