{"fitness": -5.119290496985141, "similarity": 0, "_step": 21, "_runtime": 1103, "_timestamp": 1610104773, "Table of best SMILES": {"_type": "table-file", "path": "media/table/Table of best SMILES_20_7e8ef63d.table.json", "sha256": "7e8ef63dfb3457fabc3a227e3145bbf7098a804e3dfbf6f2525d32a117968307", "size": 4464, "ncols": 5, "nrows": 20}, "improvement": 1.3103548624768502, "original_score": -6.429645359461992, "new_score": -5.119290496985141, "improved": true}