{"fitness": -0.2528475695231762, "similarity": 0, "_step": 21, "_runtime": 3486, "_timestamp": 1610785819, "Table of best SMILES": {"_type": "table-file", "path": "media/table/Table of best SMILES_20_0000581c.table.json", "sha256": "0000581cfa947de244d10bb53dedad6c222bcf4270ee99e144dc7814012dd31d", "size": 5081, "ncols": 5, "nrows": 20}, "improvement": 2.0008525406194484, "original_score": -2.2537001101426246, "new_score": -0.2528475695231762, "improved": true}