{"fitness": 2.394782245302406, "similarity": 0, "_step": 21, "_runtime": 954, "_timestamp": 1611104572, "Table of best SMILES": {"_type": "table-file", "path": "media/table/Table of best SMILES_20_8f4f79df.table.json", "sha256": "8f4f79df42f59fe648bdc51b4048540e7b0c6c05701e7b2d7ec66afe43499af9", "size": 6000, "ncols": 5, "nrows": 20}, "improvement": 3.876193575267319, "original_score": -1.481411329964913, "new_score": 2.394782245302406, "improved": true}