{"fitness": 3.424898683206808, "similarity": 0, "_step": 21, "_runtime": 734, "_timestamp": 1611041606, "Table of best SMILES": {"_type": "table-file", "path": "media/table/Table of best SMILES_20_d9b808e3.table.json", "sha256": "d9b808e36dae294dd2194ecff4127c368973d7e4c75ddd6961ee960feba53ac1", "size": 5472, "ncols": 5, "nrows": 20}, "improvement": 4.981479862701879, "original_score": -1.5565811794950715, "new_score": 3.424898683206808, "improved": true}