{"fitness": -999996.0298464538, "similarity": -1000000, "_step": 21, "_runtime": 959, "_timestamp": 1610402353, "Table of best SMILES": {"_type": "table-file", "path": "media/table/Table of best SMILES_20_3ad2ce4d.table.json", "sha256": "3ad2ce4d549ed6367e07e2f0dc59f1d1e4e419aca30fff103a1d298619bee5a5", "size": 5694, "ncols": 5, "nrows": 20}, "improvement": 10.177043488482013, "original_score": -1000006.2068899423, "new_score": -999996.0298464538, "improved": true}