{"fitness": -0.36261746463843914, "similarity": 0, "_step": 21, "_runtime": 728, "_timestamp": 1611056375, "Table of best SMILES": {"_type": "table-file", "path": "media/table/Table of best SMILES_20_7c9f0f7f.table.json", "sha256": "7c9f0f7f3d944e530b3c8ef7260bfebfc8d5f1ade0a9afd8c90b6d09f598750f", "size": 3795, "ncols": 5, "nrows": 20}, "improvement": 2.1029314501100864, "original_score": -2.4655489147485254, "new_score": -0.36261746463843914, "improved": true}