{"fitness": -1.1173401174808157, "similarity": 0, "_step": 21, "_runtime": 4634, "_timestamp": 1610984229, "Table of best SMILES": {"_type": "table-file", "path": "media/table/Table of best SMILES_20_babe15c4.table.json", "sha256": "babe15c4070d68ceb23b561f9c74da27e463769aaf3fe8409032f98e81dec5ef", "size": 5153, "ncols": 5, "nrows": 20}, "improvement": 1.0854422454697965, "original_score": -2.2027823629506122, "new_score": -1.1173401174808157, "improved": true}