{"fitness": 2.394674653157557, "similarity": 0, "_step": 21, "_runtime": 781, "_timestamp": 1610186312, "Table of best SMILES": {"_type": "table-file", "path": "media/table/Table of best SMILES_20_770bf1ae.table.json", "sha256": "770bf1ae3be7cdffbde2f3b435ae1174a1063974d7552647c784ca09f902360a", "size": 7062, "ncols": 5, "nrows": 20}, "improvement": 6.1092034776866395, "original_score": -2.353153159701394, "new_score": 3.7560503179852454, "improved": true}