{"fitness": -5.484264050430516, "similarity": 0, "_step": 21, "_runtime": 2417, "_timestamp": 1611038543, "Table of best SMILES": {"_type": "table-file", "path": "media/table/Table of best SMILES_20_ff948635.table.json", "sha256": "ff9486359f36eb2fcf9e33a31bba5908d9b802725ca2aaa6ab775dd8c876c866", "size": 6426, "ncols": 5, "nrows": 20}, "improvement": 0.8251405701238141, "original_score": -6.30940462055433, "new_score": -5.484264050430516, "improved": true}