{"fitness": 2.190718868703492, "similarity": 0, "_step": 21, "_runtime": 834, "_timestamp": 1610215619, "Table of best SMILES": {"_type": "table-file", "path": "media/table/Table of best SMILES_20_e0518d4e.table.json", "sha256": "e0518d4ea085788907e4f8f2c9460f251675d274282af0dbdf34286bdd00586f", "size": 6288, "ncols": 5, "nrows": 20}, "improvement": 4.225697699778884, "original_score": -2.0349788310753922, "new_score": 2.190718868703492, "improved": true}