{"fitness": -1.2130500503401658, "similarity": 0, "_step": 21, "_runtime": 2897, "_timestamp": 1610588878, "Table of best SMILES": {"_type": "table-file", "path": "media/table/Table of best SMILES_20_3b91b090.table.json", "sha256": "3b91b0908ffc07aaf3ebd44b155d1ff7e9ec17b4372999d4936f3a7e456ed2f0", "size": 5191, "ncols": 5, "nrows": 20}, "improvement": 1000000.2397821358, "original_score": -1000001.4528321861, "new_score": -1.2130500503401658, "improved": true}