{"fitness": 2.3319565513968548, "similarity": 0, "_step": 21, "_runtime": 735, "_timestamp": 1611023450, "Table of best SMILES": {"_type": "table-file", "path": "media/table/Table of best SMILES_20_531f46c6.table.json", "sha256": "531f46c63e540545d1f687d1e3d4f177dc025007c0adc3562abb910754dc4c68", "size": 4741, "ncols": 5, "nrows": 20}, "improvement": 4.769296464672276, "original_score": -2.437339913275421, "new_score": 2.3319565513968548, "improved": true}