{"fitness": 0.7871034483417552, "similarity": 0, "_step": 21, "_runtime": 776, "_timestamp": 1610358485, "Table of best SMILES": {"_type": "table-file", "path": "media/table/Table of best SMILES_20_a0a7dece.table.json", "sha256": "a0a7decedb4aa122527d73edffe79fa15ab9c1d89d5cfef71209d166f9af9461", "size": 6879, "ncols": 5, "nrows": 20}, "improvement": 2.842779659485143, "original_score": -2.0556762111433877, "new_score": 0.7871034483417552, "improved": true}