{"fitness": -0.7268916156960159, "similarity": 0, "_step": 21, "_runtime": 1192, "_timestamp": 1610137553, "Table of best SMILES": {"_type": "table-file", "path": "media/table/Table of best SMILES_20_d0ae178e.table.json", "sha256": "d0ae178ed79aa47387ba53fc1d8911f0e57340a35800c5253c0d4c8f7b22fa8b", "size": 4486, "ncols": 5, "nrows": 20}, "improvement": 3.661721657461581, "original_score": -4.388613273157597, "new_score": -0.7268916156960159, "improved": true}