{"fitness": -999994.3119319404, "similarity": -1000000, "_step": 21, "_runtime": 827, "_timestamp": 1610215757, "Table of best SMILES": {"_type": "table-file", "path": "media/table/Table of best SMILES_20_7c496540.table.json", "sha256": "7c496540ad11c82607ad5d0e5a5aac08da4c3bc65eaedf49061903e0d047f70a", "size": 7682, "ncols": 5, "nrows": 20}, "improvement": 9.294737288611941, "original_score": -1000003.606669229, "new_score": -999994.3119319404, "improved": true}