{"fitness": -1.5223103651272991, "fitness_no_discr": -2.8898955001734454, "discriminator": 0.0012881499715149403, "_step": 500, "_runtime": 7345, "_timestamp": 1610044078, "graph_0": {"_type": "graph-file", "path": "media/graph/graph_0_summary_98a93f13.graph.json", "sha256": "98a93f1371c82e040bd52a5e8f355093b87693f6f92d74eb07cd23f0ac76ad26", "size": 723}, "gradients/predict.bias": {"_type": "histogram", "values": [0.0, 0.0, 0.0, 0.0, 0.0, 0.0, 0.0, 0.0, 0.0, 0.0, 0.0, 0.0, 0.0, 0.0, 0.0, 0.0, 0.0, 0.0, 0.0, 0.0, 0.0, 0.0, 0.0, 0.0, 0.0, 0.0, 0.0, 0.0, 0.0, 0.0, 0.0, 0.0, 1.0, 0.0, 0.0, 0.0, 0.0, 0.0, 0.0, 0.0, 0.0, 0.0, 0.0, 0.0, 0.0, 0.0, 0.0, 0.0, 0.0, 0.0, 0.0, 0.0, 0.0, 0.0, 0.0, 0.0, 0.0, 0.0, 0.0, 0.0, 0.0, 0.0, 0.0, 0.0], "bins": [-0.0006033401004970074, -0.0006033401004970074, -0.0006033401004970074, -0.0006033401004970074, -0.0006033401004970074, -0.0006033401004970074, -0.0006033401004970074, -0.0006033401004970074, -0.0006033401004970074, -0.0006033401004970074, -0.0006033401004970074, -0.0006033401004970074, -0.0006033401004970074, -0.0006033401004970074, -0.0006033401004970074, -0.0006033401004970074, -0.0006033401004970074, -0.0006033401004970074, -0.0006033401004970074, -0.0006033401004970074, -0.0006033401004970074, -0.0006033401004970074, -0.0006033401004970074, -0.0006033401004970074, -0.0006033401004970074, -0.0006033401004970074, -0.0006033401004970074, -0.0006033401004970074, -0.0006033401004970074, -0.0006033401004970074, -0.0006033401004970074, -0.0006033401004970074, -0.0006033401004970074, -0.0006033401004970074, -0.0006033401004970074, -0.0006033401004970074, -0.0006033401004970074, -0.0006033401004970074, -0.0006033401004970074, -0.0006033401004970074, -0.0006033401004970074, -0.0006033401004970074, -0.0006033401004970074, -0.0006033401004970074, -0.0006033401004970074, -0.0006033401004970074, -0.0006033401004970074, -0.0006033401004970074, -0.0006033401004970074, -0.0006033401004970074, -0.0006033401004970074, -0.0006033401004970074, -0.0006033401004970074, -0.0006033401004970074, -0.0006033401004970074, -0.0006033401004970074, -0.0006033401004970074, -0.0006033401004970074, -0.0006033401004970074, -0.0006033401004970074, -0.0006033401004970074, -0.0006033401004970074, -0.0006033401004970074, -0.0006033401004970074, -0.0006033401004970074]}, "gradients/predict.weight": {"_type": "histogram", "values": [6.0, 0.0, 0.0, 0.0, 0.0, 0.0, 0.0, 0.0, 0.0, 0.0, 0.0, 0.0, 0.0, 0.0, 0.0, 0.0, 0.0, 0.0, 0.0, 0.0, 0.0, 0.0, 0.0, 0.0, 0.0, 0.0, 0.0, 0.0, 0.0, 0.0, 0.0, 0.0, 0.0, 0.0, 0.0, 0.0, 0.0, 0.0, 0.0, 0.0, 0.0, 0.0, 0.0, 0.0, 0.0, 0.0, 0.0, 0.0, 0.0, 0.0, 0.0, 0.0, 0.0, 0.0, 0.0, 0.0, 0.0, 0.0, 0.0, 0.0, 0.0, 0.0, 0.0, 4.0], "bins": [-0.001188571215607226, -0.0011609055800363421, -0.0011332400608807802, -0.0011055744253098965, -0.0010779087897390127, -0.0010502432705834508, -0.001022577635012567, -0.0009949121158570051, -0.0009672464802861214, -0.0009395809029228985, -0.0009119153255596757, -0.0008842496899887919, -0.0008565841126255691, -0.0008289185352623463, -0.0008012528996914625, -0.0007735873223282397, -0.0007459217449650168, -0.000718256167601794, -0.0006905905902385712, -0.0006629249546676874, -0.0006352593773044646, -0.0006075937999412417, -0.000579928164370358, -0.0005522625870071352, -0.0005245970096439123, -0.0004969314322806895, -0.00046926585491746664, -0.0004416002193465829, -0.00041393464198336005, -0.0003862690646201372, -0.00035860342904925346, -0.0003309378516860306, -0.0003032722743228078, -0.00027560669695958495, -0.0002479411195963621, -0.00022027548402547836, -0.00019260996486991644, -0.0001649443292990327, -0.00013727869372814894, -0.00010961317457258701, -8.194753900170326e-05, -5.428190343081951e-05, -2.6616384275257587e-05, 1.0492512956261635e-06, 2.8714886866509914e-05, 5.638040602207184e-05, 8.404604159295559e-05, 0.00011171156074851751, 0.00013937719631940126, 0.00016704283189028502, 0.00019470835104584694, 0.0002223739866167307, 0.0002500395057722926, 0.00027770514134317636, 0.0003053707769140601, 0.00033303629606962204, 0.0003607019316405058, 0.00038836756721138954, 0.00041603308636695147, 0.0004436987219378352, 0.00047136435750871897, 0.0004990298766642809, 0.0005266955122351646, 0.0005543610313907266, 0.0005820266669616103]}, "gradients/hidden.1.bias": {"_type": "histogram", "values": [1.0, 0.0, 0.0, 0.0, 1.0, 1.0, 0.0, 1.0, 1.0, 0.0, 0.0, 0.0, 0.0, 1.0, 0.0, 0.0, 0.0, 0.0, 0.0, 0.0, 0.0, 0.0, 0.0, 0.0, 0.0, 0.0, 0.0, 0.0, 0.0, 0.0, 0.0, 0.0, 0.0, 0.0, 0.0, 0.0, 0.0, 0.0, 0.0, 0.0, 0.0, 0.0, 0.0, 0.0, 0.0, 0.0, 0.0, 0.0, 0.0, 0.0, 0.0, 0.0, 0.0, 0.0, 0.0, 1.0, 0.0, 1.0, 0.0, 0.0, 0.0, 0.0, 0.0, 2.0], "bins": [-0.0001854747097240761, -0.0001796923897927627, -0.0001739100698614493, -0.0001681277499301359, -0.00016234544455073774, -0.00015656312461942434, -0.00015078080468811095, -0.00014499848475679755, -0.00013921616482548416, -0.00013343384489417076, -0.00012765152496285737, -0.00012186921230750158, -0.00011608689237618819, -0.0001103045724448748, -0.00010452225978951901, -9.873993985820562e-05, -9.295761992689222e-05, -8.717529999557883e-05, -8.139298006426543e-05, -7.561066740890965e-05, -6.982834747759625e-05, -6.404602754628286e-05, -5.8263714890927076e-05, -5.248139495961368e-05, -4.6699075028300285e-05, -4.091675509698689e-05, -3.5134435165673494e-05, -2.93521152343601e-05, -2.3569809854961932e-05, -1.7787489923648536e-05, -1.200516999233514e-05, -6.222850061021745e-06, -4.405301297083497e-07, 5.341789801605046e-06, 1.1124109732918441e-05, 1.6906429664231837e-05, 2.2688749595545232e-05, 2.84710549749434e-05, 3.4253374906256795e-05, 4.003569483757019e-05, 4.5818014768883586e-05, 5.160033470019698e-05, 5.738265463151038e-05, 6.316496001090854e-05, 6.894727994222194e-05, 7.472959987353534e-05, 8.051191980484873e-05, 8.629423973616213e-05, 9.207655966747552e-05, 9.785887959878892e-05, 0.00010364119953010231, 0.00010942351946141571, 0.0001152058393927291, 0.0001209881593240425, 0.0001267704792553559, 0.0001325527991866693, 0.00013833509001415223, 0.00014411740994546562, 0.00014989972987677902, 0.00015568204980809242, 0.0001614643697394058, 0.0001672466896707192, 0.0001730290096020326, 0.000178811329533346, 0.0001845936494646594]}, "gradients/hidden.1.weight": {"_type": "histogram", "values": [17.0, 1.0, 0.0, 0.0, 11.0, 22.0, 8.0, 17.0, 14.0, 0.0, 0.0, 2.0, 16.0, 2.0, 14.0, 12.0, 16.0, 42.0, 37.0, 12.0, 16.0, 22.0, 16.0, 18.0, 50.0, 47.0, 12.0, 24.0, 3.0, 71.0, 24.0, 7.0, 8.0, 33.0, 104.0, 2.0, 0.0, 6.0, 36.0, 18.0, 10.0, 43.0, 7.0, 2.0, 3.0, 30.0, 18.0, 6.0, 23.0, 22.0, 3.0, 1.0, 0.0, 0.0, 0.0, 6.0, 13.0, 16.0, 1.0, 0.0, 0.0, 0.0, 13.0, 23.0],