{"fitness": -999993.8428982915, "similarity": -1000000, "_step": 21, "_runtime": 823, "_timestamp": 1610205208, "Table of best SMILES": {"_type": "table-file", "path": "media/table/Table of best SMILES_20_a8b189e4.table.json", "sha256": "a8b189e49b7528eddde05fe0472d2579b836185cbe6e76ab787a7c6a31309039", "size": 6987, "ncols": 5, "nrows": 20}, "improvement": 8.443668363033794, "original_score": -1000002.2865666546, "new_score": -999993.8428982915, "improved": true}