{"fitness": 1.5672254560691552, "similarity": 0, "_step": 21, "_runtime": 1263, "_timestamp": 1610146739, "Table of best SMILES": {"_type": "table-file", "path": "media/table/Table of best SMILES_20_607ef463.table.json", "sha256": "607ef4637c8186b62df21e9703494d497384a32d8a7a606a8b2ecf65c60eadb2", "size": 6537, "ncols": 5, "nrows": 20}, "improvement": 4.614494294234888, "original_score": -2.867758086919356, "new_score": 1.7467362073155317, "improved": true}