{"fitness": -3.186860344917516, "similarity": 0, "_step": 21, "_runtime": 853, "_timestamp": 1611084468, "Table of best SMILES": {"_type": "table-file", "path": "media/table/Table of best SMILES_20_601893e4.table.json", "sha256": "601893e4fd4aa4b10b3a588fbb3596ad1a2eaac1e6f4bbb5020037893ab1d2e3", "size": 4115, "ncols": 5, "nrows": 20}, "improvement": 5.876704482302909, "original_score": -8.408942011129035, "new_score": -2.532237528826126, "improved": true}