{"fitness": 1.1815685444187272, "similarity": 0, "_step": 21, "_runtime": 746, "_timestamp": 1611013569, "Table of best SMILES": {"_type": "table-file", "path": "media/table/Table of best SMILES_20_120f0206.table.json", "sha256": "120f02064576c558a5b980e863b6bde525cddd879c4d5bf593029f99f7897aaa", "size": 7541, "ncols": 5, "nrows": 20}, "improvement": 3.1153088595766643, "original_score": -1.933740315157937, "new_score": 1.1815685444187272, "improved": true}