{"fitness": 0.012656594454130504, "similarity": 0, "_step": 21, "_runtime": 1236, "_timestamp": 1610144686, "Table of best SMILES": {"_type": "table-file", "path": "media/table/Table of best SMILES_20_3fce0e53.table.json", "sha256": "3fce0e537541f53ba966258b1d669dd4c3f99af7d544546d57353881c2c58c1c", "size": 3511, "ncols": 5, "nrows": 20}, "improvement": 3.7273096164631045, "original_score": -3.714653022008974, "new_score": 0.012656594454130504, "improved": true}