{"fitness": 1.4351040809219568, "similarity": 0, "_step": 21, "_runtime": 1264, "_timestamp": 1610171047, "Table of best SMILES": {"_type": "table-file", "path": "media/table/Table of best SMILES_20_7203a9f4.table.json", "sha256": "7203a9f4a3e273cbd51fbc12e00160280504c47ce4ae98ecf2faac8a1a01a554", "size": 4991, "ncols": 5, "nrows": 20}, "improvement": 3.822050393723269, "original_score": -2.386946312801312, "new_score": 1.4351040809219568, "improved": true}