{"fitness": 2.2370661230469295, "similarity": 0, "_step": 21, "_runtime": 1043, "_timestamp": 1610983791, "Table of best SMILES": {"_type": "table-file", "path": "media/table/Table of best SMILES_20_73e28dfb.table.json", "sha256": "73e28dfba6be2c9fdb5526e8e34aba5f15f6da1eb75208093631b15c44b62258", "size": 3664, "ncols": 5, "nrows": 20}, "improvement": 4.016388256844428, "original_score": -1.7793221337974983, "new_score": 2.2370661230469295, "improved": true}