{"fitness": -999994.2871783151, "similarity": -1000000, "_step": 21, "_runtime": 1008, "_timestamp": 1610408335, "Table of best SMILES": {"_type": "table-file", "path": "media/table/Table of best SMILES_20_29d4ac82.table.json", "sha256": "29d4ac82e008e34280f7273ea9ea0e7e48167014a2d1ab3cb0b1daab039fc224", "size": 6884, "ncols": 5, "nrows": 20}, "improvement": 8.323889616294764, "original_score": -1000002.6110679314, "new_score": -999994.2871783151, "improved": true}