{"fitness": -3.2259003029216076, "similarity": 0, "_step": 21, "_runtime": 771, "_timestamp": 1610352991, "Table of best SMILES": {"_type": "table-file", "path": "media/table/Table of best SMILES_20_70a98a34.table.json", "sha256": "70a98a34a49696633d99d549087b5fa3ddfac5f8c80ef30f87c2768a9202994c", "size": 8518, "ncols": 5, "nrows": 20}, "improvement": 0.0, "original_score": -3.2259003029216076, "new_score": -3.2259003029216076, "improved": false}