{"fitness": 2.6462285329101776, "similarity": 0, "_step": 21, "_runtime": 945, "_timestamp": 1610875803, "Table of best SMILES": {"_type": "table-file", "path": "media/table/Table of best SMILES_20_c0c54cd2.table.json", "sha256": "c0c54cd2ffe43d9293956f5c5a5f9dcf7107bc76e5084d6c5a14f29479dbb89b", "size": 5139, "ncols": 5, "nrows": 20}, "improvement": 4.418166643852112, "original_score": -1.7719381109419343, "new_score": 2.6462285329101776, "improved": true}