{"fitness": -1.556594866667732, "similarity": 0, "_step": 21, "_runtime": 2141, "_timestamp": 1610483898, "Table of best SMILES": {"_type": "table-file", "path": "media/table/Table of best SMILES_20_149edb89.table.json", "sha256": "149edb891039a885cfac561335b85afb5603680dccd0eef5042b3a260081027b", "size": 5114, "ncols": 5, "nrows": 20}, "improvement": 0.0, "original_score": -1.556594866667732, "new_score": -1.556594866667732, "improved": false}