{"fitness": 0.20527778801763777, "similarity": 0, "_step": 21, "_runtime": 3696, "_timestamp": 1610862015, "Table of best SMILES": {"_type": "table-file", "path": "media/table/Table of best SMILES_20_10d14d16.table.json", "sha256": "10d14d16b633ef3d91c0fee536aac7385828cbbff2fc9aafc00987f5a27270e1", "size": 4841, "ncols": 5, "nrows": 20}, "improvement": 2.0021622861475756, "original_score": -1.796884498129938, "new_score": 0.20527778801763777, "improved": true}