{"fitness": -0.4194572710093196, "similarity": 0, "_step": 21, "_runtime": 915, "_timestamp": 1610874774, "Table of best SMILES": {"_type": "table-file", "path": "media/table/Table of best SMILES_20_19bf5c7f.table.json", "sha256": "19bf5c7f7b4824c36c1e778f5c72ad6fbf2c8c48313acd802fb116b8d81524e1", "size": 4499, "ncols": 5, "nrows": 20}, "improvement": 4.052872789494636, "original_score": -4.472330060503955, "new_score": -0.4194572710093196, "improved": true}