{"fitness": -5.67824860080802, "similarity": 0, "_step": 21, "_runtime": 771, "_timestamp": 1610310336, "Table of best SMILES": {"_type": "table-file", "path": "media/table/Table of best SMILES_20_aeef52ac.table.json", "sha256": "aeef52ac106c7b60f0fd1d393f0c72cf1f79689f8cbacd94ed6c38a69308627d", "size": 4723, "ncols": 5, "nrows": 20}, "improvement": 0.30752160306246346, "original_score": -5.985770203870484, "new_score": -5.67824860080802, "improved": true}