{"fitness": -1.9339737961014356, "similarity": 0, "_step": 21, "_runtime": 1040, "_timestamp": 1610989065, "Table of best SMILES": {"_type": "table-file", "path": "media/table/Table of best SMILES_20_f396579a.table.json", "sha256": "f396579a326ff3305091a28269e74600300e11e81842f20d6592af02504afe15", "size": 3151, "ncols": 5, "nrows": 20}, "improvement": 4.816103851896758, "original_score": -6.750077647998193, "new_score": -1.9339737961014356, "improved": true}