{"fitness": 1.211359237817958, "similarity": 0, "_step": 21, "_runtime": 751, "_timestamp": 1611018161, "Table of best SMILES": {"_type": "table-file", "path": "media/table/Table of best SMILES_20_9922893d.table.json", "sha256": "9922893db1b2c1a6c98f4a9acd3461bc4bd7e4370dcd05a6e1e560481de9d32a", "size": 5191, "ncols": 5, "nrows": 20}, "improvement": 4.920865035131259, "original_score": -3.7095057973133008, "new_score": 1.211359237817958, "improved": true}