{"fitness": -999997.3233943715, "similarity": -1000000, "_step": 21, "_runtime": 710, "_timestamp": 1610252445, "Table of best SMILES": {"_type": "table-file", "path": "media/table/Table of best SMILES_20_15499da5.table.json", "sha256": "15499da53daf755f076c069c9cbac6da55b01509bb25032c4c13b56cbf6383c4", "size": 5202, "ncols": 5, "nrows": 20}, "improvement": 6.957987679401413, "original_score": -1000004.281382051, "new_score": -999997.3233943715, "improved": true}