{"fitness": 1.1443134914548796, "similarity": 0, "_step": 21, "_runtime": 975, "_timestamp": 1610954273, "Table of best SMILES": {"_type": "table-file", "path": "media/table/Table of best SMILES_20_a23b437b.table.json", "sha256": "a23b437bd81bde84407279cf906f3294dffe79547e040528a52957831e903347", "size": 6267, "ncols": 5, "nrows": 20}, "improvement": 2.709212293568023, "original_score": -1.5648988021131434, "new_score": 1.1443134914548796, "improved": true}