{"fitness": -1.9502233514995118, "similarity": 0, "_step": 21, "_runtime": 872, "_timestamp": 1610831446, "Table of best SMILES": {"_type": "table-file", "path": "media/table/Table of best SMILES_20_f9b34bde.table.json", "sha256": "f9b34bdee7c26deb23de6fe55fac7c63517fa4ff15eff5bc6b65a89d9f7b6c4c", "size": 6390, "ncols": 5, "nrows": 20}, "improvement": 2.3866463422578352, "original_score": -4.336869693757347, "new_score": -1.9502233514995118, "improved": true}