{"fitness": 2.200268216446069, "similarity": 0, "_step": 21, "_runtime": 1001, "_timestamp": 1610947366, "Table of best SMILES": {"_type": "table-file", "path": "media/table/Table of best SMILES_20_e2a6bbb9.table.json", "sha256": "e2a6bbb99417da2d55cb6022a5cc765e2bb73928e958d7e5194bd911b278f52d", "size": 7588, "ncols": 5, "nrows": 20}, "improvement": 5.312679932560426, "original_score": -2.8688769987370693, "new_score": 2.4438029338233576, "improved": true}