{"fitness": -1.5663348590719928, "similarity": 0, "_step": 21, "_runtime": 2559, "_timestamp": 1611101204, "Table of best SMILES": {"_type": "table-file", "path": "media/table/Table of best SMILES_20_c059607c.table.json", "sha256": "c059607c4faede104bc242ab02b2b91685a56736e71bf703ddf0ae3113af7c86", "size": 4544, "ncols": 5, "nrows": 20}, "improvement": 0.0, "original_score": -1.5663348590719928, "new_score": -1.5663348590719928, "improved": false}