{"fitness": 2.832228744065368, "similarity": 0, "_step": 21, "_runtime": 1154, "_timestamp": 1611143987, "Table of best SMILES": {"_type": "table-file", "path": "media/table/Table of best SMILES_20_08c0f8ca.table.json", "sha256": "08c0f8ca83333f971bd91b0a1ca2395449f66733c8b92b842fa9d08b3d7a252b", "size": 4245, "ncols": 5, "nrows": 20}, "improvement": 5.125445212073805, "original_score": -2.008728962981432, "new_score": 3.1167162490923723, "improved": true}