{"fitness": 0.5263669162438132, "similarity": 0, "_step": 21, "_runtime": 764, "_timestamp": 1611063208, "Table of best SMILES": {"_type": "table-file", "path": "media/table/Table of best SMILES_20_2ff089e9.table.json", "sha256": "2ff089e91dbff8fd1e61e01cc910592b7a92c9ef4e2ffb82eb96bbbe586919a6", "size": 6162, "ncols": 5, "nrows": 20}, "improvement": 2.666362294715364, "original_score": -1.578360464668843, "new_score": 1.088001830046521, "improved": true}