{"fitness": 0.5939655474429383, "similarity": 0, "_step": 21, "_runtime": 859, "_timestamp": 1610389955, "Table of best SMILES": {"_type": "table-file", "path": "media/table/Table of best SMILES_20_03de4977.table.json", "sha256": "03de49773d145d2c89dc5e4a3d632321c0c76db9e4b9f6e38c2e836b2934cfa1", "size": 4566, "ncols": 5, "nrows": 20}, "improvement": 1.8199479821284004, "original_score": -1.2259824346854622, "new_score": 0.5939655474429383, "improved": true}