{"fitness": 0.7262154032704993, "similarity": 0, "_step": 21, "_runtime": 807, "_timestamp": 1610241066, "Table of best SMILES": {"_type": "table-file", "path": "media/table/Table of best SMILES_20_ab170648.table.json", "sha256": "ab170648ee7274023b25b1b2b0fc1af5dc6ce9ed09f28d34720ae6cc173a33bc", "size": 4807, "ncols": 5, "nrows": 20}, "improvement": 3.2701902545293082, "original_score": -1.7719381109419343, "new_score": 1.4982521435873737, "improved": true}