{"fitness": 0.7047872298796293, "similarity": 0, "_step": 21, "_runtime": 768, "_timestamp": 1610187083, "Table of best SMILES": {"_type": "table-file", "path": "media/table/Table of best SMILES_20_301ddedc.table.json", "sha256": "301ddedc3d545b107f897f842e466a813274cf8f17c0d3316ce79b3b4ab08d9b", "size": 5490, "ncols": 5, "nrows": 20}, "improvement": 4.029903590893336, "original_score": -3.325116361013707, "new_score": 0.7047872298796293, "improved": true}