{"fitness": -999993.6701417661, "similarity": -1000000, "_step": 21, "_runtime": 1001, "_timestamp": 1610410333, "Table of best SMILES": {"_type": "table-file", "path": "media/table/Table of best SMILES_20_c7a808a1.table.json", "sha256": "c7a808a158e766566b8cf32b6364821c5fb3abf53ee053f2ee60a7527d550b18", "size": 8151, "ncols": 5, "nrows": 20}, "improvement": 8.573658827226609, "original_score": -1000002.2438005933, "new_score": -999993.6701417661, "improved": true}