{"fitness": -2.8597195311505588, "similarity": 0, "_step": 21, "_runtime": 779, "_timestamp": 1610338988, "Table of best SMILES": {"_type": "table-file", "path": "media/table/Table of best SMILES_20_313987e6.table.json", "sha256": "313987e6f35eb0aaebeb49d1064e5181e7032b0cb46a639fbac9ffbc1daae015", "size": 5254, "ncols": 5, "nrows": 20}, "improvement": 0.0, "original_score": -2.8597195311505588, "new_score": -2.8597195311505588, "improved": false}