{"fitness": -1.8088082726249055, "similarity": 0, "_step": 21, "_runtime": 766, "_timestamp": 1611063977, "Table of best SMILES": {"_type": "table-file", "path": "media/table/Table of best SMILES_20_0a6354ac.table.json", "sha256": "0a6354ac96f4323e992a26f3b6e2ae15303225cb22de11fc6f505529b733a0f6", "size": 4562, "ncols": 5, "nrows": 20}, "improvement": 0.8022596587470969, "original_score": -2.6110679313720024, "new_score": -1.8088082726249055, "improved": true}