{"fitness": -1.3881340108960256, "similarity": 0, "_step": 21, "_runtime": 784, "_timestamp": 1610287189, "Table of best SMILES": {"_type": "table-file", "path": "media/table/Table of best SMILES_20_9d01d449.table.json", "sha256": "9d01d4493eac83e6f3482122df5054f7726e051ab87f016da057e9cba39ac253", "size": 5857, "ncols": 5, "nrows": 20}, "improvement": 1.0745188470432756, "original_score": -2.462652857939301, "new_score": -1.3881340108960256, "improved": true}