{"fitness": -0.8510130216824658, "similarity": 0, "_step": 21, "_runtime": 745, "_timestamp": 1610347509, "Table of best SMILES": {"_type": "table-file", "path": "media/table/Table of best SMILES_20_93a5346b.table.json", "sha256": "93a5346b61b2ff54a129d05d777ed6cd894a7a564182d0fd409a32233f2aa333", "size": 3669, "ncols": 5, "nrows": 20}, "improvement": 0.0, "original_score": -0.8510130216824658, "new_score": -0.8510130216824658, "improved": false}