{"fitness": 1.4557822591751006, "similarity": 0, "_step": 21, "_runtime": 1140, "_timestamp": 1610460442, "Table of best SMILES": {"_type": "table-file", "path": "media/table/Table of best SMILES_20_716ea763.table.json", "sha256": "716ea7639f697a391591bfe58c054c518e8ba0a8b9ac949e308fb02fd49b4cfc", "size": 3706, "ncols": 5, "nrows": 20}, "improvement": 3.704185981240858, "original_score": -2.1167387320107025, "new_score": 1.5874472492301557, "improved": true}