{"fitness": -2.7515200829090687, "similarity": 0, "_step": 21, "_runtime": 754, "_timestamp": 1611012075, "Table of best SMILES": {"_type": "table-file", "path": "media/table/Table of best SMILES_20_7794bf69.table.json", "sha256": "7794bf69bb74932c8df49924e1c1c5765355d4238bd7b00ecd91291f9b81d7e7", "size": 6030, "ncols": 5, "nrows": 20}, "improvement": 0.4482185617173746, "original_score": -3.1997386446264433, "new_score": -2.7515200829090687, "improved": true}