{"fitness": 2.540178762219787, "similarity": 0, "_step": 21, "_runtime": 899, "_timestamp": 1610885992, "Table of best SMILES": {"_type": "table-file", "path": "media/table/Table of best SMILES_20_69e6e7fa.table.json", "sha256": "69e6e7faab2fffb61ea73ea8e18acce9aa52809245511a291b0054470535972b", "size": 5027, "ncols": 5, "nrows": 20}, "improvement": 4.905384326063224, "original_score": -2.3652055638434377, "new_score": 2.540178762219787, "improved": true}