{"fitness": -0.5928267665235342, "similarity": 0, "_step": 21, "_runtime": 3385, "_timestamp": 1610692229, "Table of best SMILES": {"_type": "table-file", "path": "media/table/Table of best SMILES_20_9964c678.table.json", "sha256": "9964c678c5f862482db91b617733862e77f81a88620473a30f96ed4f5b985b10", "size": 6538, "ncols": 5, "nrows": 20}, "improvement": 1.3251793970283365, "original_score": -1.5798505145599784, "new_score": -0.25467111753164184, "improved": true}