{"fitness": -1.6558372729094384, "similarity": 0, "_step": 21, "_runtime": 988, "_timestamp": 1610427539, "Table of best SMILES": {"_type": "table-file", "path": "media/table/Table of best SMILES_20_0f7e9a25.table.json", "sha256": "0f7e9a256e86ebeb34f736b4368df923035d9a2f535fdd24f43b6cffa828f0d7", "size": 4678, "ncols": 5, "nrows": 20}, "improvement": 0.0, "original_score": -1.6558372729094384, "new_score": -1.6558372729094384, "improved": false}