{"fitness": -999992.3663578008, "similarity": -1000000, "_step": 21, "_runtime": 1229, "_timestamp": 1610127820, "Table of best SMILES": {"_type": "table-file", "path": "media/table/Table of best SMILES_20_fa892a41.table.json", "sha256": "fa892a41c6bacd15948a16ad2e4c885cd8a438b8b6ff5d4608dd57b791eb6e26", "size": 8081, "ncols": 5, "nrows": 20}, "improvement": 9.92020885378588, "original_score": -1000002.2865666546, "new_score": -999992.3663578008, "improved": true}