{"fitness": -0.8404810065583279, "similarity": 0, "_step": 21, "_runtime": 1093, "_timestamp": 1610415468, "Table of best SMILES": {"_type": "table-file", "path": "media/table/Table of best SMILES_20_81aeca90.table.json", "sha256": "81aeca903f736aa2c0433399ebedb901304a45a09d0650a3e929f59d92d5daa2", "size": 8237, "ncols": 5, "nrows": 20}, "improvement": 1.544992892987423, "original_score": -2.17408765983616, "new_score": -0.629094766848737, "improved": true}