{"fitness": 0.6700442962397116, "similarity": 0, "_step": 21, "_runtime": 838, "_timestamp": 1610213943, "Table of best SMILES": {"_type": "table-file", "path": "media/table/Table of best SMILES_20_b26ae088.table.json", "sha256": "b26ae0883a07a1b2186899d7e08c14f0d341acb251b00419baf72fbbacf4d3ad", "size": 6838, "ncols": 5, "nrows": 20}, "improvement": 5.192315175708674, "original_score": -4.49616685255729, "new_score": 0.696148323151384, "improved": true}