{"fitness": -4.616633778929477, "similarity": 0, "_step": 21, "_runtime": 777, "_timestamp": 1610210005, "Table of best SMILES": {"_type": "table-file", "path": "media/table/Table of best SMILES_20_45cc367d.table.json", "sha256": "45cc367d696f47b014e073aea97a13b10be9c7d75e997048f8c4cbb0ac87fa00", "size": 4210, "ncols": 5, "nrows": 20}, "improvement": 0.5073191022772141, "original_score": -5.123952881206691, "new_score": -4.616633778929477, "improved": true}