{"fitness": -0.7992557154662269, "similarity": 0, "_step": 21, "_runtime": 1146, "_timestamp": 1610458071, "Table of best SMILES": {"_type": "table-file", "path": "media/table/Table of best SMILES_20_b4e29dd3.table.json", "sha256": "b4e29dd35b3f4fa8a8c6e1412987fa8d8dd58b75ae44cdc1bbf1e83935217132", "size": 5628, "ncols": 5, "nrows": 20}, "improvement": 1.7248773791037384, "original_score": -2.524133094569965, "new_score": -0.7992557154662269, "improved": true}