{"fitness": 0.534508605466281, "similarity": 0, "_step": 21, "_runtime": 750, "_timestamp": 1611020409, "Table of best SMILES": {"_type": "table-file", "path": "media/table/Table of best SMILES_20_12e0aaff.table.json", "sha256": "12e0aaffabb9306f00e845a02f99bde2d873756cfd6a687f85358cb66b2bbdd5", "size": 4422, "ncols": 5, "nrows": 20}, "improvement": 2.484706393891817, "original_score": -1.950197788425536, "new_score": 0.534508605466281, "improved": true}