{"fitness": 0.6822685310429139, "similarity": 0, "_step": 21, "_runtime": 2888, "_timestamp": 1610583121, "Table of best SMILES": {"_type": "table-file", "path": "media/table/Table of best SMILES_20_74cf7418.table.json", "sha256": "74cf7418a3a5b316afa263d8abb0ae6ceadf4f27772d31c1efac9e7577c85b81", "size": 6031, "ncols": 5, "nrows": 20}, "improvement": 2.4854055192959157, "original_score": -1.803136988253002, "new_score": 0.6822685310429139, "improved": true}