{"fitness": -1.3042777466113216, "similarity": 0, "_step": 21, "_runtime": 2398, "_timestamp": 1610529058, "Table of best SMILES": {"_type": "table-file", "path": "media/table/Table of best SMILES_20_90a49478.table.json", "sha256": "90a494782bb93b803d4b11bfb9d226c695dc0946398e4a8ca87748f63339901b", "size": 3684, "ncols": 5, "nrows": 20}, "improvement": 1.6038828885620222, "original_score": -2.9081606351733438, "new_score": -1.3042777466113216, "improved": true}