{"fitness": 0.5996319850574584, "similarity": 0, "_step": 21, "_runtime": 785, "_timestamp": 1610278636, "Table of best SMILES": {"_type": "table-file", "path": "media/table/Table of best SMILES_20_878658ff.table.json", "sha256": "878658ff759466436dc8622d6357bae5a77acd1c27c3d3872822665a6e6a9878", "size": 4445, "ncols": 5, "nrows": 20}, "improvement": 3.5634976024330127, "original_score": -2.9638656173755544, "new_score": 0.5996319850574584, "improved": true}