{"fitness": 2.0472358570061746, "similarity": 0, "_step": 21, "_runtime": 745, "_timestamp": 1611055644, "Table of best SMILES": {"_type": "table-file", "path": "media/table/Table of best SMILES_20_7d4cfc5e.table.json", "sha256": "7d4cfc5ea7ad463a0f5b0fac73871b7b9a165bf4e53e72dfbb67b05eb44fc940", "size": 5759, "ncols": 5, "nrows": 20}, "improvement": 4.067475218529601, "original_score": -2.020239361523426, "new_score": 2.0472358570061746, "improved": true}