{"fitness": -4.735477860200211, "similarity": 0, "_step": 21, "_runtime": 1008, "_timestamp": 1610414371, "Table of best SMILES": {"_type": "table-file", "path": "media/table/Table of best SMILES_20_dbf85ab9.table.json", "sha256": "dbf85ab9962f06b0dd18fb2bb10cdbd3034e437d4c64d515b0b2c9fbe9c35e96", "size": 5399, "ncols": 5, "nrows": 20}, "improvement": 3.145950027169082, "original_score": -6.586952128896047, "new_score": -3.4410021017269647, "improved": true}