{"fitness": 1.8995213501027732, "similarity": 0, "_step": 21, "_runtime": 1258, "_timestamp": 1610173602, "Table of best SMILES": {"_type": "table-file", "path": "media/table/Table of best SMILES_20_807ef4b2.table.json", "sha256": "807ef4b29caaf24e6498781a7b08ce6ed54069f02f8afa6fb21c6d8206359102", "size": 5034, "ncols": 5, "nrows": 20}, "improvement": 3.6795317613264333, "original_score": -1.78001041122366, "new_score": 1.8995213501027732, "improved": true}