{"fitness": 2.160387941064161, "fitness_no_discr": 1.2958937102475634, "discriminator": 0.0011242491891607642, "_step": 500, "_runtime": 14777, "_timestamp": 1610047373, "graph_0": {"_type": "graph-file", "path": "media/graph/graph_0_summary_42f6fb09.graph.json", "sha256": "42f6fb098c3a4437b85d829817ae60b320fd65cf98fa378426079a129d3b06df", "size": 723}, "gradients/predict.bias": {"_type": "histogram", "values": [0.0, 0.0, 0.0, 0.0, 0.0, 0.0, 0.0, 0.0, 0.0, 0.0, 0.0, 0.0, 0.0, 0.0, 0.0, 0.0, 0.0, 0.0, 0.0, 0.0, 0.0, 0.0, 0.0, 0.0, 0.0, 0.0, 0.0, 0.0, 0.0, 0.0, 0.0, 0.0, 1.0, 0.0, 0.0, 0.0, 0.0, 0.0, 0.0, 0.0, 0.0, 0.0, 0.0, 0.0, 0.0, 0.0, 0.0, 0.0, 0.0, 0.0, 0.0, 0.0, 0.0, 0.0, 0.0, 0.0, 0.0, 0.0, 0.0, 0.0, 0.0, 0.0, 0.0, 0.0], "bins": [-0.00023110510664992034, -0.00023110510664992034, -0.00023110510664992034, -0.00023110510664992034, -0.00023110510664992034, -0.00023110510664992034, -0.00023110510664992034, -0.00023110510664992034, -0.00023110510664992034, -0.00023110510664992034, -0.00023110510664992034, -0.00023110510664992034, -0.00023110510664992034, -0.00023110510664992034, -0.00023110510664992034, -0.00023110510664992034, -0.00023110510664992034, -0.00023110510664992034, -0.00023110510664992034, -0.00023110510664992034, -0.00023110510664992034, -0.00023110510664992034, -0.00023110510664992034, -0.00023110510664992034, -0.00023110510664992034, -0.00023110510664992034, -0.00023110510664992034, -0.00023110510664992034, -0.00023110510664992034, -0.00023110510664992034, -0.00023110510664992034, -0.00023110510664992034, -0.00023110510664992034, -0.00023110510664992034, -0.00023110510664992034, -0.00023110510664992034, -0.00023110510664992034, -0.00023110510664992034, -0.00023110510664992034, -0.00023110510664992034, -0.00023110510664992034, -0.00023110510664992034, -0.00023110510664992034, -0.00023110510664992034, -0.00023110510664992034, -0.00023110510664992034, -0.00023110510664992034, -0.00023110510664992034, -0.00023110510664992034, -0.00023110510664992034, -0.00023110510664992034, -0.00023110510664992034, -0.00023110510664992034, -0.00023110510664992034, -0.00023110510664992034, -0.00023110510664992034, -0.00023110510664992034, -0.00023110510664992034, -0.00023110510664992034, -0.00023110510664992034, -0.00023110510664992034, -0.00023110510664992034, -0.00023110510664992034, -0.00023110510664992034, -0.00023110510664992034]}, "gradients/predict.weight": {"_type": "histogram", "values": [5.0, 0.0, 0.0, 0.0, 0.0, 0.0, 0.0, 0.0, 0.0, 0.0, 0.0, 0.0, 0.0, 0.0, 0.0, 0.0, 0.0, 0.0, 0.0, 0.0, 0.0, 0.0, 0.0, 0.0, 0.0, 0.0, 0.0, 0.0, 0.0, 0.0, 0.0, 0.0, 0.0, 0.0, 0.0, 0.0, 0.0, 0.0, 0.0, 0.0, 0.0, 0.0, 0.0, 0.0, 0.0, 0.0, 0.0, 0.0, 0.0, 0.0, 0.0, 0.0, 0.0, 0.0, 0.0, 0.0, 0.0, 0.0, 0.0, 0.0, 0.0, 0.0, 0.0, 5.0], "bins": [-0.0008845177362672985, -0.0008605673210695386, -0.0008366169058717787, -0.0008126664906740189, -0.0007887160172685981, -0.0007647656020708382, -0.0007408151868730783, -0.0007168647716753185, -0.0006929143564775586, -0.0006689639412797987, -0.0006450135260820389, -0.0006210630526766181, -0.0005971126956865191, -0.0005731622222810984, -0.0005492118070833385, -0.0005252613918855786, -0.0005013109766878188, -0.0004773605614900589, -0.00045341014629229903, -0.0004294597019907087, -0.00040550928679294884, -0.0003815588424913585, -0.00035760842729359865, -0.0003336580120958388, -0.0003097075968980789, -0.00028575718170031905, -0.0002618067665025592, -0.00023785635130479932, -0.00021390587789937854, -0.00018995546270161867, -0.0001660050475038588, -0.00014205463230609894, -0.00011810421710833907, -9.41538019105792e-05, -7.020338671281934e-05, -4.625297151505947e-05, -2.2302556317299604e-05, 1.6479170881211758e-06, 2.5598332285881042e-05, 4.954874748364091e-05, 7.349916268140078e-05, 9.744957787916064e-05, 0.00012140005128458142, 0.00014535040827468038, 0.00016930088168010116, 0.0001932512386702001, 0.0002172017120756209, 0.00024115206906571984, 0.0002651025424711406, 0.0002890530158765614, 0.00031300337286666036, 0.00033695384627208114, 0.0003609042032621801, 0.00038485467666760087, 0.0004088050336576998, 0.0004327555070631206, 0.0004567059804685414, 0.00048065633745864034, 0.0005046068108640611, 0.0005285571678541601, 0.0005525076412595809, 0.0005764579982496798, 0.0006004084716551006, 0.0006243588286451995, 0.0006483093020506203]}, "gradients/hidden.1.bias": {"_type": "histogram", "values": [2.0, 3.0, 0.0, 0.0, 0.0, 0.0, 0.0, 0.0, 0.0, 0.0, 0.0, 0.0, 0.0, 0.0, 0.0, 0.0, 0.0, 0.0, 0.0, 0.0, 0.0, 0.0, 0.0, 0.0, 0.0, 0.0, 0.0, 0.0, 0.0, 0.0, 0.0, 0.0, 0.0, 0.0, 0.0, 0.0, 0.0, 0.0, 0.0, 0.0, 0.0, 0.0, 0.0, 0.0, 0.0, 0.0, 0.0, 0.0, 0.0, 0.0, 0.0, 0.0, 0.0, 0.0, 0.0, 0.0, 0.0, 0.0, 0.0, 0.0, 0.0, 0.0, 0.0, 5.0], "bins": [-3.264755287091248e-05, -3.1624043913325295e-05, -3.0600531317759305e-05, -2.9577022360172123e-05, -2.8553511583595537e-05, -2.753000080701895e-05, -2.6506491849431768e-05, -2.5482981072855182e-05, -2.4459470296278596e-05, -2.343595951970201e-05, -2.2412448743125424e-05, -2.138893978553824e-05, -2.0365429008961655e-05, -1.934191823238507e-05, -1.8318409274797887e-05, -1.72948984982213e-05, -1.6271387721644714e-05, -1.5247876945068128e-05, -1.4224366168491542e-05, -1.320085721090436e-05, -1.2177346434327774e-05, -1.1153835657751188e-05, -1.0130326700164005e-05, -9.106815923587419e-06, -8.083305147010833e-06, -7.059794370434247e-06, -6.036283593857661e-06, -5.012774636270478e-06, -3.989263859693892e-06, -2.9657530831173062e-06, -1.9422441255301237e-06, -9.187315299641341e-07, 1.0477742762304842e-07, 1.128286385210231e-06, 2.1517989807762206e-06, 3.175307938363403e-06, 4.198820533929393e-06, 5.222329491516575e-06, 6.245838449103758e-06, 7.269351044669747e-06, 8.29286000225693e-06, 9.316368959844112e-06, 1.0339881555410102e-05, 1.1363390512997285e-05, 1.2386899470584467e-05, 1.3410412066150457e-05, 1.443392102373764e-05, 1.545743361930363e-05, 1.648094257689081e-05, 1.7504451534477994e-05, 1.8527964130043983e-05, 1.9551473087631166e-05, 2.0574985683197156e-05, 2.1598494640784338e-05, 2.262200359837152e-05, 2.364551619393751e-05, 2.4669025151524693e-05, 2.5692534109111875e-05, 2.6716046704677865e-05, 2.7739555662265047e-05, 2.876306461985223e-05, 2.9786573577439412e-05, 3.081008981098421e-05, 3.183359876857139e-05, 3.2857107726158574e-05]}, "gradients/hidden.1.weight": {"_type": "histogram", "values": [2.0, 5.0, 4.0, 11.0, 26.0, 37.0, 61.0, 109.0, 20.0, 0.0, 3.0, 2.0, 6.0, 5.0, 9.0, 0.0, 0.0, 5.0, 0.0, 5.0, 5.0, 5.0, 10.0, 10.0, 10.0, 25.0, 12.0, 47.0, 16.0, 5.0, 18.0, 27.0, 2.0, 43.0, 5.0, 16.0, 46.0, 19.0, 17.0, 12.0, 11.0, 12.0, 5.0, 4.0, 3.0, 3.0, 2.0, 0.0, 4.0, 7.0, 5.0, 5.0, 2.0, 2.0, 6.0, 1.0, 46.0, 96.0, 61.0, 27.0, 23.0, 5.0, 5.0, 5.0],