{"fitness": -0.9482176007061942, "similarity": 0, "_step": 21, "_runtime": 883, "_timestamp": 1610380809, "Table of best SMILES": {"_type": "table-file", "path": "media/table/Table of best SMILES_20_5ee3ae52.table.json", "sha256": "5ee3ae52be7a4ef76705c2eea2b71f1d35ec6f6dc5fd20566cba3ff7f882b302", "size": 5692, "ncols": 5, "nrows": 20}, "improvement": 0.6083635787888773, "original_score": -1.5565811794950715, "new_score": -0.9482176007061942, "improved": true}