{"fitness": -999993.7180483114, "similarity": -1000000, "_step": 21, "_runtime": 2701, "_timestamp": 1611132936, "Table of best SMILES": {"_type": "table-file", "path": "media/table/Table of best SMILES_20_3d95f921.table.json", "sha256": "3d95f921cf8a8a6a00ff85d7f8de8345016e5f155b742d30ffa881e776fac034", "size": 5950, "ncols": 5, "nrows": 20}, "improvement": 17.17469253099989, "original_score": -1000010.8927408424, "new_score": -999993.7180483114, "improved": true}