{"fitness": 3.0448410548510716, "similarity": 0, "_step": 21, "_runtime": 1292, "_timestamp": 1610155620, "Table of best SMILES": {"_type": "table-file", "path": "media/table/Table of best SMILES_20_d2d68c1f.table.json", "sha256": "d2d68c1f824625a5b94dbaeb66b930233ebf68091d52e1156c4c17011873723b", "size": 6388, "ncols": 5, "nrows": 20}, "improvement": 5.073915821414728, "original_score": -2.0290747665636557, "new_score": 3.0448410548510716, "improved": true}