{"fitness": -999997.5367096185, "similarity": -1000000, "_step": 21, "_runtime": 525, "_timestamp": 1610145473, "Table of best SMILES": {"_type": "table-file", "path": "media/table/Table of best SMILES_20_31b32e47.table.json", "sha256": "31b32e476d8a0a8166ff3077c701a6fa4d278e5f221af107f789a6d1ecd5e15b", "size": 5115, "ncols": 5, "nrows": 20}, "improvement": 6.779241597512737, "original_score": -1000004.315951216, "new_score": -999997.5367096185, "improved": true}