{"fitness": 2.411929687733919, "similarity": 0, "_step": 21, "_runtime": 974, "_timestamp": 1611095187, "Table of best SMILES": {"_type": "table-file", "path": "media/table/Table of best SMILES_20_e583f4cf.table.json", "sha256": "e583f4cf02a9fc2a82288c877bfc196949b236ec383fa3d9aec79f0ecf235c32", "size": 6860, "ncols": 5, "nrows": 20}, "improvement": 4.003586698486432, "original_score": -1.5916570107525125, "new_score": 2.411929687733919, "improved": true}