{"fitness": 1.4656794743986892, "similarity": 0, "_step": 21, "_runtime": 778, "_timestamp": 1610201192, "Table of best SMILES": {"_type": "table-file", "path": "media/table/Table of best SMILES_20_c81c9f0d.table.json", "sha256": "c81c9f0dc14491fc00df2d80dc442c0b5a51032d90e1a6739a9386698004bd05", "size": 3648, "ncols": 5, "nrows": 20}, "improvement": 2.5950574898377425, "original_score": -1.1293780154390534, "new_score": 1.4656794743986892, "improved": true}