{"fitness": 1.092247408107849, "similarity": 0, "_step": 21, "_runtime": 2458, "_timestamp": 1610541197, "Table of best SMILES": {"_type": "table-file", "path": "media/table/Table of best SMILES_20_3543091e.table.json", "sha256": "3543091e1c00dabb65d6a0ceff8088a86bc5052614474b9740773a527c8e59db", "size": 5999, "ncols": 5, "nrows": 20}, "improvement": 2.881903206624891, "original_score": -1.789655798517042, "new_score": 1.092247408107849, "improved": true}