{"fitness": 0.8654908154098753, "similarity": 0, "_step": 21, "_runtime": 804, "_timestamp": 1610384978, "Table of best SMILES": {"_type": "table-file", "path": "media/table/Table of best SMILES_20_87cbc56e.table.json", "sha256": "87cbc56e183b0f5aa05606c84c3f2d4f04fbe27e646d3c53773ec7b24dbf00d7", "size": 4088, "ncols": 5, "nrows": 20}, "improvement": 2.7645243275777123, "original_score": -1.899033512167837, "new_score": 0.8654908154098753, "improved": true}