{"fitness": 1.3796830471464296, "similarity": 0, "_step": 21, "_runtime": 1048, "_timestamp": 1611125867, "Table of best SMILES": {"_type": "table-file", "path": "media/table/Table of best SMILES_20_afe330f5.table.json", "sha256": "afe330f5e4c2fff4d19e2d028f1c91bed2f31680ea98b1ae0159bf1eeccf2fa0", "size": 4916, "ncols": 5, "nrows": 20}, "improvement": 3.145928558250782, "original_score": -1.6794843412349005, "new_score": 1.4664442170158818, "improved": true}