{"fitness": -1.5474321458453375, "similarity": 0, "_step": 21, "_runtime": 902, "_timestamp": 1610845596, "Table of best SMILES": {"_type": "table-file", "path": "media/table/Table of best SMILES_20_80facf25.table.json", "sha256": "80facf25332937fb44fe1318662fe34062be00fe3d2005bff09c40a2f0f1bd8e", "size": 5665, "ncols": 5, "nrows": 20}, "improvement": 5.971001128206862, "original_score": -7.5184332740521995, "new_score": -1.5474321458453375, "improved": true}