{"fitness": 0.6974970235786582, "similarity": 0, "_step": 21, "_runtime": 1040, "_timestamp": 1611122717, "Table of best SMILES": {"_type": "table-file", "path": "media/table/Table of best SMILES_20_9141a7c5.table.json", "sha256": "9141a7c5c2dac3a6e8bc22b87bf048ebb4106398a95e16db21e1f777ef5a0238", "size": 5809, "ncols": 5, "nrows": 20}, "improvement": 4.346131059395751, "original_score": -3.6486340358170932, "new_score": 0.6974970235786582, "improved": true}