{"fitness": 1.2320246147890688, "similarity": 0, "_step": 21, "_runtime": 809, "_timestamp": 1610385791, "Table of best SMILES": {"_type": "table-file", "path": "media/table/Table of best SMILES_20_6eec624e.table.json", "sha256": "6eec624e882894c9896ddb4f403ae53bfbb744d0dfac133e3681403529a15d79", "size": 6137, "ncols": 5, "nrows": 20}, "improvement": 2.77031207337193, "original_score": -1.5382874585828612, "new_score": 1.2320246147890688, "improved": true}