{"fitness": 2.742593811676602, "similarity": 0, "_step": 21, "_runtime": 799, "_timestamp": 1610246195, "Table of best SMILES": {"_type": "table-file", "path": "media/table/Table of best SMILES_20_8511c87c.table.json", "sha256": "8511c87cac0eaa5ffcb870cbffec0c2198c774782359ba8f92cdd4d861656035", "size": 5270, "ncols": 5, "nrows": 20}, "improvement": 4.053386321334955, "original_score": -1.3107925096583524, "new_score": 2.742593811676602, "improved": true}