{"fitness": 2.2578110325841467, "similarity": 0, "_step": 21, "_runtime": 1298, "_timestamp": 1610162143, "Table of best SMILES": {"_type": "table-file", "path": "media/table/Table of best SMILES_20_8bdbeba4.table.json", "sha256": "8bdbeba4c4c9f55e3d128eae96ca9d911b65a471180326001022c0982a77d5b0", "size": 4192, "ncols": 5, "nrows": 20}, "improvement": 4.234294268720505, "original_score": -1.9764832361363582, "new_score": 2.2578110325841467, "improved": true}