{"fitness": 3.44158860229652, "similarity": 0, "_step": 21, "_runtime": 953, "_timestamp": 1611105528, "Table of best SMILES": {"_type": "table-file", "path": "media/table/Table of best SMILES_20_425929bc.table.json", "sha256": "425929bc1c06b8f2c55b24fd1e8a4fe11c37e5b2c0f9fdd3d7e6ef7601bd8d6b", "size": 4082, "ncols": 5, "nrows": 20}, "improvement": 5.558327334307222, "original_score": -2.1167387320107025, "new_score": 3.44158860229652, "improved": true}