{"fitness": 2.3356009989722755, "similarity": 0, "_step": 21, "_runtime": 776, "_timestamp": 1610280205, "Table of best SMILES": {"_type": "table-file", "path": "media/table/Table of best SMILES_20_657552e4.table.json", "sha256": "657552e42da23d1ca5de1b10b9e6bc50ea19d4f480943fcdbc28bc2fc919588e", "size": 6817, "ncols": 5, "nrows": 20}, "improvement": 3.9000160478499426, "original_score": -1.564415048877667, "new_score": 2.3356009989722755, "improved": true}