{"fitness": -3.419332115453684, "similarity": 0, "_step": 21, "_runtime": 1436, "_timestamp": 1611147763, "Table of best SMILES": {"_type": "table-file", "path": "media/table/Table of best SMILES_20_8b9466df.table.json", "sha256": "8b9466df35322bc593c112a27e747b8bb066068f1f1a793888d995ec8d143315", "size": 4479, "ncols": 5, "nrows": 20}, "improvement": 5.139668718165588, "original_score": -8.559000833619272, "new_score": -3.419332115453684, "improved": true}