{"fitness": -2.090064921225562, "similarity": 0, "_step": 21, "_runtime": 3720, "_timestamp": 1610847225, "Table of best SMILES": {"_type": "table-file", "path": "media/table/Table of best SMILES_20_704a06c0.table.json", "sha256": "704a06c02ac09515f100d679528e40e57f3b5973a1560d1d4aa95490a9303e78", "size": 6644, "ncols": 5, "nrows": 20}, "improvement": 3.0093359726656055, "original_score": -2.849768635005431, "new_score": 0.15956733766017464, "improved": true}