{"fitness": 2.854822245827197, "similarity": 0, "_step": 21, "_runtime": 1002, "_timestamp": 1611113497, "Table of best SMILES": {"_type": "table-file", "path": "media/table/Table of best SMILES_20_3f83e1cd.table.json", "sha256": "3f83e1cd3f3fbd689c7047ec5067f6f80968d96d2b0b5e0e8365f63e97f38d29", "size": 7127, "ncols": 5, "nrows": 20}, "improvement": 5.4622778964317975, "original_score": -1.9474106439907672, "new_score": 3.51486725244103, "improved": true}