{"fitness": -3.6186210993724215, "similarity": 0, "_step": 21, "_runtime": 2493, "_timestamp": 1611065604, "Table of best SMILES": {"_type": "table-file", "path": "media/table/Table of best SMILES_20_94ebc899.table.json", "sha256": "94ebc89976e2c0f2efde012e3fabb917d367bf2e4746c0a261c73e6f876fe7e9", "size": 5848, "ncols": 5, "nrows": 20}, "improvement": 2.7369973226838313, "original_score": -6.355618422056253, "new_score": -3.6186210993724215, "improved": true}