{"fitness": 0.9617341294554989, "similarity": 0, "_step": 21, "_runtime": 775, "_timestamp": 1610318058, "Table of best SMILES": {"_type": "table-file", "path": "media/table/Table of best SMILES_20_10f92295.table.json", "sha256": "10f92295b9e6c7c0ded9b3f687bf2daf3496774197840d84401d6c376709dace", "size": 4840, "ncols": 5, "nrows": 20}, "improvement": 2.384600742266594, "original_score": -1.4228666128110952, "new_score": 0.9617341294554989, "improved": true}