{"fitness": 1.813104460144393, "similarity": 0, "_step": 21, "_runtime": 731, "_timestamp": 1611049015, "Table of best SMILES": {"_type": "table-file", "path": "media/table/Table of best SMILES_20_b9d679d8.table.json", "sha256": "b9d679d8152dd2e2bf1dc0650d889f8e5214a67181489eff89251c882883f6e2", "size": 5879, "ncols": 5, "nrows": 20}, "improvement": 3.642377094780543, "original_score": -1.8292726346361503, "new_score": 1.813104460144393, "improved": true}