{"fitness": -5.272394279031241, "similarity": 0, "_step": 21, "_runtime": 756, "_timestamp": 1610261909, "Table of best SMILES": {"_type": "table-file", "path": "media/table/Table of best SMILES_20_fc7cd1d5.table.json", "sha256": "fc7cd1d5b7dff053dfd6f2817f89391b46fcd939acf816e2be93559645192aec", "size": 5348, "ncols": 5, "nrows": 20}, "improvement": 0.0, "original_score": -5.272394279031241, "new_score": -5.272394279031241, "improved": false}