{"fitness": 2.2866592916946105, "similarity": 0, "_step": 21, "_runtime": 884, "_timestamp": 1611090590, "Table of best SMILES": {"_type": "table-file", "path": "media/table/Table of best SMILES_20_9ceea0f2.table.json", "sha256": "9ceea0f2fb26784dcc866d4494f84264da35926aef43dc3befb97280cceea59c", "size": 4058, "ncols": 5, "nrows": 20}, "improvement": 4.145608279699094, "original_score": -1.8589489880044836, "new_score": 2.2866592916946105, "improved": true}