{"fitness": 0.7424068815943449, "similarity": 0, "_step": 21, "_runtime": 770, "_timestamp": 1610307263, "Table of best SMILES": {"_type": "table-file", "path": "media/table/Table of best SMILES_20_250f36c4.table.json", "sha256": "250f36c4b688b403a654df4ff292e1be56142ce4915cfad795df4a9ce3fd5bc5", "size": 5054, "ncols": 5, "nrows": 20}, "improvement": 2.5269453793215013, "original_score": -1.7845384977271566, "new_score": 0.7424068815943449, "improved": true}