{"fitness": 1.9804261843678208, "similarity": 0, "_step": 21, "_runtime": 1274, "_timestamp": 1610179912, "Table of best SMILES": {"_type": "table-file", "path": "media/table/Table of best SMILES_20_3db638a1.table.json", "sha256": "3db638a16778cd60d7ec2b0f0f61a7f72a314eb9cc47b0879146042e9df5695d", "size": 4367, "ncols": 5, "nrows": 20}, "improvement": 3.969271262645521, "original_score": -1.9888450782777, "new_score": 1.9804261843678208, "improved": true}