{"fitness": 2.994053575675841, "similarity": 0, "_step": 21, "_runtime": 866, "_timestamp": 1611082757, "Table of best SMILES": {"_type": "table-file", "path": "media/table/Table of best SMILES_20_94501b73.table.json", "sha256": "94501b732fdae67e5c68c85af308e85e1b7af3353866cd03c63a90b329cfc053", "size": 3697, "ncols": 5, "nrows": 20}, "improvement": 3.8102931140797547, "original_score": -0.8162395384039138, "new_score": 2.994053575675841, "improved": true}