{"fitness": -2.078289366276542, "similarity": 0, "_step": 21, "_runtime": 4404, "_timestamp": 1610965903, "Table of best SMILES": {"_type": "table-file", "path": "media/table/Table of best SMILES_20_1390f684.table.json", "sha256": "1390f6841ad0910f68dd09e1cec11cd7500442a7c8eefaf2eb791668bc9483e4", "size": 5589, "ncols": 5, "nrows": 20}, "improvement": 1.6855225152577216, "original_score": -3.7638118815342634, "new_score": -2.078289366276542, "improved": true}