{"fitness": 3.109130953802015, "similarity": 0, "_step": 21, "_runtime": 955, "_timestamp": 1610918607, "Table of best SMILES": {"_type": "table-file", "path": "media/table/Table of best SMILES_20_66d7a423.table.json", "sha256": "66d7a42398093a8919494fe400194545b6aeb111dc1fd81108e9a45f5a708fdd", "size": 5520, "ncols": 5, "nrows": 20}, "improvement": 4.833728188878291, "original_score": -1.7245972350762757, "new_score": 3.109130953802015, "improved": true}