{"fitness": -1.6941264577225212, "similarity": 0, "_step": 21, "_runtime": 1076, "_timestamp": 1611132859, "Table of best SMILES": {"_type": "table-file", "path": "media/table/Table of best SMILES_20_a34a76b3.table.json", "sha256": "a34a76b3ed31d297036cb439a6e488c52a669ee712cbebe45a4769370eb86695", "size": 5346, "ncols": 5, "nrows": 20}, "improvement": 2.9818013187030354, "original_score": -4.6743590668883, "new_score": -1.6925577481852645, "improved": true}