{"fitness": -1.7015632138357561, "similarity": 0, "_step": 21, "_runtime": 826, "_timestamp": 1610218077, "Table of best SMILES": {"_type": "table-file", "path": "media/table/Table of best SMILES_20_94e364eb.table.json", "sha256": "94e364eb1f32039ea04febc25b9709e7d5b5e3a801013ce7c841f3cc00b1376d", "size": 4745, "ncols": 5, "nrows": 20}, "improvement": 1.729508870776838, "original_score": -3.431072084612594, "new_score": -1.7015632138357561, "improved": true}