{"fitness": 0.3975138500410642, "similarity": 0, "_step": 21, "_runtime": 1097, "_timestamp": 1610433070, "Table of best SMILES": {"_type": "table-file", "path": "media/table/Table of best SMILES_20_acaaf9a7.table.json", "sha256": "acaaf9a734ecb5ad0e663d246ea49afb8754d4016bce0c386012e8e9b256c0c8", "size": 6382, "ncols": 5, "nrows": 20}, "improvement": 4.093014360846386, "original_score": -3.428665947867834, "new_score": 0.664348412978552, "improved": true}