{"fitness": -7.2354655760463675, "similarity": 0, "_step": 21, "_runtime": 4408, "_timestamp": 1610930949, "Table of best SMILES": {"_type": "table-file", "path": "media/table/Table of best SMILES_20_bc5d30e5.table.json", "sha256": "bc5d30e5c437bcaa17a3e293d34bfe369a87d93054966ffc22a6df2330c01178", "size": 4950, "ncols": 5, "nrows": 20}, "improvement": 1.312153695651043, "original_score": -8.54761927169741, "new_score": -7.2354655760463675, "improved": true}