{"fitness": 0.31838460677713865, "similarity": 0, "_step": 21, "_runtime": 987, "_timestamp": 1610422618, "Table of best SMILES": {"_type": "table-file", "path": "media/table/Table of best SMILES_20_896dcdca.table.json", "sha256": "896dcdcac6d38db48d41cf763356c95afcac652ed661a8c99ad13633ad86f4b6", "size": 7205, "ncols": 5, "nrows": 20}, "improvement": 1.8038997422579026, "original_score": -1.22230477845513, "new_score": 0.5815949638027726, "improved": true}