{"fitness": 2.2581536683628247, "similarity": 0, "_step": 21, "_runtime": 1645, "_timestamp": 1611156053, "Table of best SMILES": {"_type": "table-file", "path": "media/table/Table of best SMILES_20_5ed534b1.table.json", "sha256": "5ed534b163c0920467e73b9c6bd055406e210544ab3b74f4c744260050327d26", "size": 4841, "ncols": 5, "nrows": 20}, "improvement": 4.472882196753233, "original_score": -2.214728528390408, "new_score": 2.2581536683628247, "improved": true}