{"fitness": 1.0994931184486376, "similarity": 0, "_step": 21, "_runtime": 3695, "_timestamp": 1610825556, "Table of best SMILES": {"_type": "table-file", "path": "media/table/Table of best SMILES_20_0eba73ca.table.json", "sha256": "0eba73cafbac99226288c54f5d7d444a545bc394035f040c3eef7839019d0346", "size": 5552, "ncols": 5, "nrows": 20}, "improvement": 2.474082626453379, "original_score": -1.3745895080047412, "new_score": 1.0994931184486376, "improved": true}