{"fitness": -0.5044938734261742, "similarity": 0, "_step": 21, "_runtime": 1249, "_timestamp": 1610148356, "Table of best SMILES": {"_type": "table-file", "path": "media/table/Table of best SMILES_20_38a19f2f.table.json", "sha256": "38a19f2fe8a9e700f13fd14a12a6c56608579cc2ba59dec4003938c589794bc5", "size": 8140, "ncols": 5, "nrows": 20}, "improvement": 2.048984641724597, "original_score": -2.553478515150771, "new_score": -0.5044938734261742, "improved": true}