{"fitness": -1.8742742558121905, "similarity": 0, "_step": 21, "_runtime": 1164, "_timestamp": 1610443050, "Table of best SMILES": {"_type": "table-file", "path": "media/table/Table of best SMILES_20_93500f7a.table.json", "sha256": "93500f7a38b70dbeb6aaf3766ba74747d270ffa24f1cc911c749fd85bb0f1dec", "size": 5164, "ncols": 5, "nrows": 20}, "improvement": 2.366126725316658, "original_score": -4.240400981128849, "new_score": -1.8742742558121905, "improved": true}