{"fitness": 0.4306703975774405, "similarity": 0, "_step": 21, "_runtime": 786, "_timestamp": 1610283292, "Table of best SMILES": {"_type": "table-file", "path": "media/table/Table of best SMILES_20_1101e86b.table.json", "sha256": "1101e86b523f551e2fce232ccd5d6c04b492c177b07b10223770852b3dd31176", "size": 6668, "ncols": 5, "nrows": 20}, "improvement": 1.8684022880839954, "original_score": -1.3409662660829753, "new_score": 0.5274360220010201, "improved": true}