{"fitness": -0.03296505827702842, "similarity": 0, "_step": 21, "_runtime": 759, "_timestamp": 1611027254, "Table of best SMILES": {"_type": "table-file", "path": "media/table/Table of best SMILES_20_ad2ef1e4.table.json", "sha256": "ad2ef1e404767683494af8bc9208778a4d3726b2c8584ee136338bc277b2e4cc", "size": 6310, "ncols": 5, "nrows": 20}, "improvement": 1.3053665390805624, "original_score": -1.3383315973575909, "new_score": -0.03296505827702842, "improved": true}