{"fitness": -0.5907371965991113, "similarity": 0, "_step": 21, "_runtime": 3297, "_timestamp": 1610682330, "Table of best SMILES": {"_type": "table-file", "path": "media/table/Table of best SMILES_20_988d42c3.table.json", "sha256": "988d42c36ff90f156abef97bff7da4e5394f53c45c03ec4066384a220a945171", "size": 3365, "ncols": 5, "nrows": 20}, "improvement": 1.8448920108907398, "original_score": -2.435629207489851, "new_score": -0.5907371965991113, "improved": true}