{"fitness": -999996.6477585357, "similarity": -1000000, "_step": 21, "_runtime": 970, "_timestamp": 1610437362, "Table of best SMILES": {"_type": "table-file", "path": "media/table/Table of best SMILES_20_5771b4f2.table.json", "sha256": "5771b4f28c48061b02ed615c8629f2258f3266edc95cde405535296d073d5660", "size": 4441, "ncols": 5, "nrows": 20}, "improvement": 5.585581142921001, "original_score": -1000002.2333396786, "new_score": -999996.6477585357, "improved": true}