{"fitness": 1.4843962737514722, "similarity": 0, "_step": 21, "_runtime": 2346, "_timestamp": 1611019334, "Table of best SMILES": {"_type": "table-file", "path": "media/table/Table of best SMILES_20_983adca3.table.json", "sha256": "983adca36886d1671d9512a36a4d1e7dea70eb6402515c0ec61fd8705a284cf7", "size": 5204, "ncols": 5, "nrows": 20}, "improvement": 4.226543381491658, "original_score": -2.742147107740186, "new_score": 1.4843962737514722, "improved": true}