{"fitness": -0.626650213132153, "similarity": 0, "_step": 21, "_runtime": 1188, "_timestamp": 1610124236, "Table of best SMILES": {"_type": "table-file", "path": "media/table/Table of best SMILES_20_7477a9c1.table.json", "sha256": "7477a9c19d3a998d5df9b2deaf3962998c833a6d474ec7be0deab556cdf0f531", "size": 4163, "ncols": 5, "nrows": 20}, "improvement": 5.802995146329838, "original_score": -6.429645359461992, "new_score": -0.626650213132153, "improved": true}