{"fitness": -1.4159150115305243, "similarity": 0, "_step": 21, "_runtime": 2524, "_timestamp": 1610551331, "Table of best SMILES": {"_type": "table-file", "path": "media/table/Table of best SMILES_20_36e6859c.table.json", "sha256": "36e6859c4ad6a77b7e43c9d72665b37984965a6c43b61fab9af8929a3e41481c", "size": 4677, "ncols": 5, "nrows": 20}, "improvement": 0.7988135168598836, "original_score": -2.214728528390408, "new_score": -1.4159150115305243, "improved": true}