{"fitness": 0.9094106854390935, "similarity": 0, "_step": 21, "_runtime": 914, "_timestamp": 1610849204, "Table of best SMILES": {"_type": "table-file", "path": "media/table/Table of best SMILES_20_c5709ff1.table.json", "sha256": "c5709ff17f0d4a642655dda3e11cc71b37976d009e0ec8229ed2c1e8192acedd", "size": 5454, "ncols": 5, "nrows": 20}, "improvement": 3.7771687723584497, "original_score": -2.867758086919356, "new_score": 0.9094106854390935, "improved": true}