{"fitness": 1.4033095751337916, "similarity": 0, "_step": 21, "_runtime": 923, "_timestamp": 1610876730, "Table of best SMILES": {"_type": "table-file", "path": "media/table/Table of best SMILES_20_5bc9e91c.table.json", "sha256": "5bc9e91c5c6b06c92a494732e9a339aca78ffedeffc706b158a649ee0ed61901", "size": 6636, "ncols": 5, "nrows": 20}, "improvement": 2.9394080429643266, "original_score": -1.5360984678305347, "new_score": 1.4033095751337916, "improved": true}