{"fitness": 1.7861587710877125, "similarity": 0, "_step": 21, "_runtime": 857, "_timestamp": 1611085329, "Table of best SMILES": {"_type": "table-file", "path": "media/table/Table of best SMILES_20_0807be82.table.json", "sha256": "0807be82915eabd0733b20a89c0bc0f74d724fc406cb6c82683e396b40cea6a7", "size": 4597, "ncols": 5, "nrows": 20}, "improvement": 3.8207535745521204, "original_score": -2.034594803464408, "new_score": 1.7861587710877125, "improved": true}