{"fitness": 0.879435555178999, "similarity": 0, "_step": 21, "_runtime": 1086, "_timestamp": 1611136123, "Table of best SMILES": {"_type": "table-file", "path": "media/table/Table of best SMILES_20_aa6cb230.table.json", "sha256": "aa6cb2303a2a33d72075423aa9bd84cf102812782667129bd8330c04ad9528ed", "size": 4765, "ncols": 5, "nrows": 20}, "improvement": 5.335915739831086, "original_score": -4.456480184652087, "new_score": 0.879435555178999, "improved": true}