{"fitness": -2.2976238223921746, "similarity": 0, "_step": 21, "_runtime": 4382, "_timestamp": 1610926536, "Table of best SMILES": {"_type": "table-file", "path": "media/table/Table of best SMILES_20_3f8677ee.table.json", "sha256": "3f8677ee6932310fece98dc28bbebb164b932386621f2d17d8d7b87fdc33d6ae", "size": 4566, "ncols": 5, "nrows": 20}, "improvement": 0.17056489232520278, "original_score": -2.4681887147173773, "new_score": -2.2976238223921746, "improved": true}