{"fitness": 1.0022829599980714, "similarity": 0, "_step": 21, "_runtime": 805, "_timestamp": 1610236309, "Table of best SMILES": {"_type": "table-file", "path": "media/table/Table of best SMILES_20_552b741d.table.json", "sha256": "552b741d193e4b053d7358a5f936a09c463ed45ee340faffbaefb89769ee741a", "size": 7084, "ncols": 5, "nrows": 20}, "improvement": 3.7101653613669163, "original_score": -2.707882401368845, "new_score": 1.0022829599980714, "improved": true}