{"fitness": 2.4535283536113868, "similarity": 0, "_step": 21, "_runtime": 737, "_timestamp": 1611045338, "Table of best SMILES": {"_type": "table-file", "path": "media/table/Table of best SMILES_20_af3f816b.table.json", "sha256": "af3f816bda420a9fb41a7a200f4758ed2732461e65df9251d81405c40058c9b5", "size": 4414, "ncols": 5, "nrows": 20}, "improvement": 4.352561865779224, "original_score": -1.899033512167837, "new_score": 2.4535283536113868, "improved": true}