{"fitness": 1.0582347981444225, "similarity": 0, "_step": 21, "_runtime": 2659, "_timestamp": 1610572102, "Table of best SMILES": {"_type": "table-file", "path": "media/table/Table of best SMILES_20_e0d99084.table.json", "sha256": "e0d9908441242e67e1bd696c6724dcb12490d4905555805e78782cb2197c80a3", "size": 5670, "ncols": 5, "nrows": 20}, "improvement": 3.1757626874359453, "original_score": -2.117527889291523, "new_score": 1.0582347981444225, "improved": true}