{"fitness": 1.0932236946103755, "similarity": 0, "_step": 21, "_runtime": 862, "_timestamp": 1610368968, "Table of best SMILES": {"_type": "table-file", "path": "media/table/Table of best SMILES_20_71cdbff6.table.json", "sha256": "71cdbff663c25568d0e3d87efca53da9a3589d3e5db018cee18b3dcdcc95bdbd", "size": 5166, "ncols": 5, "nrows": 20}, "improvement": 2.672613470964702, "original_score": -1.5793897763543263, "new_score": 1.0932236946103755, "improved": true}