{"fitness": -1.2235328322185026, "similarity": 0, "_step": 21, "_runtime": 1258, "_timestamp": 1610149283, "Table of best SMILES": {"_type": "table-file", "path": "media/table/Table of best SMILES_20_53bcdb6b.table.json", "sha256": "53bcdb6baf884977583061fbb52ccd7ec770c1fc7c6c613fe26037f8e71a2e70", "size": 4589, "ncols": 5, "nrows": 20}, "improvement": 3.4470985205907105, "original_score": -4.670631352809213, "new_score": -1.2235328322185026, "improved": true}