{"fitness": -0.3359726613653866, "similarity": 0, "_step": 21, "_runtime": 2367, "_timestamp": 1611026412, "Table of best SMILES": {"_type": "table-file", "path": "media/table/Table of best SMILES_20_5137f86c.table.json", "sha256": "5137f86c4481d4d6c1748126f234a9cc5f797105c850096d74116b9457d4cb6b", "size": 4506, "ncols": 5, "nrows": 20}, "improvement": 1.0028370627334655, "original_score": -1.3388097240988521, "new_score": -0.3359726613653866, "improved": true}