{"fitness": 1.9778299574855962, "similarity": 0, "_step": 21, "_runtime": 977, "_timestamp": 1610935654, "Table of best SMILES": {"_type": "table-file", "path": "media/table/Table of best SMILES_20_9094bd97.table.json", "sha256": "9094bd979459b3621fb26fd7c08d7fced8b293313aa12475f9c625a90b99add9", "size": 6429, "ncols": 5, "nrows": 20}, "improvement": 3.8543356958021677, "original_score": -1.8765057383165715, "new_score": 1.9778299574855962, "improved": true}