{"fitness": -2.0581780008415467, "similarity": 0, "_step": 21, "_runtime": 1194, "_timestamp": 1610133945, "Table of best SMILES": {"_type": "table-file", "path": "media/table/Table of best SMILES_20_2fe0d267.table.json", "sha256": "2fe0d267b94a3098f70328279423b08cc843b7cc3cc59db1cfb68f767cd9e653", "size": 3454, "ncols": 5, "nrows": 20}, "improvement": 1.2231381349919763, "original_score": -3.281316135833523, "new_score": -2.0581780008415467, "improved": true}