{"fitness": 0.7003261607012834, "similarity": 0, "_step": 21, "_runtime": 752, "_timestamp": 1611011318, "Table of best SMILES": {"_type": "table-file", "path": "media/table/Table of best SMILES_20_b010a56a.table.json", "sha256": "b010a56a104d3bee4af3dbdcfd38f1c63062cb7a1df3a07660aaac9b0f49a6ed", "size": 4264, "ncols": 5, "nrows": 20}, "improvement": 1.5513391823837492, "original_score": -0.8510130216824658, "new_score": 0.7003261607012834, "improved": true}