{"fitness": -999995.8795992509, "similarity": -1000000, "_step": 21, "_runtime": 741, "_timestamp": 1610313402, "Table of best SMILES": {"_type": "table-file", "path": "media/table/Table of best SMILES_20_2994902a.table.json", "sha256": "2994902aac8db450022a3634a4d13795803064229c7440e32dedb674730c1f9c", "size": 4739, "ncols": 5, "nrows": 20}, "improvement": 7.8161498302361, "original_score": -1000003.6957490811, "new_score": -999995.8795992509, "improved": true}