{"fitness": 2.2818437516870236, "similarity": 0, "_step": 21, "_runtime": 759, "_timestamp": 1611010563, "Table of best SMILES": {"_type": "table-file", "path": "media/table/Table of best SMILES_20_b99664bc.table.json", "sha256": "b99664bc22e59e43a7743f221c9654da36a50e527a89ee48a2545f4e4b89b70e", "size": 6204, "ncols": 5, "nrows": 20}, "improvement": 4.004677295860857, "original_score": -1.7228335441738336, "new_score": 2.2818437516870236, "improved": true}