{"fitness": 2.336785787209374, "similarity": 0, "_step": 21, "_runtime": 933, "_timestamp": 1610908313, "Table of best SMILES": {"_type": "table-file", "path": "media/table/Table of best SMILES_20_4ec3c713.table.json", "sha256": "4ec3c713aafe46d41c95e0d9883969e2d8357619a9ae6fb29f060c928e0ae166", "size": 4559, "ncols": 5, "nrows": 20}, "improvement": 5.729065740147384, "original_score": -3.39227995293801, "new_score": 2.336785787209374, "improved": true}