{"fitness": -2.178841190154373, "similarity": 0, "_step": 21, "_runtime": 969, "_timestamp": 1610394478, "Table of best SMILES": {"_type": "table-file", "path": "media/table/Table of best SMILES_20_d1656240.table.json", "sha256": "d1656240cb5a9384198a31d3f1aed009ce35b2580d4be010fd4080420cf74aa8", "size": 4518, "ncols": 5, "nrows": 20}, "improvement": 0.9123579999811771, "original_score": -3.09119919013555, "new_score": -2.178841190154373, "improved": true}