{"fitness": 1.9768949209503426, "similarity": 0, "_step": 21, "_runtime": 743, "_timestamp": 1611040108, "Table of best SMILES": {"_type": "table-file", "path": "media/table/Table of best SMILES_20_d5768528.table.json", "sha256": "d5768528c74a333a66cbadc1850286ae4db50dd8aa332811efd75b645ea199a9", "size": 4187, "ncols": 5, "nrows": 20}, "improvement": 4.3562314456825675, "original_score": -2.379336524732225, "new_score": 1.9768949209503426, "improved": true}