{"fitness": 1.7774606687623662, "similarity": 0, "_step": 21, "_runtime": 766, "_timestamp": 1610193997, "Table of best SMILES": {"_type": "table-file", "path": "media/table/Table of best SMILES_20_3a8dff34.table.json", "sha256": "3a8dff34fb2430987a13fe3a97e81fa8b7240a4b097a4f6905906276acd07887", "size": 4528, "ncols": 5, "nrows": 20}, "improvement": 3.835394985719134, "original_score": -2.0579343169567674, "new_score": 1.7774606687623662, "improved": true}