{"fitness": -4.126942081957079, "similarity": 0, "_step": 21, "_runtime": 2465, "_timestamp": 1611055659, "Table of best SMILES": {"_type": "table-file", "path": "media/table/Table of best SMILES_20_77099bf6.table.json", "sha256": "77099bf680b0749417ca7255f688fbe753a07e5c916ec1951156dd2ad88cf44c", "size": 7973, "ncols": 5, "nrows": 20}, "improvement": 0.0, "original_score": -4.126942081957079, "new_score": -4.126942081957079, "improved": false}