{"fitness": 0.2171558023062108, "similarity": 0, "_step": 21, "_runtime": 3420, "_timestamp": 1610695653, "Table of best SMILES": {"_type": "table-file", "path": "media/table/Table of best SMILES_20_7e73342e.table.json", "sha256": "7e73342e1e15971668f12eb75db34b31f25100f7f96b6e911e4f609448eb0835", "size": 4451, "ncols": 5, "nrows": 20}, "improvement": 1.4277148458907174, "original_score": -1.2105590435845066, "new_score": 0.2171558023062108, "improved": true}