{"fitness": -3.1547837941648207, "similarity": 0, "_step": 21, "_runtime": 968, "_timestamp": 1610404320, "Table of best SMILES": {"_type": "table-file", "path": "media/table/Table of best SMILES_20_ba114d9f.table.json", "sha256": "ba114d9fb9a754719dd4b2984470d891652e4c609015e64a35e9f1e43765f581", "size": 3135, "ncols": 5, "nrows": 20}, "improvement": 2.545394002834142, "original_score": -5.700177796998963, "new_score": -3.1547837941648207, "improved": true}