{"fitness": 0.07697961195851846, "similarity": 0, "_step": 21, "_runtime": 3790, "_timestamp": 1610891951, "Table of best SMILES": {"_type": "table-file", "path": "media/table/Table of best SMILES_20_a4fd31c0.table.json", "sha256": "a4fd31c0a89296c5041841e85c0533e71adfe5ccef85d44a4a793c71338ed7e2", "size": 6312, "ncols": 5, "nrows": 20}, "improvement": 3.1723907335906643, "original_score": -3.0954111216321456, "new_score": 0.07697961195851846, "improved": true}