{"fitness": -2.025680526683092, "similarity": 0, "_step": 21, "_runtime": 900, "_timestamp": 1610846499, "Table of best SMILES": {"_type": "table-file", "path": "media/table/Table of best SMILES_20_e2b1f8c0.table.json", "sha256": "e2b1f8c0241766fa22052ba429b58be7209424ea3dc3fcabc94eef46659ada1b", "size": 4708, "ncols": 5, "nrows": 20}, "improvement": 1.5809887023439728, "original_score": -3.606669229027065, "new_score": -2.025680526683092, "improved": true}