{"fitness": 2.1471006363597316, "similarity": 0, "_step": 21, "_runtime": 1088, "_timestamp": 1611133951, "Table of best SMILES": {"_type": "table-file", "path": "media/table/Table of best SMILES_20_7ea5ad48.table.json", "sha256": "7ea5ad488fedf3e9ee95d204bd45ff3ef519d2bc095f74ddb34a375d6e2353e0", "size": 7750, "ncols": 5, "nrows": 20}, "improvement": 3.684553036133777, "original_score": -1.5374523997740452, "new_score": 2.1471006363597316, "improved": true}