{"fitness": -4.119200023426474, "similarity": 0, "_step": 21, "_runtime": 1160, "_timestamp": 1610182395, "Table of best SMILES": {"_type": "table-file", "path": "media/table/Table of best SMILES_20_5edf65a0.table.json", "sha256": "5edf65a026374fa654bd0569fec5f4f602a39d16b503396164e6984d216bb8c9", "size": 4632, "ncols": 5, "nrows": 20}, "improvement": 0.5599537893148221, "original_score": -4.472330060503955, "new_score": -3.912376271189133, "improved": true}