{"fitness": -5.839296250916394, "similarity": 0, "_step": 21, "_runtime": 789, "_timestamp": 1610202759, "Table of best SMILES": {"_type": "table-file", "path": "media/table/Table of best SMILES_20_7fe9f959.table.json", "sha256": "7fe9f95936b42e7b8b6c00ab62ecaa8ef6fea7a5a2ae36b16806234ebd2aa6e0", "size": 4536, "ncols": 5, "nrows": 20}, "improvement": 0.5903491085455972, "original_score": -6.429645359461992, "new_score": -5.839296250916394, "improved": true}