{"fitness": -2.117691413929373, "similarity": 0, "_step": 21, "_runtime": 1265, "_timestamp": 1610178753, "Table of best SMILES": {"_type": "table-file", "path": "media/table/Table of best SMILES_20_cb8c4674.table.json", "sha256": "cb8c4674412549c6f750b7a7d9fee0cacb2b64210028477c4354c44e2ec66c32", "size": 4967, "ncols": 5, "nrows": 20}, "improvement": 0.6956336430471568, "original_score": -2.81332505697653, "new_score": -2.117691413929373, "improved": true}