{"fitness": 0.875233070009529, "similarity": 0, "_step": 21, "_runtime": 1106, "_timestamp": 1610430880, "Table of best SMILES": {"_type": "table-file", "path": "media/table/Table of best SMILES_20_5ec87fc2.table.json", "sha256": "5ec87fc237b699f4f5fd33d3fcee269f6eede23a66d6ebdeae44a99acd18475e", "size": 5013, "ncols": 5, "nrows": 20}, "improvement": 2.971563313938211, "original_score": -2.096330243928682, "new_score": 0.875233070009529, "improved": true}