{"fitness": 2.584830666841746, "similarity": 0, "_step": 21, "_runtime": 1279, "_timestamp": 1610148022, "Table of best SMILES": {"_type": "table-file", "path": "media/table/Table of best SMILES_20_3c657dfe.table.json", "sha256": "3c657dfe16ae599926590921634014efda39197dcfe9c439a97a35f3bc09885f", "size": 8868, "ncols": 5, "nrows": 20}, "improvement": 5.138309181992517, "original_score": -2.553478515150771, "new_score": 2.584830666841746, "improved": true}