{"fitness": 2.0626916940866957, "similarity": 0, "_step": 21, "_runtime": 797, "_timestamp": 1610208185, "Table of best SMILES": {"_type": "table-file", "path": "media/table/Table of best SMILES_20_59d5748c.table.json", "sha256": "59d5748cfc1ff7a40c384d7b7a7b6c786e676115a9f2e6df078bb4f787558777", "size": 4358, "ncols": 5, "nrows": 20}, "improvement": 6.3305795969160625, "original_score": -4.267887902829367, "new_score": 2.0626916940866957, "improved": true}