{"fitness": 1.7249794419656255, "similarity": 0, "_step": 21, "_runtime": 973, "_timestamp": 1610892649, "Table of best SMILES": {"_type": "table-file", "path": "media/table/Table of best SMILES_20_c53c5a68.table.json", "sha256": "c53c5a68f531aa36895cafea34fc8b3d9135d9123eec7b38eab137f06c17779f", "size": 5283, "ncols": 5, "nrows": 20}, "improvement": 3.082450430490264, "original_score": -1.3223586403144358, "new_score": 1.7600917901758282, "improved": true}