{"fitness": 0.3657947197693403, "similarity": 0, "_step": 21, "_runtime": 805, "_timestamp": 1610374812, "Table of best SMILES": {"_type": "table-file", "path": "media/table/Table of best SMILES_20_76b2f71a.table.json", "sha256": "76b2f71a36d7c51f3c1d11490c30d2c3c921c5e4e408bb872e874ec09dbb43f1", "size": 5963, "ncols": 5, "nrows": 20}, "improvement": 2.1212485813766087, "original_score": -1.7554538616072681, "new_score": 0.3657947197693403, "improved": true}