{"fitness": 1.0738694170909635, "similarity": 0, "_step": 21, "_runtime": 2182, "_timestamp": 1610490438, "Table of best SMILES": {"_type": "table-file", "path": "media/table/Table of best SMILES_20_af43c2df.table.json", "sha256": "af43c2dfc763b82bb36ce97d02a5b967d1039a396d9bff78b3211f3447384b91", "size": 4925, "ncols": 5, "nrows": 20}, "improvement": 2.1927884878011126, "original_score": -1.1189190707101493, "new_score": 1.0738694170909635, "improved": true}