{"fitness": 1.6987485124984938, "similarity": 0, "_step": 21, "_runtime": 744, "_timestamp": 1610199335, "Table of best SMILES": {"_type": "table-file", "path": "media/table/Table of best SMILES_20_e90a8552.table.json", "sha256": "e90a855214e98c281d2f751ce244ee7d6b8d187dea7504a5c505298bcbcd39e8", "size": 7514, "ncols": 5, "nrows": 20}, "improvement": 3.1044613071112743, "original_score": -1.4057127946127805, "new_score": 1.6987485124984938, "improved": true}