{"fitness": 0.6566956799193986, "similarity": 0, "_step": 21, "_runtime": 1290, "_timestamp": 1610159597, "Table of best SMILES": {"_type": "table-file", "path": "media/table/Table of best SMILES_20_c267f689.table.json", "sha256": "c267f689bde8d9428b7e7dc7ec95a537238e3c91c2c281328d918d529cb02670", "size": 7704, "ncols": 5, "nrows": 20}, "improvement": 1.7425261705760866, "original_score": -1.085830490656688, "new_score": 0.6566956799193986, "improved": true}