{"fitness": 1.7183555548114242, "similarity": 0, "_step": 21, "_runtime": 727, "_timestamp": 1611051939, "Table of best SMILES": {"_type": "table-file", "path": "media/table/Table of best SMILES_20_fb143ee8.table.json", "sha256": "fb143ee87379e1c80f6b597efcc3e9754cd70b4d32fb9f9ce70e629116e6b413", "size": 5229, "ncols": 5, "nrows": 20}, "improvement": 7.569122431626985, "original_score": -5.850766876815561, "new_score": 1.7183555548114242, "improved": true}