{"fitness": 0.4420050219724385, "similarity": 0, "_step": 21, "_runtime": 918, "_timestamp": 1610863801, "Table of best SMILES": {"_type": "table-file", "path": "media/table/Table of best SMILES_20_ba323727.table.json", "sha256": "ba3237276b9b6e11572e28d88710ef36f6b027b8ec6ee8f8f6623dbce19a252c", "size": 5191, "ncols": 5, "nrows": 20}, "improvement": 3.336462334217657, "original_score": -2.8944573122452186, "new_score": 0.4420050219724385, "improved": true}