{"fitness": 4.886644085160892, "similarity": 0, "_step": 21, "_runtime": 1264, "_timestamp": 1610156888, "Table of best SMILES": {"_type": "table-file", "path": "media/table/Table of best SMILES_20_091392e5.table.json", "sha256": "091392e51e02c43e930ea77496b125217f7d8f12dfa8f844b81c8911f555aae5", "size": 5494, "ncols": 5, "nrows": 20}, "improvement": 7.402361195996032, "original_score": -2.5157171108351397, "new_score": 4.886644085160892, "improved": true}