{"fitness": -999995.7463590098, "similarity": -1000000, "_step": 21, "_runtime": 2520, "_timestamp": 1610548803, "Table of best SMILES": {"_type": "table-file", "path": "media/table/Table of best SMILES_20_2bbe3345.table.json", "sha256": "2bbe3345c2119a662345144ddb3b7a1251120ef46248f6be131e7bf941bc2776", "size": 5573, "ncols": 5, "nrows": 20}, "improvement": 7.180148704093881, "original_score": -1000002.9265077139, "new_score": -999995.7463590098, "improved": true}