{"fitness": 2.5571093203719504, "similarity": 0, "_step": 21, "_runtime": 701, "_timestamp": 1611051209, "Table of best SMILES": {"_type": "table-file", "path": "media/table/Table of best SMILES_20_ed3cf2a5.table.json", "sha256": "ed3cf2a53d2d002a1ac4150946c95f554df5234c7a95b52bf7849a0116fb36bb", "size": 5104, "ncols": 5, "nrows": 20}, "improvement": 3.5790337172026483, "original_score": -1.021924396830698, "new_score": 2.5571093203719504, "improved": true}