{"fitness": -1.6139318192123273, "similarity": 0, "_step": 21, "_runtime": 1200, "_timestamp": 1610139985, "Table of best SMILES": {"_type": "table-file", "path": "media/table/Table of best SMILES_20_3e7cb3a7.table.json", "sha256": "3e7cb3a7175ba9d71a6cdd031df316510a38cdb97791488542aad5c6dccfad73", "size": 4041, "ncols": 5, "nrows": 20}, "improvement": 1.0244757582842308, "original_score": -2.638407577496558, "new_score": -1.6139318192123273, "improved": true}