{"fitness": 1.9499405018916054, "similarity": 0, "_step": 21, "_runtime": 927, "_timestamp": 1610872920, "Table of best SMILES": {"_type": "table-file", "path": "media/table/Table of best SMILES_20_9b4c4972.table.json", "sha256": "9b4c4972b429cb844f80eb851149b0f157c9281e43902ac4a06094134659ef52", "size": 4213, "ncols": 5, "nrows": 20}, "improvement": 3.9387855801693057, "original_score": -1.9888450782777, "new_score": 1.9499405018916054, "improved": true}