{"fitness": 1.664380492575062, "similarity": 0, "_step": 21, "_runtime": 761, "_timestamp": 1611039362, "Table of best SMILES": {"_type": "table-file", "path": "media/table/Table of best SMILES_20_217e19d7.table.json", "sha256": "217e19d71c0e191ac1817fef375658d1437476c5625865d2dbb305e38a446d64", "size": 3963, "ncols": 5, "nrows": 20}, "improvement": 5.169764811068918, "original_score": -3.505384318493855, "new_score": 1.664380492575062, "improved": true}