{"fitness": 1.440232247526641, "similarity": 0, "_step": 21, "_runtime": 1010, "_timestamp": 1611118573, "Table of best SMILES": {"_type": "table-file", "path": "media/table/Table of best SMILES_20_3139166c.table.json", "sha256": "3139166c7acf5ef8d0613fafd6afb18f2074eb8e2fdd9b170cda54c969f42aea", "size": 4533, "ncols": 5, "nrows": 20}, "improvement": 7.652250602290459, "original_score": -6.212018354763818, "new_score": 1.440232247526641, "improved": true}