{"fitness": 1.3796520259241698, "similarity": 0, "_step": 21, "_runtime": 2689, "_timestamp": 1611146478, "Table of best SMILES": {"_type": "table-file", "path": "media/table/Table of best SMILES_20_93295a74.table.json", "sha256": "93295a74d7e61ae88149911c573fd8fcc2d01653941a3b89680daedfac8ae508", "size": 6318, "ncols": 5, "nrows": 20}, "improvement": 3.178943667343135, "original_score": -1.799291641418965, "new_score": 1.3796520259241698, "improved": true}