{"fitness": 0.8273332364477312, "similarity": 0, "_step": 21, "_runtime": 2335, "_timestamp": 1610510219, "Table of best SMILES": {"_type": "table-file", "path": "media/table/Table of best SMILES_20_8a17e557.table.json", "sha256": "8a17e557289f1335ec06591ecd115b7090bdc93e04fd6819828a26d3f0bb6934", "size": 7860, "ncols": 5, "nrows": 20}, "improvement": 2.3647856362217765, "original_score": -1.5374523997740452, "new_score": 0.8273332364477312, "improved": true}