{"fitness": -1.3317363797967243, "similarity": 0, "_step": 21, "_runtime": 1106, "_timestamp": 1610436389, "Table of best SMILES": {"_type": "table-file", "path": "media/table/Table of best SMILES_20_c0d263c9.table.json", "sha256": "c0d263c9e8bd2ea1ff97d4582b8b9684f17ea6c5b58859f1c093a33d81d4d793", "size": 5711, "ncols": 5, "nrows": 20}, "improvement": 1.0891785426163263, "original_score": -2.4209149224130506, "new_score": -1.3317363797967243, "improved": true}