{"fitness": -5.585942629032913, "similarity": 0, "_step": 21, "_runtime": 1156, "_timestamp": 1610124177, "Table of best SMILES": {"_type": "table-file", "path": "media/table/Table of best SMILES_20_47accc56.table.json", "sha256": "47accc56a81a9aa57799c49facf61a166d8ff001251a8b400ce15683d8a8e31b", "size": 4710, "ncols": 5, "nrows": 20}, "improvement": 1.3103548624768502, "original_score": -6.429645359461992, "new_score": -5.119290496985141, "improved": true}