{"fitness": -0.3609184316305083, "similarity": 0, "_step": 21, "_runtime": 4585, "_timestamp": 1610970493, "Table of best SMILES": {"_type": "table-file", "path": "media/table/Table of best SMILES_20_6348b4cd.table.json", "sha256": "6348b4cd6e9e0a673519815c088c66af5afa8c719b65470f66cdf446869df452", "size": 5304, "ncols": 5, "nrows": 20}, "improvement": 0.7928764390861927, "original_score": -1.153794870716701, "new_score": -0.3609184316305083, "improved": true}