{"fitness": -2.079733826989045, "similarity": 0, "_step": 21, "_runtime": 1137, "_timestamp": 1610446450, "Table of best SMILES": {"_type": "table-file", "path": "media/table/Table of best SMILES_20_24f4e397.table.json", "sha256": "24f4e397c75b97852ce0c144091f608a20aee040d2d48772a9988c7a60174285", "size": 4201, "ncols": 5, "nrows": 20}, "improvement": 1.7405495269827167, "original_score": -3.8202833539717616, "new_score": -2.079733826989045, "improved": true}