{"fitness": 0.3876053810239834, "similarity": 0, "_step": 21, "_runtime": 4403, "_timestamp": 1610948572, "Table of best SMILES": {"_type": "table-file", "path": "media/table/Table of best SMILES_20_2be7627e.table.json", "sha256": "2be7627e0330ec2557696bdeea79840067f9792ce469b9816a43333437584588", "size": 4394, "ncols": 5, "nrows": 20}, "improvement": 2.2543475545662575, "original_score": -1.866742173542274, "new_score": 0.3876053810239834, "improved": true}