{"fitness": -0.5222944153475347, "similarity": 0, "_step": 21, "_runtime": 801, "_timestamp": 1610254822, "Table of best SMILES": {"_type": "table-file", "path": "media/table/Table of best SMILES_20_0283130d.table.json", "sha256": "0283130d5129549a8cf5d86de35e8c020670e1d5abff0419ba022014cf49837e", "size": 5161, "ncols": 5, "nrows": 20}, "improvement": 1.0797820633123207, "original_score": -1.3223586403144358, "new_score": -0.24257657700211502, "improved": true}