{"fitness": -4.732940454311066, "similarity": 0, "_step": 21, "_runtime": 3249, "_timestamp": 1610675667, "Table of best SMILES": {"_type": "table-file", "path": "media/table/Table of best SMILES_20_79b7552c.table.json", "sha256": "79b7552c259f04b55de5589dfb44fd64f297b785795626067c0f507ec0e3eeb4", "size": 4001, "ncols": 5, "nrows": 20}, "improvement": 0.15485725828172558, "original_score": -4.887797712592792, "new_score": -4.732940454311066, "improved": true}