{"fitness": 0.6636484983671254, "similarity": 0, "_step": 21, "_runtime": 3584, "_timestamp": 1610734257, "Table of best SMILES": {"_type": "table-file", "path": "media/table/Table of best SMILES_20_948a7066.table.json", "sha256": "948a70668cb51d5085c31d9ac2609022fae019f878af212c68ccccbb29fe2c33", "size": 5807, "ncols": 5, "nrows": 20}, "improvement": 2.553499209610205, "original_score": -1.8898507112430798, "new_score": 0.6636484983671254, "improved": true}