{"fitness": 0.9933983775819004, "similarity": 0, "_step": 21, "_runtime": 1018, "_timestamp": 1611116535, "Table of best SMILES": {"_type": "table-file", "path": "media/table/Table of best SMILES_20_082bba40.table.json", "sha256": "082bba4006e7d0f543b6da0393566453bee2b76420cf74286149748d3b3739e7", "size": 5570, "ncols": 5, "nrows": 20}, "improvement": 3.2193858408552884, "original_score": -2.225987463273388, "new_score": 0.9933983775819004, "improved": true}