{"fitness": 0.8084473838601497, "similarity": 0, "_step": 21, "_runtime": 779, "_timestamp": 1610328923, "Table of best SMILES": {"_type": "table-file", "path": "media/table/Table of best SMILES_20_1d3fb18d.table.json", "sha256": "1d3fb18d9adba8b82f3ab39daeca9c1b734c52c3dbb66b333e58a6086e8005e2", "size": 6901, "ncols": 5, "nrows": 20}, "improvement": 3.300608144671522, "original_score": -2.266350232313932, "new_score": 1.0342579123575897, "improved": true}