{"fitness": 25.003098921358674, "fitness_no_discr": 36.3051706022724, "discriminator": 0.001073988969437778, "_step": 500, "_runtime": 26308, "_timestamp": 1610058790, "graph_0": {"_type": "graph-file", "path": "media/graph/graph_0_summary_ca47506b.graph.json", "sha256": "ca47506b5941077056594c1f8f2cad007e05847a96a094dc27a4ba5cb0021fad", "size": 723}, "gradients/predict.bias": {"_type": "histogram", "values": [0.0, 0.0, 0.0, 0.0, 0.0, 0.0, 0.0, 0.0, 0.0, 0.0, 0.0, 0.0, 0.0, 0.0, 0.0, 0.0, 0.0, 0.0, 0.0, 0.0, 0.0, 0.0, 0.0, 0.0, 0.0, 0.0, 0.0, 0.0, 0.0, 0.0, 0.0, 0.0, 1.0, 0.0, 0.0, 0.0, 0.0, 0.0, 0.0, 0.0, 0.0, 0.0, 0.0, 0.0, 0.0, 0.0, 0.0, 0.0, 0.0, 0.0, 0.0, 0.0, 0.0, 0.0, 0.0, 0.0, 0.0, 0.0, 0.0, 0.0, 0.0, 0.0, 0.0, 0.0], "bins": [0.0001536974887130782, 0.0001536974887130782, 0.0001536974887130782, 0.0001536974887130782, 0.0001536974887130782, 0.0001536974887130782, 0.0001536974887130782, 0.0001536974887130782, 0.0001536974887130782, 0.0001536974887130782, 0.0001536974887130782, 0.0001536974887130782, 0.0001536974887130782, 0.0001536974887130782, 0.0001536974887130782, 0.0001536974887130782, 0.0001536974887130782, 0.0001536974887130782, 0.0001536974887130782, 0.0001536974887130782, 0.0001536974887130782, 0.0001536974887130782, 0.0001536974887130782, 0.0001536974887130782, 0.0001536974887130782, 0.0001536974887130782, 0.0001536974887130782, 0.0001536974887130782, 0.0001536974887130782, 0.0001536974887130782, 0.0001536974887130782, 0.0001536974887130782, 0.0001536974887130782, 0.0001536974887130782, 0.0001536974887130782, 0.0001536974887130782, 0.0001536974887130782, 0.0001536974887130782, 0.0001536974887130782, 0.0001536974887130782, 0.0001536974887130782, 0.0001536974887130782, 0.0001536974887130782, 0.0001536974887130782, 0.0001536974887130782, 0.0001536974887130782, 0.0001536974887130782, 0.0001536974887130782, 0.0001536974887130782, 0.0001536974887130782, 0.0001536974887130782, 0.0001536974887130782, 0.0001536974887130782, 0.0001536974887130782, 0.0001536974887130782, 0.0001536974887130782, 0.0001536974887130782, 0.0001536974887130782, 0.0001536974887130782, 0.0001536974887130782, 0.0001536974887130782, 0.0001536974887130782, 0.0001536974887130782, 0.0001536974887130782, 0.0001536974887130782]}, "gradients/predict.weight": {"_type": "histogram", "values": [5.0, 0.0, 0.0, 0.0, 0.0, 0.0, 0.0, 0.0, 0.0, 0.0, 0.0, 0.0, 0.0, 0.0, 0.0, 0.0, 0.0, 0.0, 0.0, 0.0, 0.0, 0.0, 0.0, 0.0, 0.0, 0.0, 0.0, 0.0, 0.0, 0.0, 0.0, 0.0, 0.0, 0.0, 0.0, 0.0, 0.0, 0.0, 0.0, 0.0, 0.0, 0.0, 0.0, 0.0, 0.0, 0.0, 0.0, 0.0, 0.0, 0.0, 0.0, 0.0, 0.0, 0.0, 0.0, 0.0, 0.0, 0.0, 0.0, 0.0, 0.0, 0.0, 0.0, 5.0], "bins": [-0.0005313876317813993, -0.0005122321308590472, -0.000493076688144356, -0.00047392118722200394, -0.0004547657154034823, -0.0004356102435849607, -0.0004164547717664391, -0.00039729929994791746, -0.0003781437990255654, -0.0003589883563108742, -0.00033983285538852215, -0.00032067738357000053, -0.0003015219117514789, -0.0002823664399329573, -0.0002632109390106052, -0.0002440554671920836, -0.00022489999537356198, -0.00020574452355504036, -0.00018658905173651874, -0.00016743355081416667, -0.00014827807899564505, -0.00012912260717712343, -0.00010996713535860181, -9.081166354008019e-05, -7.165619172155857e-05, -5.2500690799206495e-05, -3.334524808451533e-05, -1.4189747162163258e-05, 4.965753760188818e-06, 2.412119647487998e-05, 4.3276697397232056e-05, 6.243214011192322e-05, 8.15876410342753e-05, 0.00010074314195662737, 0.00011989858467131853, 0.0001390540855936706, 0.00015820952830836177, 0.00017736502923071384, 0.00019652053015306592, 0.00021567597286775708, 0.00023483147379010916, 0.0002539869165048003, 0.0002731424174271524, 0.00029229791834950447, 0.00031145336106419563, 0.0003306088619865477, 0.00034976430470123887, 0.00036891980562359095, 0.0003880752483382821, 0.0004072307492606342, 0.00042638625018298626, 0.0004455416928976774, 0.0004646971356123686, 0.00048385269474238157, 0.0005030081374570727, 0.0005221635801717639, 0.0005413191393017769, 0.000560474582016468, 0.0005796300247311592, 0.0005987855838611722, 0.0006179410265758634, 0.0006370964692905545, 0.0006562519120052457, 0.0006754074711352587, 0.0006945629138499498]}, "gradients/hidden.1.bias": {"_type": "histogram", "values": [2.0, 1.0, 1.0, 1.0, 0.0, 0.0, 0.0, 0.0, 0.0, 0.0, 0.0, 0.0, 0.0, 0.0, 0.0, 0.0, 0.0, 0.0, 0.0, 0.0, 0.0, 0.0, 0.0, 0.0, 0.0, 0.0, 0.0, 0.0, 0.0, 0.0, 0.0, 0.0, 0.0, 0.0, 0.0, 0.0, 0.0, 0.0, 0.0, 0.0, 0.0, 0.0, 0.0, 0.0, 0.0, 0.0, 0.0, 0.0, 0.0, 0.0, 0.0, 0.0, 0.0, 0.0, 0.0, 0.0, 0.0, 0.0, 0.0, 0.0, 0.0, 1.0, 1.0, 3.0], "bins": [-6.690505688311532e-05, -6.489348015747964e-05, -6.288191070780158e-05, -6.08703339821659e-05, -5.8858757256530225e-05, -5.6847184168873355e-05, -5.4835611081216484e-05, -5.282403435558081e-05, -5.0812461267923936e-05, -4.8800888180267066e-05, -4.678931145463139e-05, -4.477773836697452e-05, -4.276616527931765e-05, -4.075458855368197e-05, -3.87430154660251e-05, -3.673144237836823e-05, -3.471986565273255e-05, -3.270829256507568e-05, -3.069671583944e-05, -2.8685142751783133e-05, -2.6673566026147455e-05, -2.4661992938490584e-05, -2.2650419850833714e-05, -2.0638843125198036e-05, -1.8627270037541166e-05, -1.6615696949884295e-05, -1.4604120224248618e-05, -1.2592547136591747e-05, -1.0580974048934877e-05, -8.5693973232992e-06, -6.557824235642329e-06, -4.546251147985458e-06, -2.534674422349781e-06, -5.230976967141032e-07, 1.4884717529639602e-06, 3.5000484785996377e-06, 5.511625204235315e-06, 7.523194653913379e-06, 9.534771379549056e-06, 1.1546348105184734e-05, 1.3557924830820411e-05, 1.5569494280498475e-05, 1.7581071006134152e-05, 1.959264773176983e-05, 2.1604217181447893e-05, 2.361579390708357e-05, 2.562737063271925e-05, 2.7638940082397312e-05, 2.965051680803299e-05, 3.166209353366867e-05, 3.367366298334673e-05, 3.568523970898241e-05, 3.7696816434618086e-05, 3.970838588429615e-05, 4.1719962609931827e-05, 4.3731539335567504e-05, 4.574310878524557e-05, 4.7754685510881245e-05, 4.976626223651692e-05, 5.17778389621526e-05, 5.3789408411830664e-05, 5.580098513746634e-05, 5.7812554587144405e-05, 5.9824138588737696e-05, 6.183570803841576e-05]}, "gradients/hidden.1.weight": {"_type": "histogram", "values": [5.0, 25.0, 53.0, 74.0, 84.0, 71.0, 9.0, 11.0, 16.0, 24.0, 38.0, 33.0, 36.0, 15.0, 4.0, 2.0, 0.0, 0.0, 0.0, 0.0, 0.0, 0.0, 0.0, 0.0, 0.0, 0.0, 0.0, 0.0, 0.0, 0.0, 0.0, 0.0, 0.0, 0.0, 0.0, 0.0, 0.0, 0.0, 0.0, 0.0, 0.0, 0.0, 0.0, 0.0, 0.0, 0.0, 0.0, 0.0, 2.0, 6.0, 16.0, 38.0, 52.0, 32.0, 16.0, 10.0, 6.0, 11.0, 35.0, 97.0, 74.0, 62.0, 35.0, 8.0],