{"fitness": -0.11480901554872999, "similarity": 0, "_step": 21, "_runtime": 2954, "_timestamp": 1610606350, "Table of best SMILES": {"_type": "table-file", "path": "media/table/Table of best SMILES_20_b81b4641.table.json", "sha256": "b81b4641d06e50afd237c838989a6618b10715fb689ce1f3b7a38abc61d2b89c", "size": 5163, "ncols": 5, "nrows": 20}, "improvement": 1.7100040119753341, "original_score": -1.8248130275240642, "new_score": -0.11480901554872999, "improved": true}