{"fitness": -2.597921171764657, "similarity": 0, "_step": 21, "_runtime": 782, "_timestamp": 1610193228, "Table of best SMILES": {"_type": "table-file", "path": "media/table/Table of best SMILES_20_97733b89.table.json", "sha256": "97733b894f9986d6b526f21cef46fef37bcbf6b40547cf5df6ad955b522cb11f", "size": 8376, "ncols": 5, "nrows": 20}, "improvement": 4.437740680102086, "original_score": -7.0356618518667435, "new_score": -2.597921171764657, "improved": true}