{"fitness": -3.445221084130327, "similarity": 0, "_step": 21, "_runtime": 804, "_timestamp": 1610362735, "Table of best SMILES": {"_type": "table-file", "path": "media/table/Table of best SMILES_20_fb60f962.table.json", "sha256": "fb60f962f1ff4c81cfb8ab3eb68138193104c589939b96328dc81a76864e584d", "size": 3856, "ncols": 5, "nrows": 20}, "improvement": 0.0, "original_score": -3.445221084130327, "new_score": -3.445221084130327, "improved": false}