{"fitness": -0.8480304401372101, "similarity": 0, "_step": 21, "_runtime": 3507, "_timestamp": 1610709434, "Table of best SMILES": {"_type": "table-file", "path": "media/table/Table of best SMILES_20_f35c8df7.table.json", "sha256": "f35c8df75ecb8bbf002d3e5b1e02bc1a63372a7d70a280651eb235eda56ff792", "size": 8773, "ncols": 5, "nrows": 20}, "improvement": 1.2140957598903952, "original_score": -2.0621262000276053, "new_score": -0.8480304401372101, "improved": true}