{"fitness": 1.2130145179181582, "similarity": 0, "_step": 21, "_runtime": 3550, "_timestamp": 1610741390, "Table of best SMILES": {"_type": "table-file", "path": "media/table/Table of best SMILES_20_d7ee0d1a.table.json", "sha256": "d7ee0d1aede055c56c6435e952af1e0d6061d406c15bbf06c1a107176a82b461", "size": 4887, "ncols": 5, "nrows": 20}, "improvement": 2.6467044820556485, "original_score": -1.4336899641374903, "new_score": 1.2130145179181582, "improved": true}