{"fitness": -1.7624730313042414, "similarity": 0, "_step": 21, "_runtime": 774, "_timestamp": 1610334324, "Table of best SMILES": {"_type": "table-file", "path": "media/table/Table of best SMILES_20_da051e1c.table.json", "sha256": "da051e1ce1f82c07409f84dcc923f69e49a5bd81a9b887d9fdc9916eb84bf2ba", "size": 6190, "ncols": 5, "nrows": 20}, "improvement": 0.5908458514350561, "original_score": -2.3533188827392975, "new_score": -1.7624730313042414, "improved": true}