{"fitness": -1.4687642144906923, "similarity": 0, "_step": 21, "_runtime": 991, "_timestamp": 1610409329, "Table of best SMILES": {"_type": "table-file", "path": "media/table/Table of best SMILES_20_1c0c54b8.table.json", "sha256": "1c0c54b8bc94c863dc73ad3596646a7940a43f603d0cc276a3ca421fcde9cbbf", "size": 5412, "ncols": 5, "nrows": 20}, "improvement": 1.517011432078996, "original_score": -2.9857756465696883, "new_score": -1.4687642144906923, "improved": true}