{"fitness": 3.8320497620377276, "similarity": 0, "_step": 21, "_runtime": 1303, "_timestamp": 1610168529, "Table of best SMILES": {"_type": "table-file", "path": "media/table/Table of best SMILES_20_9d54ae4e.table.json", "sha256": "9d54ae4e9825a75d54b98e0998ec3f47103e6a701a2ff92ff69511cfae441cc9", "size": 6940, "ncols": 5, "nrows": 20}, "improvement": 5.502576106142125, "original_score": -1.6705263441043974, "new_score": 3.8320497620377276, "improved": true}