{"fitness": 2.4829809508926717, "similarity": 0, "_step": 21, "_runtime": 894, "_timestamp": 1610852846, "Table of best SMILES": {"_type": "table-file", "path": "media/table/Table of best SMILES_20_5151ee7a.table.json", "sha256": "5151ee7a31dc44807af830e578800282c0b98dd39a5fcf3d447dffd89a02b761", "size": 4595, "ncols": 5, "nrows": 20}, "improvement": 3.079702599028831, "original_score": -0.5967216481361597, "new_score": 2.4829809508926717, "improved": true}