{"fitness": 1.3646755892850624, "similarity": 0, "_step": 21, "_runtime": 852, "_timestamp": 1611081888, "Table of best SMILES": {"_type": "table-file", "path": "media/table/Table of best SMILES_20_0fab2a7c.table.json", "sha256": "0fab2a7c59a7ed60cee64bd3d7028605a9551cf15d5a27939b55505d15db086f", "size": 5079, "ncols": 5, "nrows": 20}, "improvement": 3.4610058332137443, "original_score": -2.096330243928682, "new_score": 1.3646755892850624, "improved": true}