{"fitness": -999994.5313256249, "similarity": -1000000, "_step": 21, "_runtime": 1163, "_timestamp": 1610451078, "Table of best SMILES": {"_type": "table-file", "path": "media/table/Table of best SMILES_20_1ab7b1e9.table.json", "sha256": "1ab7b1e9c257394ec454258a5885e8c2046284095664ce68a82a3b24b5149753", "size": 9595, "ncols": 5, "nrows": 20}, "improvement": 7.393038280424662, "original_score": -1000001.9243639053, "new_score": -999994.5313256249, "improved": true}