{"fitness": -999993.1116222253, "similarity": -1000000, "_step": 21, "_runtime": 784, "_timestamp": 1611065549, "Table of best SMILES": {"_type": "table-file", "path": "media/table/Table of best SMILES_20_991058e8.table.json", "sha256": "991058e88772aaaa6775e692b08725a458df49112a5b9c688600eb5a14f3d559", "size": 8675, "ncols": 5, "nrows": 20}, "improvement": 9.13217836804688, "original_score": -1000002.2438005933, "new_score": -999993.1116222253, "improved": true}