{"fitness": 2.6873298272690294, "similarity": 0, "_step": 21, "_runtime": 1257, "_timestamp": 1610178635, "Table of best SMILES": {"_type": "table-file", "path": "media/table/Table of best SMILES_20_3cbba5dd.table.json", "sha256": "3cbba5ddace84eca44ad17d25c7237d5bb2ebf39498697f6351a52d446f025ae", "size": 4968, "ncols": 5, "nrows": 20}, "improvement": 5.500654884245559, "original_score": -2.81332505697653, "new_score": 2.6873298272690294, "improved": true}