{"fitness": 2.8615013903037374, "similarity": 0, "_step": 21, "_runtime": 891, "_timestamp": 1610834015, "Table of best SMILES": {"_type": "table-file", "path": "media/table/Table of best SMILES_20_50572bb1.table.json", "sha256": "50572bb11523a966ad5b1cf1327ee8a1d38c0d9131d32f59e1b397735e438da3", "size": 7090, "ncols": 5, "nrows": 20}, "improvement": 4.129966634996172, "original_score": -1.2684652446924343, "new_score": 2.8615013903037374, "improved": true}