{"fitness": 1.3707118937296918, "similarity": 0, "_step": 21, "_runtime": 897, "_timestamp": 1610835782, "Table of best SMILES": {"_type": "table-file", "path": "media/table/Table of best SMILES_20_93916969.table.json", "sha256": "93916969951f3ad51a18b8a7d25c2a75ee4c9c0272bbe021ba1464235235cb38", "size": 8661, "ncols": 5, "nrows": 20}, "improvement": 4.6753015415153785, "original_score": -3.304589647785687, "new_score": 1.3707118937296918, "improved": true}