{"fitness": -999995.0745464114, "similarity": -1000000, "_step": 21, "_runtime": 978, "_timestamp": 1610948347, "Table of best SMILES": {"_type": "table-file", "path": "media/table/Table of best SMILES_20_debbe916.table.json", "sha256": "debbe9166f95a9c66d21f09b2b887da9c0369ab7aa1adb74e2328bea343009dc", "size": 7482, "ncols": 5, "nrows": 20}, "improvement": 6.97410040628165, "original_score": -1000002.0486468177, "new_score": -999995.0745464114, "improved": true}