{"fitness": 2.6207799405977448, "similarity": 0, "_step": 21, "_runtime": 1060, "_timestamp": 1610977521, "Table of best SMILES": {"_type": "table-file", "path": "media/table/Table of best SMILES_20_59aeff62.table.json", "sha256": "59aeff62a4a1e7ac649a41fa361e7dca77b62fa2e5073c7b714eff87b048dbdf", "size": 6078, "ncols": 5, "nrows": 20}, "improvement": 4.948639244843514, "original_score": -2.3278593042457696, "new_score": 2.6207799405977448, "improved": true}