{"fitness": 2.3957436144276767, "similarity": 0, "_step": 21, "_runtime": 925, "_timestamp": 1610921397, "Table of best SMILES": {"_type": "table-file", "path": "media/table/Table of best SMILES_20_3e5542fe.table.json", "sha256": "3e5542fe7941c06cb6f8c85981a8e69f55e6dd845d19707792e31200b57a6cff", "size": 5391, "ncols": 5, "nrows": 20}, "improvement": 5.359609231803232, "original_score": -2.9638656173755544, "new_score": 2.3957436144276767, "improved": true}