{"fitness": 0.25459938640155133, "similarity": 0, "_step": 21, "_runtime": 820, "_timestamp": 1610212240, "Table of best SMILES": {"_type": "table-file", "path": "media/table/Table of best SMILES_20_5518d23e.table.json", "sha256": "5518d23ef4795148b8012317fefef41e32c6dc8946745201ed460921dd1b3392", "size": 4415, "ncols": 5, "nrows": 20}, "improvement": 2.655165918486995, "original_score": -2.4005665320854437, "new_score": 0.25459938640155133, "improved": true}