{"fitness": -0.9831178901216366, "similarity": 0, "_step": 21, "_runtime": 2738, "_timestamp": 1610580229, "Table of best SMILES": {"_type": "table-file", "path": "media/table/Table of best SMILES_20_1d654c52.table.json", "sha256": "1d654c528d300fd0c25925ca4420aa0fde1361d3ebd1934a11bb8f72ec00304e", "size": 5289, "ncols": 5, "nrows": 20}, "improvement": 1.6594287423749539, "original_score": -2.6425466324965905, "new_score": -0.9831178901216366, "improved": true}