{"fitness": -0.3501759545373344, "similarity": 0, "_step": 21, "_runtime": 2173, "_timestamp": 1610486074, "Table of best SMILES": {"_type": "table-file", "path": "media/table/Table of best SMILES_20_69e08f94.table.json", "sha256": "69e08f94eae8f35155a5f4ad2ff108fff13c706dfaaf4b94f198e37262f46791", "size": 6660, "ncols": 5, "nrows": 20}, "improvement": 0.9849936831194324, "original_score": -1.3351696376567668, "new_score": -0.3501759545373344, "improved": true}