{"fitness": -2.1819337052396732, "similarity": 0, "_step": 21, "_runtime": 752, "_timestamp": 1610265813, "Table of best SMILES": {"_type": "table-file", "path": "media/table/Table of best SMILES_20_159e2580.table.json", "sha256": "159e25803bc6beb01b21a0e37c902413871091d7a1b90db058793ba9992ad72b", "size": 4279, "ncols": 5, "nrows": 20}, "improvement": 2.3539183359964433, "original_score": -4.267887902829367, "new_score": -1.9139695668329233, "improved": true}