{"fitness": -999997.5367096185, "similarity": -1000000, "_step": 21, "_runtime": 317, "_timestamp": 1610222660, "Table of best SMILES": {"_type": "table-file", "path": "media/table/Table of best SMILES_20_f84ba5af.table.json", "sha256": "f84ba5af0554d3dae8d95be0689402f92a2b895e4e0e5fb3abfc046a5230199c", "size": 5604, "ncols": 5, "nrows": 20}, "improvement": 7.6327089125989005, "original_score": -1000005.1694185311, "new_score": -999997.5367096185, "improved": true}