{"fitness": -3.9620377391667403, "similarity": 0, "_step": 21, "_runtime": 754, "_timestamp": 1610295674, "Table of best SMILES": {"_type": "table-file", "path": "media/table/Table of best SMILES_20_b4cb60c5.table.json", "sha256": "b4cb60c5f982820ac33af85d3bc6dfbe838a83f71a5c3118a3c0d8cd0338968e", "size": 5183, "ncols": 5, "nrows": 20}, "improvement": 0.21966522524676924, "original_score": -4.1817029644135095, "new_score": -3.9620377391667403, "improved": true}