{"fitness": -3.3997008889421045, "similarity": 0, "_step": 21, "_runtime": 1242, "_timestamp": 1610160842, "Table of best SMILES": {"_type": "table-file", "path": "media/table/Table of best SMILES_20_e1f0880a.table.json", "sha256": "e1f0880a266a133205a8c21792e8f4019e33dc56508b2414fee94418cb924528", "size": 5251, "ncols": 5, "nrows": 20}, "improvement": 0.0, "original_score": -3.3997008889421045, "new_score": -3.3997008889421045, "improved": false}