{"fitness": 1.2810527104034455, "similarity": 0, "_step": 21, "_runtime": 732, "_timestamp": 1611053412, "Table of best SMILES": {"_type": "table-file", "path": "media/table/Table of best SMILES_20_b5029b5e.table.json", "sha256": "b5029b5ef6ab0a70c2fb429a569fc00ae2af7a9644427b908a844ed1dbea1ac6", "size": 4205, "ncols": 5, "nrows": 20}, "improvement": 4.372251900538996, "original_score": -3.09119919013555, "new_score": 1.2810527104034455, "improved": true}