{"fitness": -2.142977247280165, "similarity": 0, "_step": 21, "_runtime": 950, "_timestamp": 1610951324, "Table of best SMILES": {"_type": "table-file", "path": "media/table/Table of best SMILES_20_b915e45b.table.json", "sha256": "b915e45bab547ced347b9cd7849cbe4b6135201539f14f55056b197506778bf2", "size": 6596, "ncols": 5, "nrows": 20}, "improvement": 1.1869992022271219, "original_score": -3.3299764495072868, "new_score": -2.142977247280165, "improved": true}