{"fitness": 1.547170275699378, "similarity": 0, "_step": 21, "_runtime": 1275, "_timestamp": 1610470093, "Table of best SMILES": {"_type": "table-file", "path": "media/table/Table of best SMILES_20_7e4fdba3.table.json", "sha256": "7e4fdba3aec18d666e14da194b1b2a795fa112b203a09d964681e594b617fc4a", "size": 6687, "ncols": 5, "nrows": 20}, "improvement": 3.4945809196901454, "original_score": -1.9474106439907672, "new_score": 1.547170275699378, "improved": true}