{"fitness": 0.21622472218590374, "similarity": 0, "_step": 21, "_runtime": 992, "_timestamp": 1610961241, "Table of best SMILES": {"_type": "table-file", "path": "media/table/Table of best SMILES_20_a6051990.table.json", "sha256": "a6051990c57d8514040093642bce8cdcec3e6d0c494f2c321acc6242e99d112f", "size": 5832, "ncols": 5, "nrows": 20}, "improvement": 2.88906124627621, "original_score": -2.672836524090306, "new_score": 0.21622472218590374, "improved": true}