{"fitness": 1.9318178575852507, "similarity": 0, "_step": 21, "_runtime": 1041, "_timestamp": 1610976458, "Table of best SMILES": {"_type": "table-file", "path": "media/table/Table of best SMILES_20_dfc2cd03.table.json", "sha256": "dfc2cd0380d36fd848a75e2e44bd91430cb500c276705722fec5d2cfd61ba8a4", "size": 6530, "ncols": 5, "nrows": 20}, "improvement": 2.9525290948274296, "original_score": -1.020711237242179, "new_score": 1.9318178575852507, "improved": true}