{"fitness": -999995.8335187474, "similarity": -1000000, "_step": 21, "_runtime": 3323, "_timestamp": 1610765044, "Table of best SMILES": {"_type": "table-file", "path": "media/table/Table of best SMILES_20_ec375fbf.table.json", "sha256": "ec375fbfd359bfe7fa4847633d7e91a49b26bddb20562f6545dd3ad2e665a9a4", "size": 5417, "ncols": 5, "nrows": 20}, "improvement": 6.892306520487182, "original_score": -1000002.7258252678, "new_score": -999995.8335187474, "improved": true}