{"fitness": 2.119843094186918, "similarity": 0, "_step": 21, "_runtime": 3345, "_timestamp": 1610755406, "Table of best SMILES": {"_type": "table-file", "path": "media/table/Table of best SMILES_20_10e867aa.table.json", "sha256": "10e867aa2aae9089d6f8a71942b19ea75638adf045be88436ee949e81a17c3d2", "size": 6624, "ncols": 5, "nrows": 20}, "improvement": 3.412698626225243, "original_score": -1.2928555320383246, "new_score": 2.119843094186918, "improved": true}