{"fitness": 2.4105891031857754, "similarity": 0, "_step": 21, "_runtime": 819, "_timestamp": 1610205741, "Table of best SMILES": {"_type": "table-file", "path": "media/table/Table of best SMILES_20_d80c8fc5.table.json", "sha256": "d80c8fc5fe9c84d14ec7c4e5c206709f0f97cd70dcecec8cd8f69fe082d70a36", "size": 4923, "ncols": 5, "nrows": 20}, "improvement": 3.9170356509579136, "original_score": -1.5064465477721385, "new_score": 2.4105891031857754, "improved": true}