{"fitness": -3.133689370149506, "similarity": 0, "_step": 21, "_runtime": 1000, "_timestamp": 1610405323, "Table of best SMILES": {"_type": "table-file", "path": "media/table/Table of best SMILES_20_0a2b53bb.table.json", "sha256": "0a2b53bb9c87df96de37d85eef59db017cd6170a11edd271f5d5bed60fa81d44", "size": 4831, "ncols": 5, "nrows": 20}, "improvement": 3.746061681173888, "original_score": -6.879751051323394, "new_score": -3.133689370149506, "improved": true}