{"fitness": -999995.2309194019, "similarity": -1000000, "_step": 21, "_runtime": 782, "_timestamp": 1610297232, "Table of best SMILES": {"_type": "table-file", "path": "media/table/Table of best SMILES_20_235a00b0.table.json", "sha256": "235a00b0a17da515efa0b6a238a05885086525f4a17ea85cfa898313475d1de8", "size": 4996, "ncols": 5, "nrows": 20}, "improvement": 7.841495170490816, "original_score": -1000003.0724145724, "new_score": -999995.2309194019, "improved": true}