{"fitness": -999995.8335187474, "similarity": -1000000, "_step": 21, "_runtime": 1004, "_timestamp": 1610412340, "Table of best SMILES": {"_type": "table-file", "path": "media/table/Table of best SMILES_20_c6b1249d.table.json", "sha256": "c6b1249ddbcc5edeadb773da72d9d740f6deaea77622effc14b1ff92f6980cb3", "size": 4359, "ncols": 5, "nrows": 20}, "improvement": 6.477106483769603, "original_score": -1000002.3106252311, "new_score": -999995.8335187474, "improved": true}