{"fitness": 0.5187466401459847, "similarity": 0, "_step": 21, "_runtime": 915, "_timestamp": 1610885089, "Table of best SMILES": {"_type": "table-file", "path": "media/table/Table of best SMILES_20_32683a43.table.json", "sha256": "32683a43004eb834db23a73f44c86d59b2d7e4e4c7565063ad30fb4c0ddf0089", "size": 4263, "ncols": 5, "nrows": 20}, "improvement": 4.48174353194271, "original_score": -3.9629968917967253, "new_score": 0.5187466401459847, "improved": true}