{"fitness": 3.039616037664485, "similarity": 0, "_step": 21, "_runtime": 769, "_timestamp": 1610189386, "Table of best SMILES": {"_type": "table-file", "path": "media/table/Table of best SMILES_20_4316ef8e.table.json", "sha256": "4316ef8e55392b9fdc36dc37ef4883cd777e2b851fb63e6627a6456f26bbf426", "size": 5951, "ncols": 5, "nrows": 20}, "improvement": 4.5969284465018285, "original_score": -1.5573124088373438, "new_score": 3.039616037664485, "improved": true}