{"fitness": 2.2216370817644093, "similarity": 0, "_step": 21, "_runtime": 1311, "_timestamp": 1610163306, "Table of best SMILES": {"_type": "table-file", "path": "media/table/Table of best SMILES_20_0bfbe48e.table.json", "sha256": "0bfbe48ec5193882bfa441506175fb39d4270bfa5b83e003d0b2d6b8a12e8b62", "size": 4155, "ncols": 5, "nrows": 20}, "improvement": 5.191037397862276, "original_score": -2.969400316097867, "new_score": 2.2216370817644093, "improved": true}