{"fitness": 3.3333426578347827, "fitness_no_discr": 2.5101397641612166, "_step": 10, "_runtime": 468, "_timestamp": 1610032364, "graph_0": {"_type": "graph-file", "path": "media/graph/graph_0_summary_af9fd226.graph.json", "sha256": "af9fd22613d9e70e8e606841d64f34cf1843115613d308007c210b1c4a4448a7", "size": 723}}