{"fitness": -1.33705073261578, "similarity": 0, "_step": 21, "_runtime": 2480, "_timestamp": 1611060615, "Table of best SMILES": {"_type": "table-file", "path": "media/table/Table of best SMILES_20_fa049837.table.json", "sha256": "fa049837f570ea25d95526a8d793eb4bf96670fa7112a30946cfb6645a59fd3e", "size": 5117, "ncols": 5, "nrows": 20}, "improvement": 0.8377547096638558, "original_score": -2.1748054422796357, "new_score": -1.33705073261578, "improved": true}