{"fitness": -1.0077068000695155, "similarity": 0, "_step": 21, "_runtime": 3270, "_timestamp": 1610685604, "Table of best SMILES": {"_type": "table-file", "path": "media/table/Table of best SMILES_20_d5aa95a1.table.json", "sha256": "d5aa95a1811f76728f007f144d0903c391d5d91bd5c8c3b70dfb6ab344ae7ed3", "size": 7239, "ncols": 5, "nrows": 20}, "improvement": 1.29552230134964, "original_score": -1.9993843043297443, "new_score": -0.7038620029801043, "improved": true}