{"fitness": -1.003612598767859, "similarity": 0, "_step": 21, "_runtime": 830, "_timestamp": 1611077648, "Table of best SMILES": {"_type": "table-file", "path": "media/table/Table of best SMILES_20_6a29588f.table.json", "sha256": "6a29588f0651a0c5f83b17bb9ccda45c74295998a109e92246a4b78e3e41dd28", "size": 4485, "ncols": 5, "nrows": 20}, "improvement": 2.2204763680676862, "original_score": -3.224088966835545, "new_score": -1.003612598767859, "improved": true}