{"fitness": -1.649179767813578, "similarity": 0, "_step": 21, "_runtime": 757, "_timestamp": 1610288719, "Table of best SMILES": {"_type": "table-file", "path": "media/table/Table of best SMILES_20_87dcfd45.table.json", "sha256": "87dcfd45af511d868681441e979fe1617941a3f9ef49d4473f3913635ba7bee3", "size": 3697, "ncols": 5, "nrows": 20}, "improvement": 0.0, "original_score": -1.649179767813578, "new_score": -1.649179767813578, "improved": false}