{"fitness": -3.0317587028044497, "similarity": 0, "_step": 21, "_runtime": 1266, "_timestamp": 1610467556, "Table of best SMILES": {"_type": "table-file", "path": "media/table/Table of best SMILES_20_15e5f7ff.table.json", "sha256": "15e5f7ff3aec01316d331d5467d1ef2ef85a8e1e3ab037ca776a4f5bbc7e0dea", "size": 6328, "ncols": 5, "nrows": 20}, "improvement": 0.2052992419490387, "original_score": -3.2370579447534884, "new_score": -3.0317587028044497, "improved": true}