{"fitness": 3.4250877917683744, "similarity": 0, "_step": 21, "_runtime": 983, "_timestamp": 1610941464, "Table of best SMILES": {"_type": "table-file", "path": "media/table/Table of best SMILES_20_953b76f7.table.json", "sha256": "953b76f763dbd5da3539f525f414a47445ba6667e13030d1c616baff0f3daf43", "size": 4939, "ncols": 5, "nrows": 20}, "improvement": 5.364347663648354, "original_score": -1.939259871879979, "new_score": 3.4250877917683744, "improved": true}