{"fitness": 1.1671519768466445, "similarity": 0, "_step": 21, "_runtime": 787, "_timestamp": 1611070289, "Table of best SMILES": {"_type": "table-file", "path": "media/table/Table of best SMILES_20_527f8415.table.json", "sha256": "527f8415a7370ca7f8003d9615d919d2176ab3659fd0bccba2479c1b5ab7bb52", "size": 4575, "ncols": 5, "nrows": 20}, "improvement": 5.057425201203673, "original_score": -3.890273224357028, "new_score": 1.1671519768466445, "improved": true}