{"fitness": 0.27942872727942825, "similarity": 0, "_step": 21, "_runtime": 819, "_timestamp": 1610204124, "Table of best SMILES": {"_type": "table-file", "path": "media/table/Table of best SMILES_20_acda4583.table.json", "sha256": "acda45831609d6591edba57fb5d73d1ff8b2d06dd0d6a1c0da91f7c4a9a3d7e7", "size": 6096, "ncols": 5, "nrows": 20}, "improvement": 5.551823006310669, "original_score": -5.272394279031241, "new_score": 0.27942872727942825, "improved": true}