{"fitness": -1.425407159703917, "similarity": 0, "_step": 21, "_runtime": 767, "_timestamp": 1610287959, "Table of best SMILES": {"_type": "table-file", "path": "media/table/Table of best SMILES_20_318c0f0d.table.json", "sha256": "318c0f0d1cd0007f145aca62019bd67bec7f3ef474ee0d10215fb77e726a7768", "size": 3937, "ncols": 5, "nrows": 20}, "improvement": 0.855002283588334, "original_score": -2.280409443292251, "new_score": -1.425407159703917, "improved": true}