{"fitness": 0.5999182780759597, "similarity": 0, "_step": 21, "_runtime": 1155, "_timestamp": 1610448767, "Table of best SMILES": {"_type": "table-file", "path": "media/table/Table of best SMILES_20_d9fb161a.table.json", "sha256": "d9fb161aa5c6ff0e53c867419596be5bb56d18b28370f625e6c9e4717b4138cb", "size": 5515, "ncols": 5, "nrows": 20}, "improvement": 1.3546010240698714, "original_score": -0.7546827459939117, "new_score": 0.5999182780759597, "improved": true}