{"fitness": 0.8653140284683074, "similarity": 0, "_step": 21, "_runtime": 1001, "_timestamp": 1611115514, "Table of best SMILES": {"_type": "table-file", "path": "media/table/Table of best SMILES_20_b526ae73.table.json", "sha256": "b526ae73bc52cdca9c98eded1c2643204466596ec92999f3dc00bd2d68bfe64a", "size": 5200, "ncols": 5, "nrows": 20}, "improvement": 3.4037000544645837, "original_score": -2.5383860259962763, "new_score": 0.8653140284683074, "improved": true}