{"fitness": 2.236297594427263, "similarity": 0, "_step": 21, "_runtime": 1040, "_timestamp": 1611121674, "Table of best SMILES": {"_type": "table-file", "path": "media/table/Table of best SMILES_20_16d8cd01.table.json", "sha256": "16d8cd01aabdd92f08f56db0c2dbe6884cdb4b097f7498e59107fb78955fe304", "size": 7031, "ncols": 5, "nrows": 20}, "improvement": 3.5714672320840295, "original_score": -1.3351696376567668, "new_score": 2.236297594427263, "improved": true}