{"fitness": 1.319220527335737, "similarity": 0, "_step": 21, "_runtime": 826, "_timestamp": 1610359314, "Table of best SMILES": {"_type": "table-file", "path": "media/table/Table of best SMILES_20_ab33c964.table.json", "sha256": "ab33c964c217b9b4a54f8014a8686aee88a2d3f64dc930110190715597e50771", "size": 4624, "ncols": 5, "nrows": 20}, "improvement": 2.9326686000073448, "original_score": -1.6134480726716076, "new_score": 1.319220527335737, "improved": true}