{"fitness": 0.9247076002819108, "similarity": 0, "_step": 21, "_runtime": 2449, "_timestamp": 1611048271, "Table of best SMILES": {"_type": "table-file", "path": "media/table/Table of best SMILES_20_42c52ac0.table.json", "sha256": "42c52ac0bb5374adfcdc880774ec2061c15fb58a11ed25030adb318acd204809", "size": 7446, "ncols": 5, "nrows": 20}, "improvement": 1.8571389323150587, "original_score": -0.6608040900459913, "new_score": 1.1963348422690674, "improved": true}