{"fitness": -999995.3935435162, "similarity": -1000000, "_step": 21, "_runtime": 781, "_timestamp": 1610323485, "Table of best SMILES": {"_type": "table-file", "path": "media/table/Table of best SMILES_20_6bb6e994.table.json", "sha256": "6bb6e994e548bf8c493e9f905f12c53d9449227d539d6cb5fe964c236880dc00", "size": 7599, "ncols": 5, "nrows": 20}, "improvement": 6.56796179630328, "original_score": -1000001.9615053125, "new_score": -999995.3935435162, "improved": true}