{"fitness": -0.5383709404204094, "similarity": 0, "_step": 21, "_runtime": 1202, "_timestamp": 1610182388, "Table of best SMILES": {"_type": "table-file", "path": "media/table/Table of best SMILES_20_9a102574.table.json", "sha256": "9a1025747fdcce43e0de81c02628ee2eb9ed4ce1d8b1268586882271cab13a6d", "size": 4555, "ncols": 5, "nrows": 20}, "improvement": 4.55611315826303, "original_score": -4.472330060503955, "new_score": 0.0837830977590748, "improved": true}