{"fitness": 0.8558760703881502, "similarity": 0, "_step": 21, "_runtime": 816, "_timestamp": 1610204382, "Table of best SMILES": {"_type": "table-file", "path": "media/table/Table of best SMILES_20_899a5b7b.table.json", "sha256": "899a5b7b8af35066a04ceee13790c44c64334d1b6ff2d5b1d874a66ecf28fdbc", "size": 5790, "ncols": 5, "nrows": 20}, "improvement": 2.1243413150805845, "original_score": -1.2684652446924343, "new_score": 0.8558760703881502, "improved": true}