{"fitness": -1.7016109124081373, "similarity": 0, "_step": 21, "_runtime": 770, "_timestamp": 1610308036, "Table of best SMILES": {"_type": "table-file", "path": "media/table/Table of best SMILES_20_dc37f8bf.table.json", "sha256": "dc37f8bfe6a8f63b6850b6426ff0f1ae94d39737002045c04f2f7860603a33b7", "size": 5771, "ncols": 5, "nrows": 20}, "improvement": 0.0, "original_score": -1.7016109124081373, "new_score": -1.7016109124081373, "improved": false}