{"fitness": -999994.2045497021, "similarity": -1000000, "_step": 21, "_runtime": 1288, "_timestamp": 1610169867, "Table of best SMILES": {"_type": "table-file", "path": "media/table/Table of best SMILES_20_00ae0650.table.json", "sha256": "00ae0650c87ce211d22e4b371bbbc05d2905d09066ebc0c8d9710ff4512dadcf", "size": 7878, "ncols": 5, "nrows": 20}, "improvement": 8.606977264513262, "original_score": -1000002.8115269666, "new_score": -999994.2045497021, "improved": true}