{"fitness": -0.3895277923586724, "similarity": 0, "_step": 21, "_runtime": 3480, "_timestamp": 1610782329, "Table of best SMILES": {"_type": "table-file", "path": "media/table/Table of best SMILES_20_8e917565.table.json", "sha256": "8e91756500428169459a65420b0e10a90c65723d36eb5ff9c054a2eb1e888957", "size": 6197, "ncols": 5, "nrows": 20}, "improvement": 2.6363937607736982, "original_score": -3.025921553132371, "new_score": -0.3895277923586724, "improved": true}