{"fitness": -2.25687463941817, "similarity": 0, "_step": 21, "_runtime": 975, "_timestamp": 1610396433, "Table of best SMILES": {"_type": "table-file", "path": "media/table/Table of best SMILES_20_46ab8538.table.json", "sha256": "46ab85385dfbd1ca9d9c598ceb58cb0999a20b42ec2866d578cbbc0ccc1dd774", "size": 4583, "ncols": 5, "nrows": 20}, "improvement": 0.0, "original_score": -2.25687463941817, "new_score": -2.25687463941817, "improved": false}