{"fitness": 1.1778074774385379, "similarity": 0, "_step": 21, "_runtime": 768, "_timestamp": 1611067108, "Table of best SMILES": {"_type": "table-file", "path": "media/table/Table of best SMILES_20_45d7e956.table.json", "sha256": "45d7e956fe9cacc279357e224701fa6f40590fb5f2f23604c9ec97eb70ee7b3d", "size": 3648, "ncols": 5, "nrows": 20}, "improvement": 3.488432708619089, "original_score": -2.3106252311805515, "new_score": 1.1778074774385379, "improved": true}