{"fitness": 0.7406391890173443, "similarity": 0, "_step": 21, "_runtime": 769, "_timestamp": 1610320357, "Table of best SMILES": {"_type": "table-file", "path": "media/table/Table of best SMILES_20_06db976f.table.json", "sha256": "06db976f064c7c96f695b21bc14ca102e52d8e53f289826745e118d6cfd8d22d", "size": 5607, "ncols": 5, "nrows": 20}, "improvement": 2.6112218505157205, "original_score": -1.870582661498376, "new_score": 0.7406391890173443, "improved": true}