{"fitness": 2.0814654836742434, "similarity": 0, "_step": 21, "_runtime": 939, "_timestamp": 1610936596, "Table of best SMILES": {"_type": "table-file", "path": "media/table/Table of best SMILES_20_39664418.table.json", "sha256": "39664418fb3c15d449d59d187af9a96bebfce488b68f4b299e07f9b1cbbc7eb1", "size": 5835, "ncols": 5, "nrows": 20}, "improvement": 3.312185137317051, "original_score": -1.2307196536428076, "new_score": 2.0814654836742434, "improved": true}