{"fitness": 2.4703889703760327, "similarity": 0, "_step": 21, "_runtime": 1253, "_timestamp": 1610151775, "Table of best SMILES": {"_type": "table-file", "path": "media/table/Table of best SMILES_20_26d7ba36.table.json", "sha256": "26d7ba36d8a200e782f53eb1d2240f9eab08ead189c82fdd07af0afbbbb2898a", "size": 4350, "ncols": 5, "nrows": 20}, "improvement": 3.067110618512192, "original_score": -0.5967216481361597, "new_score": 2.4703889703760327, "improved": true}