{"fitness": -0.21122453219347168, "similarity": 0, "_step": 21, "_runtime": 790, "_timestamp": 1610237102, "Table of best SMILES": {"_type": "table-file", "path": "media/table/Table of best SMILES_20_05f9a85b.table.json", "sha256": "05f9a85bb742e8ee790e622173b842f31c47bd1857b0e84334b5a767fe457a10", "size": 4742, "ncols": 5, "nrows": 20}, "improvement": 0.6401693408894827, "original_score": -0.8513938730829544, "new_score": -0.21122453219347168, "improved": true}