{"fitness": 2.1638660777647187, "similarity": 0, "_step": 21, "_runtime": 3473, "_timestamp": 1610778845, "Table of best SMILES": {"_type": "table-file", "path": "media/table/Table of best SMILES_20_d912302b.table.json", "sha256": "d912302b35df7cac747c84a86be77459c63020346a49af4df048fbf9e0ec6f6b", "size": 7918, "ncols": 5, "nrows": 20}, "improvement": 3.555557633641953, "original_score": -1.3916915558772343, "new_score": 2.1638660777647187, "improved": true}