{"fitness": 0.19554632491366478, "similarity": 0, "_step": 21, "_runtime": 3390, "_timestamp": 1610699047, "Table of best SMILES": {"_type": "table-file", "path": "media/table/Table of best SMILES_20_f7a27f5c.table.json", "sha256": "f7a27f5c82889f26e700a0fb3eb20b6de6a948c77676c8fa0b6018ee7fb0881a", "size": 7710, "ncols": 5, "nrows": 20}, "improvement": 1.6429119502582374, "original_score": -1.4473656253445726, "new_score": 0.19554632491366478, "improved": true}