{"fitness": 37.832914766831, "fitness_no_discr": -2.6122875896284388, "discriminator": 0.8021165728569031, "_step": 500, "_runtime": 24983, "_timestamp": 1610061712, "graph_0": {"_type": "graph-file", "path": "media/graph/graph_0_summary_0f36d555.graph.json", "sha256": "0f36d5553b30c5ab1b89862eab28332162f455e757c8b60a59792d9eaaec96d6", "size": 723}, "gradients/predict.bias": {"_type": "histogram", "values": [0.0, 0.0, 0.0, 0.0, 0.0, 0.0, 0.0, 0.0, 0.0, 0.0, 0.0, 0.0, 0.0, 0.0, 0.0, 0.0, 0.0, 0.0, 0.0, 0.0, 0.0, 0.0, 0.0, 0.0, 0.0, 0.0, 0.0, 0.0, 0.0, 0.0, 0.0, 0.0, 1.0, 0.0, 0.0, 0.0, 0.0, 0.0, 0.0, 0.0, 0.0, 0.0, 0.0, 0.0, 0.0, 0.0, 0.0, 0.0, 0.0, 0.0, 0.0, 0.0, 0.0, 0.0, 0.0, 0.0, 0.0, 0.0, 0.0, 0.0, 0.0, 0.0, 0.0, 0.0], "bins": [-0.005163503345102072, -0.005163503345102072, -0.005163503345102072, -0.005163503345102072, -0.005163503345102072, -0.005163503345102072, -0.005163503345102072, -0.005163503345102072, -0.005163503345102072, -0.005163503345102072, -0.005163503345102072, -0.005163503345102072, -0.005163503345102072, -0.005163503345102072, -0.005163503345102072, -0.005163503345102072, -0.005163503345102072, -0.005163503345102072, -0.005163503345102072, -0.005163503345102072, -0.005163503345102072, -0.005163503345102072, -0.005163503345102072, -0.005163503345102072, -0.005163503345102072, -0.005163503345102072, -0.005163503345102072, -0.005163503345102072, -0.005163503345102072, -0.005163503345102072, -0.005163503345102072, -0.005163503345102072, -0.005163503345102072, -0.005163503345102072, -0.005163503345102072, -0.005163503345102072, -0.005163503345102072, -0.005163503345102072, -0.005163503345102072, -0.005163503345102072, -0.005163503345102072, -0.005163503345102072, -0.005163503345102072, -0.005163503345102072, -0.005163503345102072, -0.005163503345102072, -0.005163503345102072, -0.005163503345102072, -0.005163503345102072, -0.005163503345102072, -0.005163503345102072, -0.005163503345102072, -0.005163503345102072, -0.005163503345102072, -0.005163503345102072, -0.005163503345102072, -0.005163503345102072, -0.005163503345102072, -0.005163503345102072, -0.005163503345102072, -0.005163503345102072, -0.005163503345102072, -0.005163503345102072, -0.005163503345102072, -0.005163503345102072]}, "gradients/predict.weight": {"_type": "histogram", "values": [2.0, 1.0, 1.0, 1.0, 0.0, 0.0, 0.0, 0.0, 0.0, 0.0, 0.0, 1.0, 0.0, 0.0, 0.0, 0.0, 0.0, 0.0, 0.0, 0.0, 0.0, 0.0, 0.0, 0.0, 0.0, 0.0, 0.0, 0.0, 0.0, 0.0, 0.0, 0.0, 0.0, 0.0, 0.0, 0.0, 0.0, 0.0, 0.0, 0.0, 0.0, 0.0, 0.0, 0.0, 0.0, 0.0, 0.0, 0.0, 0.0, 0.0, 0.0, 0.0, 0.0, 0.0, 1.0, 0.0, 0.0, 0.0, 0.0, 1.0, 1.0, 0.0, 0.0, 1.0], "bins": [-0.005253127310425043, -0.005170918069779873, -0.005088708829134703, -0.00500650005415082, -0.00492429081350565, -0.004842081572860479, -0.004759872332215309, -0.004677663557231426, -0.004595454316586256, -0.004513245075941086, -0.004431035835295916, -0.004348826594650745, -0.0042666178196668625, -0.004184408579021692, -0.004102199338376522, -0.004019990097731352, -0.003937780857086182, -0.0038555720821022987, -0.0037733628414571285, -0.0036911536008119583, -0.0036089445929974318, -0.0035267353523522615, -0.003444526344537735, -0.0033623171038925648, -0.0032801078632473946, -0.003197898855432868, -0.003115689614787698, -0.0030334806069731712, -0.002951271366328001, -0.0028690623585134745, -0.0027868531178683043, -0.0027046441100537777, -0.0026224348694086075, -0.0025402256287634373, -0.0024580166209489107, -0.0023758073803037405, -0.002293598372489214, -0.0022113891318440437, -0.002129180124029517, -0.002046970883384347, -0.0019647618755698204, -0.0018825526349246502, -0.00180034339427948, -0.0017181343864649534, -0.0016359251458197832, -0.0015537161380052567, -0.0014715068973600864, -0.0013892978895455599, -0.001307088416069746, -0.0012248796410858631, -0.001142670400440693, -0.0010604611597955227, -0.0009782519191503525, -0.0008960431441664696, -0.0008138339035212994, -0.0007316246628761292, -0.0006494154222309589, -0.0005672061815857887, -0.0004849974066019058, -0.0004027881659567356, -0.0003205789253115654, -0.0002383696846663952, -0.00015616090968251228, -7.395166903734207e-05, 8.25757160782814e-06]}, "gradients/hidden.1.bias": {"_type": "histogram", "values": [1.0, 0.0, 0.0, 0.0, 0.0, 1.0, 0.0, 0.0, 0.0, 0.0, 1.0, 0.0, 1.0, 0.0, 1.0, 0.0, 1.0, 0.0, 0.0, 0.0, 0.0, 0.0, 1.0, 0.0, 0.0, 0.0, 0.0, 0.0, 0.0, 0.0, 0.0, 0.0, 0.0, 0.0, 0.0, 0.0, 0.0, 0.0, 0.0, 1.0, 0.0, 0.0, 0.0, 1.0, 0.0, 0.0, 0.0, 0.0, 0.0, 0.0, 0.0, 0.0, 0.0, 0.0, 0.0, 0.0, 0.0, 0.0, 0.0, 0.0, 0.0, 0.0, 0.0, 1.0], "bins": [-0.0005275171715766191, -0.0005066907615400851, -0.00048586438060738146, -0.0004650379705708474, -0.0004442115896381438, -0.0004233851796016097, -0.00040255876956507564, -0.00038173235952854156, -0.00036090597859583795, -0.00034007959766313434, -0.00031925318762660027, -0.0002984267775900662, -0.0002776003675535321, -0.0002567739866208285, -0.00023594757658429444, -0.00021512119565159082, -0.00019429478561505675, -0.00017346837557852268, -0.00015264199464581907, -0.000131815584609285, -0.00011098920367658138, -9.016279364004731e-05, -6.933638360351324e-05, -4.8510002670809627e-05, -2.76835635304451e-05, -6.857211701571941e-06, 1.396919833496213e-05, 3.47956083714962e-05, 5.562201840803027e-05, 7.644842844456434e-05, 9.72747802734375e-05, 0.00011810119030997157, 0.00013892760034650564, 0.0001597540103830397, 0.00018058042041957378, 0.00020140677224844694, 0.000222233182284981, 0.00024305959232151508, 0.00026388600235804915, 0.0002847124123945832, 0.0003055387642234564, 0.00032636517425999045, 0.0003471915842965245, 0.0003680179943330586, 0.00038884440436959267, 0.00040967081440612674, 0.0004304971662349999, 0.00045132357627153397, 0.00047215004451572895, 0.0004929763963446021, 0.0005138027481734753, 0.0005346292164176702, 0.0005554555682465434, 0.0005762820364907384, 0.0005971083883196115, 0.0006179347401484847, 0.0006387612083926797, 0.0006595875602215528, 0.0006804140284657478, 0.000701240380294621, 0.0007220667321234941, 0.0007428932003676891, 0.0007637195521965623, 0.0007845460204407573, 0.0008053723722696304]}, "gradients/hidden.1.weight": {"_type": "histogram", "values": [2.0, 0.0, 0.0, 1.0, 0.0, 0.0, 0.0, 1.0, 0.0, 0.0, 0.0, 2.0, 2.0, 1.0, 1.0, 5.0, 2.0, 3.0, 1.0, 1.0, 4.0, 0.0, 3.0, 2.0, 6.0, 1.0, 1.0, 2.0, 0.0, 40.0, 51.0, 95.0, 78.0, 57.0, 443.0, 20.0, 33.0, 24.0, 37.0, 3.0, 3.0, 31.0, 10.0, 3.0, 2.0, 6.0, 1.0, 2.0, 1.0, 2.0, 4.0, 0.0, 0.0, 1.0, 0.0, 2.0, 0.0, 3.0, 0.0, 2.0, 3.0, 0.0, 0.0, 2.0],