{"fitness": 0.1288314670016462, "similarity": 0, "_step": 21, "_runtime": 3700, "_timestamp": 1610858315, "Table of best SMILES": {"_type": "table-file", "path": "media/table/Table of best SMILES_20_69882ca8.table.json", "sha256": "69882ca846809f3b674a50e81013253e7259bd47719dcd32ffb7eaee5bd03074", "size": 5733, "ncols": 5, "nrows": 20}, "improvement": 5.764236844932758, "original_score": -5.635405377931112, "new_score": 0.1288314670016462, "improved": true}