{"fitness": 1.981664105817716, "similarity": 0, "_step": 21, "_runtime": 947, "_timestamp": 1611103615, "Table of best SMILES": {"_type": "table-file", "path": "media/table/Table of best SMILES_20_afd5138b.table.json", "sha256": "afd5138bdbe768f283aa27272196c31ab67fdb982c75dd9b1d8c84391f85e672", "size": 5527, "ncols": 5, "nrows": 20}, "improvement": 4.505797200387681, "original_score": -2.524133094569965, "new_score": 1.981664105817716, "improved": true}