{"fitness": 0.004223002598259168, "similarity": 0, "_step": 21, "_runtime": 769, "_timestamp": 1610325814, "Table of best SMILES": {"_type": "table-file", "path": "media/table/Table of best SMILES_20_fe6d915c.table.json", "sha256": "fe6d915c98b64581dc5d0eed59beaa14dac87b96d4a550af8f42df8f46acf8dd", "size": 4184, "ncols": 5, "nrows": 20}, "improvement": 2.8942823769631163, "original_score": -2.8900593743648573, "new_score": 0.004223002598259168, "improved": true}