{"fitness": 1.4656794743986892, "similarity": 0, "_step": 21, "_runtime": 1098, "_timestamp": 1610102581, "Table of best SMILES": {"_type": "table-file", "path": "media/table/Table of best SMILES_20_26d31fe6.table.json", "sha256": "26d31fe63860657e747dda7e98a9ad3b6170cdcc9e7c1941d4dd314643fd79e5", "size": 3874, "ncols": 5, "nrows": 20}, "improvement": 2.5950574898377425, "original_score": -1.1293780154390534, "new_score": 1.4656794743986892, "improved": true}