{"fitness": -999992.6615394384, "similarity": -1000000, "_step": 21, "_runtime": 805, "_timestamp": 1610277848, "Table of best SMILES": {"_type": "table-file", "path": "media/table/Table of best SMILES_20_c9d01062.table.json", "sha256": "c9d01062577eca9f3dabf66c34160a88d992c129ea1d6809eb71fef32fc6fa77", "size": 7826, "ncols": 5, "nrows": 20}, "improvement": 10.402901556808501, "original_score": -1000003.0644409952, "new_score": -999992.6615394384, "improved": true}