{"fitness": 1.1128561098298007, "similarity": 0, "_step": 21, "_runtime": 1096, "_timestamp": 1611004128, "Table of best SMILES": {"_type": "table-file", "path": "media/table/Table of best SMILES_20_6d423d9a.table.json", "sha256": "6d423d9a62535f42346750353ea792d2368417557b12a0e657bceff8f8dbf270", "size": 7438, "ncols": 5, "nrows": 20}, "improvement": 3.9731501873067607, "original_score": -2.86029407747696, "new_score": 1.1128561098298007, "improved": true}