{"fitness": -0.6150888732782908, "logP_norm": 2.122110011681116, "QED": 0.8021391768160352, "_step": 14, "_runtime": 509, "_timestamp": 1610213135}