{"fitness": -3.130623453039004, "similarity": 0, "_step": 21, "_runtime": 747, "_timestamp": 1610344384, "Table of best SMILES": {"_type": "table-file", "path": "media/table/Table of best SMILES_20_ead77878.table.json", "sha256": "ead7787836c279a45c19b530c299bfaac49d12be7b03b0bf013c3963a11e6a9e", "size": 4585, "ncols": 5, "nrows": 20}, "improvement": 0.0, "original_score": -3.130623453039004, "new_score": -3.130623453039004, "improved": false}