{"fitness": 3.2833861763566365, "similarity": 0, "_step": 21, "_runtime": 820, "_timestamp": 1610220554, "Table of best SMILES": {"_type": "table-file", "path": "media/table/Table of best SMILES_20_55aae044.table.json", "sha256": "55aae044b72ab50f218af87d980aae4545ee45de223fe390c7dddc052333b599", "size": 4275, "ncols": 5, "nrows": 20}, "improvement": 5.288899723625263, "original_score": -2.005513547268626, "new_score": 3.2833861763566365, "improved": true}