{"fitness": 1.5786026292417807, "similarity": 0, "_step": 21, "_runtime": 2888, "_timestamp": 1610591770, "Table of best SMILES": {"_type": "table-file", "path": "media/table/Table of best SMILES_20_645a5847.table.json", "sha256": "645a5847587c34989806e024748589218915c177b1f77e2a543cb69d21723c5d", "size": 6905, "ncols": 5, "nrows": 20}, "improvement": 2.7944709751840087, "original_score": -1.215868345942228, "new_score": 1.5786026292417807, "improved": true}