{"fitness": 0.7325299265269439, "similarity": 0, "_step": 21, "_runtime": 808, "_timestamp": 1610351419, "Table of best SMILES": {"_type": "table-file", "path": "media/table/Table of best SMILES_20_97908179.table.json", "sha256": "97908179621dd0d9231239c2e4dcde23234efae41620bd2cea03a40b4036cc73", "size": 5852, "ncols": 5, "nrows": 20}, "improvement": 2.8667585048600976, "original_score": -2.1342285783331536, "new_score": 0.7325299265269439, "improved": true}