{"fitness": 1.0768801446165635, "similarity": 0, "_step": 21, "_runtime": 1282, "_timestamp": 1610153392, "Table of best SMILES": {"_type": "table-file", "path": "media/table/Table of best SMILES_20_cc6d0e0c.table.json", "sha256": "cc6d0e0c1a04e3a0b7b9f594b5dbbd94d2aa0e8e879bb1ec1d2347f1678e76c7", "size": 6856, "ncols": 5, "nrows": 20}, "improvement": 2.7772395599201407, "original_score": -1.7003594153035773, "new_score": 1.0768801446165635, "improved": true}