{"fitness": 0.6439220393076411, "similarity": 0, "_step": 21, "_runtime": 2512, "_timestamp": 1611075659, "Table of best SMILES": {"_type": "table-file", "path": "media/table/Table of best SMILES_20_1085e31d.table.json", "sha256": "1085e31df793db12fbd396852acf28767e1f91baf4d15d81d7ab9ffc98a8ee83", "size": 5710, "ncols": 5, "nrows": 20}, "improvement": 3.396193520402018, "original_score": -2.752271481094377, "new_score": 0.6439220393076411, "improved": true}