{"fitness": -1.6647411646170933, "similarity": 0, "_step": 21, "_runtime": 783, "_timestamp": 1610209777, "Table of best SMILES": {"_type": "table-file", "path": "media/table/Table of best SMILES_20_bfb8b42e.table.json", "sha256": "bfb8b42e6d4a1bb91c2bf59636334f844788fa43f2767bc40dbdc4c5f34af13f", "size": 4656, "ncols": 5, "nrows": 20}, "improvement": 0.0, "original_score": -1.6647411646170933, "new_score": -1.6647411646170933, "improved": false}