{"fitness": 20.081225665289068, "fitness_no_discr": 28.86133235172217, "discriminator": 0.0006769403116777539, "_step": 500, "_runtime": 26201, "_timestamp": 1610058714, "graph_0": {"_type": "graph-file", "path": "media/graph/graph_0_summary_252787d2.graph.json", "sha256": "252787d22277e690e1b4f7f8a2b873ed9074a774537360ddea732a35cf06692d", "size": 723}, "gradients/predict.bias": {"_type": "histogram", "values": [0.0, 0.0, 0.0, 0.0, 0.0, 0.0, 0.0, 0.0, 0.0, 0.0, 0.0, 0.0, 0.0, 0.0, 0.0, 0.0, 0.0, 0.0, 0.0, 0.0, 0.0, 0.0, 0.0, 0.0, 0.0, 0.0, 0.0, 0.0, 0.0, 0.0, 0.0, 1.0, 0.0, 0.0, 0.0, 0.0, 0.0, 0.0, 0.0, 0.0, 0.0, 0.0, 0.0, 0.0, 0.0, 0.0, 0.0, 0.0, 0.0, 0.0, 0.0, 0.0, 0.0, 0.0, 0.0, 0.0, 0.0, 0.0, 0.0, 0.0, 0.0, 0.0, 0.0, 0.0], "bins": [-0.0005506650195457041, -0.0005506650195457041, -0.0005506650195457041, -0.0005506650195457041, -0.0005506650195457041, -0.0005506650195457041, -0.0005506650195457041, -0.0005506650195457041, -0.0005506650195457041, -0.0005506650195457041, -0.0005506650195457041, -0.0005506650195457041, -0.0005506650195457041, -0.0005506650195457041, -0.0005506650195457041, -0.0005506650195457041, -0.0005506650195457041, -0.0005506650195457041, -0.0005506650195457041, -0.0005506650195457041, -0.0005506650195457041, -0.0005506650195457041, -0.0005506650195457041, -0.0005506650195457041, -0.0005506650195457041, -0.0005506650195457041, -0.0005506650195457041, -0.0005506650195457041, -0.0005506650195457041, -0.0005506650195457041, -0.0005506650195457041, -0.0005506650195457041, -0.0005506650195457041, -0.0005506650195457041, -0.0005506650195457041, -0.0005506650195457041, -0.0005506650195457041, -0.0005506650195457041, -0.0005506650195457041, -0.0005506650195457041, -0.0005506650195457041, -0.0005506650195457041, -0.0005506650195457041, -0.0005506650195457041, -0.0005506650195457041, -0.0005506650195457041, -0.0005506650195457041, -0.0005506650195457041, -0.0005506650195457041, -0.0005506650195457041, -0.0005506650195457041, -0.0005506650195457041, -0.0005506650195457041, -0.0005506650195457041, -0.0005506650195457041, -0.0005506650195457041, -0.0005506650195457041, -0.0005506650195457041, -0.0005506650195457041, -0.0005506650195457041, -0.0005506650195457041, -0.0005506650195457041, -0.0005506650195457041, -0.0005506650195457041, -0.0005506650195457041]}, "gradients/predict.weight": {"_type": "histogram", "values": [4.0, 0.0, 0.0, 0.0, 0.0, 0.0, 0.0, 0.0, 0.0, 0.0, 0.0, 0.0, 0.0, 0.0, 0.0, 0.0, 0.0, 0.0, 0.0, 0.0, 0.0, 0.0, 0.0, 0.0, 0.0, 0.0, 0.0, 0.0, 0.0, 0.0, 0.0, 0.0, 0.0, 0.0, 0.0, 0.0, 0.0, 0.0, 0.0, 0.0, 0.0, 0.0, 0.0, 0.0, 0.0, 0.0, 0.0, 0.0, 0.0, 0.0, 0.0, 0.0, 0.0, 0.0, 0.0, 0.0, 0.0, 0.0, 0.0, 0.0, 0.0, 0.0, 0.0, 6.0], "bins": [-0.0011024778941646218, -0.0010767674539238214, -0.001051057013683021, -0.0010253465734422207, -0.0009996362496167421, -0.0009739257511682808, -0.0009482153691351414, -0.000922504928894341, -0.0008967944886535406, -0.0008710840484127402, -0.0008453736081719398, -0.0008196632261388004, -0.000793952785898, -0.0007682423456571996, -0.0007425319636240602, -0.0007168215233832598, -0.0006911110831424594, -0.000665400642901659, -0.0006396902026608586, -0.0006139798206277192, -0.0005882693803869188, -0.0005625589401461184, -0.0005368485581129789, -0.0005111381178721786, -0.0004854276776313782, -0.0004597172373905778, -0.0004340067971497774, -0.00040829641511663795, -0.00038258597487583756, -0.0003568755346350372, -0.0003311651526018977, -0.00030545471236109734, -0.00027974427212029696, -0.0002540338318794966, -0.0002283233916386962, -0.00020261300960555673, -0.00017690256936475635, -0.00015119212912395597, -0.0001254817470908165, -9.977130685001612e-05, -7.406086660921574e-05, -4.8350426368415356e-05, -2.2639986127614975e-05, 3.0704541131854057e-06, 2.878077793866396e-05, 5.449121817946434e-05, 8.020165842026472e-05, 0.0001059120986610651, 0.00013162253890186548, 0.00015733297914266586, 0.00018304341938346624, 0.00020875385962426662, 0.000234464299865067, 0.00026017462369054556, 0.00028588506393134594, 0.0003115955041721463, 0.0003373059444129467, 0.0003630163846537471, 0.00038872682489454746, 0.00041443726513534784, 0.0004401475889608264, 0.0004658580292016268, 0.0004915684694424272, 0.0005172789096832275, 0.0005429893499240279]}, "gradients/hidden.1.bias": {"_type": "histogram", "values": [2.0, 0.0, 1.0, 0.0, 1.0, 0.0, 0.0, 0.0, 0.0, 0.0, 0.0, 0.0, 0.0, 0.0, 0.0, 0.0, 0.0, 0.0, 0.0, 0.0, 0.0, 0.0, 0.0, 0.0, 0.0, 0.0, 0.0, 0.0, 0.0, 0.0, 0.0, 0.0, 0.0, 0.0, 0.0, 0.0, 0.0, 0.0, 0.0, 0.0, 0.0, 0.0, 0.0, 0.0, 0.0, 0.0, 0.0, 0.0, 0.0, 0.0, 0.0, 0.0, 0.0, 0.0, 0.0, 0.0, 0.0, 0.0, 0.0, 1.0, 2.0, 1.0, 1.0, 1.0], "bins": [-0.00010654254583641887, -0.00010331760859116912, -0.00010009267134591937, -9.686772682471201e-05, -9.364278957946226e-05, -9.041785233421251e-05, -8.719290781300515e-05, -8.39679705677554e-05, -8.074303332250565e-05, -7.75180960772559e-05, -7.429315883200616e-05, -7.10682143107988e-05, -6.784327706554905e-05, -6.46183398202993e-05, -6.139339529909194e-05, -5.816845805384219e-05, -5.494352080859244e-05, -5.171858356334269e-05, -4.8493642680114135e-05, -4.526870179688558e-05, -4.204376455163583e-05, -3.881882730638608e-05, -3.559388278517872e-05, -3.236894553992897e-05, -2.9144008294679224e-05, -2.5919071049429476e-05, -2.2694133804179728e-05, -1.9469189282972366e-05, -1.6244252037722617e-05, -1.301931479247287e-05, -9.794370271265507e-06, -6.5694330260157585e-06, -3.3444957807660103e-06, -1.1955853551626205e-07, 3.105378709733486e-06, 6.330323230940849e-06, 9.555260476190597e-06, 1.2780197721440345e-05, 1.6005142242647707e-05, 1.9230079487897456e-05, 2.2455016733147204e-05, 2.5679953978396952e-05, 2.89048912236467e-05, 3.212982846889645e-05, 3.5354780266061425e-05, 3.8579717511311173e-05, 4.180465475656092e-05, 4.502959200181067e-05, 4.825452924706042e-05, 5.1479466492310166e-05, 5.4704403737559915e-05, 5.792934098280966e-05, 6.115427822805941e-05, 6.437923002522439e-05, 6.760416727047414e-05, 7.082910451572388e-05, 7.405404176097363e-05, 7.727897900622338e-05, 8.050391625147313e-05, 8.372885349672288e-05, 8.695380529388785e-05, 9.01787425391376e-05, 9.340367978438735e-05, 9.66286170296371e-05, 9.985355427488685e-05]}, "gradients/hidden.1.weight": {"_type": "histogram", "values": [14.0, 2.0, 17.0, 12.0, 19.0, 1.0, 25.0, 22.0, 45.0, 29.0, 12.0, 18.0, 0.0, 0.0, 0.0, 0.0, 0.0, 0.0, 0.0, 0.0, 0.0, 0.0, 0.0, 0.0, 0.0, 0.0, 0.0, 0.0, 0.0, 71.0, 39.0, 58.0, 74.0, 81.0, 69.0, 28.0, 40.0, 0.0, 0.0, 0.0, 0.0, 0.0, 0.0, 0.0, 0.0, 0.0, 0.0, 0.0, 0.0, 0.0, 0.0, 0.0, 2.0, 46.0, 61.0, 51.0, 36.0, 33.0, 17.0, 26.0, 14.0, 21.0, 10.0, 7.0],