{"fitness": 1.7531551324072774, "similarity": 0, "_step": 21, "_runtime": 992, "_timestamp": 1610403349, "Table of best SMILES": {"_type": "table-file", "path": "media/table/Table of best SMILES_20_07f68342.table.json", "sha256": "07f683423f5c2340f6a2753403128f8521e9c9b72e1b8573b57a4a78fce354dd", "size": 6866, "ncols": 5, "nrows": 20}, "improvement": 4.384444920595258, "original_score": -2.631289788187981, "new_score": 1.7531551324072774, "improved": true}