{"fitness": -999995.3648523062, "similarity": -1000000, "_step": 21, "_runtime": 2315, "_timestamp": 1610517163, "Table of best SMILES": {"_type": "table-file", "path": "media/table/Table of best SMILES_20_e136241d.table.json", "sha256": "e136241dde2e621f8e02c010b0f5e91acb53c3aa0f28aefd9feb11aa48c326a0", "size": 6877, "ncols": 5, "nrows": 20}, "improvement": 7.401788678835146, "original_score": -1000002.766640985, "new_score": -999995.3648523062, "improved": true}