{"fitness": -6.750077647998193, "similarity": 0, "_step": 21, "_runtime": 748, "_timestamp": 1610330468, "Table of best SMILES": {"_type": "table-file", "path": "media/table/Table of best SMILES_20_b02ae2e4.table.json", "sha256": "b02ae2e4da9b696b998918fba00760ac0f69bba31a206b74da650ad61c7993d4", "size": 3662, "ncols": 5, "nrows": 20}, "improvement": 0.0, "original_score": -6.750077647998193, "new_score": -6.750077647998193, "improved": false}