{"fitness": 12.109221721987733, "fitness_no_discr": 17.32252375178725, "discriminator": 0.02161804400384426, "_step": 93, "_runtime": 4672, "_timestamp": 1611151352, "graph_0": {"_type": "graph-file", "path": "media/graph/graph_0_summary_40e596ed.graph.json", "sha256": "40e596ed3f98ee819bec601606210bb25ef1b3b8e9dff2be505183ae73859b78", "size": 723}}