{"fitness": 22.13112914016486, "fitness_no_discr": 31.922427185853312, "discriminator": 0.0001743799657560885, "_step": 1000, "_runtime": 51300, "_timestamp": 1611197980, "graph_0": {"_type": "graph-file", "path": "media/graph/graph_0_summary_40e596ed.graph.json", "sha256": "40e596ed3f98ee819bec601606210bb25ef1b3b8e9dff2be505183ae73859b78", "size": 723}, "gradients/predict.bias": {"_type": "histogram", "values": [0.0, 0.0, 0.0, 0.0, 0.0, 0.0, 0.0, 0.0, 0.0, 0.0, 0.0, 0.0, 0.0, 0.0, 0.0, 0.0, 0.0, 0.0, 0.0, 0.0, 0.0, 0.0, 0.0, 0.0, 0.0, 0.0, 0.0, 0.0, 0.0, 0.0, 0.0, 0.0, 1.0, 0.0, 0.0, 0.0, 0.0, 0.0, 0.0, 0.0, 0.0, 0.0, 0.0, 0.0, 0.0, 0.0, 0.0, 0.0, 0.0, 0.0, 0.0, 0.0, 0.0, 0.0, 0.0, 0.0, 0.0, 0.0, 0.0, 0.0, 0.0, 0.0, 0.0, 0.0], "bins": [0.001547736581414938, 0.001547736581414938, 0.001547736581414938, 0.001547736581414938, 0.001547736581414938, 0.001547736581414938, 0.001547736581414938, 0.001547736581414938, 0.001547736581414938, 0.001547736581414938, 0.001547736581414938, 0.001547736581414938, 0.001547736581414938, 0.001547736581414938, 0.001547736581414938, 0.001547736581414938, 0.001547736581414938, 0.001547736581414938, 0.001547736581414938, 0.001547736581414938, 0.001547736581414938, 0.001547736581414938, 0.001547736581414938, 0.001547736581414938, 0.001547736581414938, 0.001547736581414938, 0.001547736581414938, 0.001547736581414938, 0.001547736581414938, 0.001547736581414938, 0.001547736581414938, 0.001547736581414938, 0.001547736581414938, 0.001547736581414938, 0.001547736581414938, 0.001547736581414938, 0.001547736581414938, 0.001547736581414938, 0.001547736581414938, 0.001547736581414938, 0.001547736581414938, 0.001547736581414938, 0.001547736581414938, 0.001547736581414938, 0.001547736581414938, 0.001547736581414938, 0.001547736581414938, 0.001547736581414938, 0.001547736581414938, 0.001547736581414938, 0.001547736581414938, 0.001547736581414938, 0.001547736581414938, 0.001547736581414938, 0.001547736581414938, 0.001547736581414938, 0.001547736581414938, 0.001547736581414938, 0.001547736581414938, 0.001547736581414938, 0.001547736581414938, 0.001547736581414938, 0.001547736581414938, 0.001547736581414938, 0.001547736581414938]}, "gradients/predict.weight": {"_type": "histogram", "values": [4.0, 0.0, 1.0, 0.0, 0.0, 0.0, 0.0, 0.0, 0.0, 0.0, 0.0, 0.0, 0.0, 0.0, 0.0, 0.0, 0.0, 0.0, 0.0, 0.0, 0.0, 0.0, 0.0, 0.0, 0.0, 0.0, 0.0, 0.0, 0.0, 0.0, 0.0, 0.0, 0.0, 0.0, 0.0, 0.0, 0.0, 0.0, 0.0, 0.0, 0.0, 0.0, 0.0, 0.0, 0.0, 0.0, 0.0, 0.0, 0.0, 0.0, 0.0, 0.0, 0.0, 0.0, 0.0, 0.0, 0.0, 0.0, 0.0, 0.0, 0.0, 0.0, 1.0, 4.0], "bins": [0.0004912847653031349, 0.0005001090466976166, 0.0005089332698844373, 0.000517757551278919, 0.0005265817744657397, 0.0005354060558602214, 0.0005442302790470421, 0.0005530545604415238, 0.0005618787836283445, 0.0005707030650228262, 0.0005795273464173079, 0.0005883515696041286, 0.0005971758509986103, 0.000606000074185431, 0.0006148243555799127, 0.0006236486369743943, 0.0006324728601612151, 0.0006412970833480358, 0.0006501213647425175, 0.0006589456461369991, 0.0006677698693238199, 0.0006765941507183015, 0.0006854183739051223, 0.0006942426552996039, 0.0007030669366940856, 0.0007118911598809063, 0.0007207153830677271, 0.0007295396644622087, 0.0007383639458566904, 0.0007471882272511721, 0.0007560124504379928, 0.0007648366736248136, 0.0007736609550192952, 0.0007824852364137769, 0.0007913094596005976, 0.0008001336827874184, 0.0008089579641819, 0.0008177822455763817, 0.0008266065269708633, 0.0008354307501576841, 0.0008442549733445048, 0.0008530792547389865, 0.0008619035361334682, 0.0008707277593202889, 0.0008795520407147706, 0.0008883762639015913, 0.000897200545296073, 0.0009060248266905546, 0.0009148490498773754, 0.0009236732730641961, 0.0009324975544586778, 0.0009413218358531594, 0.0009501460590399802, 0.0009589703404344618, 0.0009677945636212826, 0.0009766188450157642, 0.000985443126410246, 0.0009942674078047276, 0.0010030916891992092, 0.001011915854178369, 0.0010207401355728507, 0.0010295643005520105, 0.0010383885819464922, 0.0010472128633409739, 0.0010560371447354555]}, "gradients/hidden.1.bias": {"_type": "histogram", "values": [2.0, 2.0, 1.0, 0.0, 0.0, 0.0, 0.0, 0.0, 0.0, 0.0, 0.0, 0.0, 0.0, 0.0, 0.0, 0.0, 0.0, 0.0, 0.0, 0.0, 0.0, 0.0, 0.0, 0.0, 0.0, 0.0, 0.0, 0.0, 0.0, 0.0, 0.0, 0.0, 0.0, 0.0, 0.0, 0.0, 0.0, 0.0, 0.0, 0.0, 0.0, 0.0, 0.0, 0.0, 0.0, 0.0, 0.0, 0.0, 0.0, 0.0, 0.0, 0.0, 0.0, 0.0, 0.0, 0.0, 0.0, 0.0, 0.0, 1.0, 0.0, 0.0, 1.0, 3.0], "bins": [-0.0006816102541051805, -0.000660466670524329, -0.0006393231451511383, -0.0006181795615702868, -0.0005970359779894352, -0.0005758924526162446, -0.000554748869035393, -0.0005336053436622024, -0.0005124617600813508, -0.0004913181765004992, -0.0004701746511273086, -0.00044903106754645705, -0.00042788751306943595, -0.00040674395859241486, -0.0003856003750115633, -0.0003644568205345422, -0.0003433132660575211, -0.0003221697115805, -0.0003010261571034789, -0.00027988257352262735, -0.00025873901904560626, -0.00023759546456858516, -0.0002164518809877336, -0.0001953083265107125, -0.0001741647720336914, -0.00015302118845283985, -0.0001318776630796492, -0.00011073407949879766, -8.95904959179461e-05, -6.844697054475546e-05, -4.7303386963903904e-05, -2.6159861590713263e-05, -5.016278009861708e-06, 1.6127305570989847e-05, 3.727083094418049e-05, 5.8414414525032043e-05, 7.955793989822268e-05, 0.00010070152347907424, 0.0001218451070599258, 0.00014298863243311644, 0.000164132216013968, 0.00018527579959481955, 0.0002064193249680102, 0.00022756290854886174, 0.0002487064921297133, 0.00026985001750290394, 0.0002909936010837555, 0.00031213712645694613, 0.0003332807100377977, 0.00035442429361864924, 0.0003755678771995008, 0.00039671134436503053, 0.0004178549279458821, 0.00043899851152673364, 0.0004601420951075852, 0.00048128567868843675, 0.0005024292622692883, 0.000523572729434818, 0.0005447163130156696, 0.0005658598965965211, 0.0005870034801773727, 0.0006081470637582242, 0.000629290530923754, 0.0006504341145046055, 0.0006715776980854571]}, "gradients/hidden.1.weight": {"_type": "histogram", "values": [10.0, 23.0, 12.0, 3.0, 3.0, 3.0, 1.0, 2.0, 4.0, 6.0, 3.0, 0.0, 0.0, 42.0, 139.0, 49.0, 0.0, 81.0, 29.0, 0.0, 0.0, 0.0, 0.0, 0.0, 0.0, 0.0, 0.0, 0.0, 0.0, 18.0, 72.0, 0.0, 0.0, 0.0, 90.0, 0.0, 0.0, 0.0, 0.0, 0.0, 0.0, 0.0, 0.0, 0.0, 0.0, 22.0, 22.0, 77.0, 35.0, 46.0, 138.0, 0.0, 2.0, 1.0, 2.0, 7.0, 3.0, 2.0, 1.0, 12.0, 1.0, 3.0, 9.0, 27.0], "bins": [-0.0006387079483829439, -0.0006188954575918615, -0.0005990829668007791, -0.0005792704760096967, -0.0005594579852186143, -0.000539645494427532, -0.0005198330036364496, -0.0005000205128453672, -0.0004802080220542848, -0.00046039553126320243, -0.00044058304047212005, -0.00042077054968103766, -0.0004009580588899553, -0.0003811455680988729, -0.0003613330773077905, -0.00034152058651670814, -0.00032170809572562575, -0.00030189560493454337, -0.000282083114143461, -0.0002622706233523786, -0.00024245813256129622, -0.00022264564177021384, -0.00020283315097913146, -0.00018302066018804908, -0.0001632081693969667, -0.00014339567860588431, -0.00012358318781480193, -0.00010377069702371955, -8.395820623263717e-05, -6.414571544155478e-05, -4.43332246504724e-05, -2.452073385939002e-05, -4.708243068307638e-06, 1.5104247722774744e-05, 3.4916738513857126e-05, 5.472922930493951e-05, 7.454172009602189e-05, 9.435421088710427e-05, 0.00011416670167818666, 0.00013397919246926904, 0.00015379168326035142, 0.0001736041740514338, 0.00019341666484251618, 0.00021322915563359857, 0.00023304164642468095, 0.00025285413721576333, 0.0002726666280068457, 0.0002924791187979281, 0.0003122916095890105, 0.00033210410038009286, 0.00035191659117117524, 0.0003717290819622576, 0.00039154157275334, 0.0004113540635444224, 0.00043116655433550477, 0.00045097904512658715, 0.00047079153591766953, 0.0004906040267087519, 0.0005104165174998343, 0.0005302290082909167, 0.0005500414990819991, 0.0005698539898730814, 0.0005896664806641638, 0.0006094789714552462, 0.0006292914622463286]},