{"fitness": 15.2889631274279, "fitness_no_discr": 22.02665724827179, "discriminator": 0.009838598780333996, "_step": 150, "_runtime": 7600, "_timestamp": 1611154280, "graph_0": {"_type": "graph-file", "path": "media/graph/graph_0_summary_40e596ed.graph.json", "sha256": "40e596ed3f98ee819bec601606210bb25ef1b3b8e9dff2be505183ae73859b78", "size": 723}, "gradients/predict.bias": {"_type": "histogram", "values": [0.0, 0.0, 0.0, 0.0, 0.0, 0.0, 0.0, 0.0, 0.0, 0.0, 0.0, 0.0, 0.0, 0.0, 0.0, 0.0, 0.0, 0.0, 0.0, 0.0, 0.0, 0.0, 0.0, 0.0, 0.0, 0.0, 0.0, 0.0, 0.0, 0.0, 0.0, 0.0, 1.0, 0.0, 0.0, 0.0, 0.0, 0.0, 0.0, 0.0, 0.0, 0.0, 0.0, 0.0, 0.0, 0.0, 0.0, 0.0, 0.0, 0.0, 0.0, 0.0, 0.0, 0.0, 0.0, 0.0, 0.0, 0.0, 0.0, 0.0, 0.0, 0.0, 0.0, 0.0], "bins": [-0.001222314196638763, -0.001222314196638763, -0.001222314196638763, -0.001222314196638763, -0.001222314196638763, -0.001222314196638763, -0.001222314196638763, -0.001222314196638763, -0.001222314196638763, -0.001222314196638763, -0.001222314196638763, -0.001222314196638763, -0.001222314196638763, -0.001222314196638763, -0.001222314196638763, -0.001222314196638763, -0.001222314196638763, -0.001222314196638763, -0.001222314196638763, -0.001222314196638763, -0.001222314196638763, -0.001222314196638763, -0.001222314196638763, -0.001222314196638763, -0.001222314196638763, -0.001222314196638763, -0.001222314196638763, -0.001222314196638763, -0.001222314196638763, -0.001222314196638763, -0.001222314196638763, -0.001222314196638763, -0.001222314196638763, -0.001222314196638763, -0.001222314196638763, -0.001222314196638763, -0.001222314196638763, -0.001222314196638763, -0.001222314196638763, -0.001222314196638763, -0.001222314196638763, -0.001222314196638763, -0.001222314196638763, -0.001222314196638763, -0.001222314196638763, -0.001222314196638763, -0.001222314196638763, -0.001222314196638763, -0.001222314196638763, -0.001222314196638763, -0.001222314196638763, -0.001222314196638763, -0.001222314196638763, -0.001222314196638763, -0.001222314196638763, -0.001222314196638763, -0.001222314196638763, -0.001222314196638763, -0.001222314196638763, -0.001222314196638763, -0.001222314196638763, -0.001222314196638763, -0.001222314196638763, -0.001222314196638763, -0.001222314196638763]}, "gradients/predict.weight": {"_type": "histogram", "values": [5.0, 0.0, 0.0, 0.0, 0.0, 0.0, 0.0, 0.0, 0.0, 0.0, 0.0, 0.0, 0.0, 0.0, 0.0, 0.0, 0.0, 0.0, 0.0, 0.0, 0.0, 0.0, 0.0, 0.0, 0.0, 0.0, 0.0, 0.0, 0.0, 0.0, 0.0, 0.0, 0.0, 0.0, 0.0, 0.0, 0.0, 0.0, 0.0, 0.0, 0.0, 0.0, 0.0, 0.0, 0.0, 0.0, 0.0, 0.0, 0.0, 0.0, 0.0, 0.0, 0.0, 0.0, 0.0, 0.0, 0.0, 0.0, 0.0, 0.0, 0.0, 0.0, 0.0, 5.0], "bins": [-0.01018543541431427, -0.009887550957500935, -0.0095896665006876, -0.009291782043874264, -0.008993897587060928, -0.008696012198925018, -0.008398127742111683, -0.008100243285298347, -0.007802358828485012, -0.007504474371671677, -0.007206589914858341, -0.0069087049923837185, -0.006610820535570383, -0.006312936078757048, -0.006015051156282425, -0.0057171666994690895, -0.005419282242655754, -0.005121397785842419, -0.004823513329029083, -0.0045256284065544605, -0.004227743949741125, -0.00392985949292779, -0.003631974570453167, -0.0033340901136398315, -0.003036205656826496, -0.0027383212000131607, -0.0024404367431998253, -0.00214255228638649, -0.0018446668982505798, -0.0015467824414372444, -0.001248897984623909, -0.0009510135278105736, -0.0006531290709972382, -0.00035524461418390274, -5.736015737056732e-05, 0.0002405242994427681, 0.0005384087562561035, 0.0008362941443920135, 0.001134178601205349, 0.0014320630580186844, 0.0017299475148320198, 0.0020278319716453552, 0.0023257164284586906, 0.002623600885272026, 0.002921486273407936, 0.0032193707302212715, 0.003517255187034607, 0.0038151396438479424, 0.004113024100661278, 0.004410908557474613, 0.004708793014287949, 0.005006677471101284, 0.0053045619279146194, 0.0056024473160505295, 0.00590033084154129, 0.0061982162296772, 0.00649610161781311, 0.006793985143303871, 0.007091870531439781, 0.007389754056930542, 0.007687639445066452, 0.007985522970557213, 0.008283408358693123, 0.008581291884183884, 0.008879177272319794]}, "gradients/hidden.1.bias": {"_type": "histogram", "values": [2.0, 1.0, 0.0, 0.0, 0.0, 1.0, 0.0, 0.0, 0.0, 0.0, 0.0, 0.0, 0.0, 0.0, 1.0, 0.0, 0.0, 0.0, 0.0, 0.0, 0.0, 0.0, 0.0, 0.0, 0.0, 0.0, 0.0, 0.0, 0.0, 0.0, 0.0, 0.0, 0.0, 0.0, 0.0, 0.0, 0.0, 0.0, 0.0, 0.0, 0.0, 0.0, 0.0, 0.0, 0.0, 0.0, 0.0, 0.0, 0.0, 0.0, 0.0, 0.0, 0.0, 0.0, 1.0, 0.0, 0.0, 1.0, 1.0, 0.0, 0.0, 1.0, 0.0, 1.0], "bins": [-0.0002682907215785235, -0.00025967168039642274, -0.00025105266831815243, -0.00024243362713605165, -0.00023381458595395088, -0.00022519555932376534, -0.0002165765326935798, -0.00020795749151147902, -0.00019933846488129348, -0.00019071943825110793, -0.00018210039706900716, -0.00017348137043882161, -0.00016486234380863607, -0.0001562433026265353, -0.00014762427599634975, -0.00013900523481424898, -0.00013038620818406343, -0.00012176718155387789, -0.00011314814037177712, -0.00010452911374159157, -9.59100725594908e-05, -8.729104592930526e-05, -7.867201929911971e-05, -7.005297811701894e-05, -6.14339514868334e-05, -5.281492485664785e-05, -4.4195883674547076e-05, -3.557685704436153e-05, -2.6957830414175987e-05, -1.8338789232075214e-05, -9.719748049974442e-06, -1.1007359717041254e-06, 7.5183052103966475e-06, 1.613734639249742e-05, 2.4756358470767736e-05, 3.337539965286851e-05, 4.199444083496928e-05, 5.06134529132396e-05, 5.923249409534037e-05, 6.785153527744114e-05, 7.647057645954192e-05, 8.508958853781223e-05, 9.3708629719913e-05, 0.00010232767090201378, 0.0001109466829802841, 0.00011956572416238487, 0.00012818476534448564, 0.00013680377742275596, 0.00014542281860485673, 0.0001540418597869575, 0.00016266087186522782, 0.0001712799130473286, 0.00017989895422942936, 0.00018851796630769968, 0.00019713700748980045, 0.00020575604867190123, 0.00021437506075017154, 0.00022299410193227232, 0.0002316131431143731, 0.00024023218429647386, 0.00024885122547857463, 0.0002574702084530145, 0.00026608924963511527, 0.00027470829081721604, 0.0002833273319993168]}, "gradients/hidden.1.weight": {"_type": "histogram", "values": [28.0, 12.0, 2.0, 0.0, 0.0, 8.0, 6.0, 4.0, 11.0, 9.0, 16.0, 13.0, 12.0, 8.0, 27.0, 11.0, 14.0, 20.0, 33.0, 37.0, 39.0, 31.0, 21.0, 25.0, 12.0, 8.0, 3.0, 0.0, 0.0, 0.0, 78.0, 102.0, 0.0, 0.0, 0.0, 0.0, 0.0, 3.0, 13.0, 20.0, 32.0, 41.0, 40.0, 34.0, 21.0, 19.0, 20.0, 12.0, 19.0, 13.0, 10.0, 14.0, 7.0, 10.0, 20.0, 6.0, 7.0, 7.0, 14.0, 0.0, 0.0, 14.0, 0.0, 14.0],