{"fitness": 1.7257393427574341, "similarity": 0, "_step": 21, "_runtime": 906, "_timestamp": 1610844691, "Table of best SMILES": {"_type": "table-file", "path": "media/table/Table of best SMILES_20_f83f34c7.table.json", "sha256": "f83f34c77ace86a2d387bd92035070f5a5a6297d05344f2b9602a0855274bf6a", "size": 5321, "ncols": 5, "nrows": 20}, "improvement": 3.814394701256388, "original_score": -2.0886553584989542, "new_score": 1.7257393427574341, "improved": true}