{"fitness": -0.820483871693158, "similarity": 0, "_step": 21, "_runtime": 901, "_timestamp": 1610841154, "Table of best SMILES": {"_type": "table-file", "path": "media/table/Table of best SMILES_20_2a0593e0.table.json", "sha256": "2a0593e05c295167fca11d5a54a1c33419862095c9dff3a156ab07606f51f826", "size": 5534, "ncols": 5, "nrows": 20}, "improvement": 9.01109441163362, "original_score": -9.831578283326778, "new_score": -0.820483871693158, "improved": true}