{"fitness": 1.8975981654729372, "similarity": 0, "_step": 21, "_runtime": 1089, "_timestamp": 1610100157, "Table of best SMILES": {"_type": "table-file", "path": "media/table/Table of best SMILES_20_bc5c1ad1.table.json", "sha256": "bc5c1ad1a7e61d0474dc3c5eca169e00c0fa8742678d0212d7cc316fd269cfda", "size": 3839, "ncols": 5, "nrows": 20}, "improvement": 3.0269761809119906, "original_score": -1.1293780154390534, "new_score": 1.8975981654729372, "improved": true}