{"fitness": -0.5789255423298412, "similarity": 0, "_step": 21, "_runtime": 768, "_timestamp": 1610340519, "Table of best SMILES": {"_type": "table-file", "path": "media/table/Table of best SMILES_20_a3bd3be1.table.json", "sha256": "a3bd3be1c152fd972f35930615b95b9c7d78c7bb1416d2a41047c05afc3a0c0e", "size": 5487, "ncols": 5, "nrows": 20}, "improvement": 0.8220617644617572, "original_score": -1.4009873067915983, "new_score": -0.5789255423298412, "improved": true}