{"fitness": 1.3291661605240894, "similarity": 0, "_step": 21, "_runtime": 769, "_timestamp": 1610321129, "Table of best SMILES": {"_type": "table-file", "path": "media/table/Table of best SMILES_20_0d7f749c.table.json", "sha256": "0d7f749c417fdd81e9d12b2da30d8bb8058974dc520231797e1a6645742552f0", "size": 6714, "ncols": 5, "nrows": 20}, "improvement": 2.349877397766268, "original_score": -1.020711237242179, "new_score": 1.3291661605240894, "improved": true}