{"fitness": 2.816762979476175, "similarity": 0, "_step": 21, "_runtime": 757, "_timestamp": 1611026491, "Table of best SMILES": {"_type": "table-file", "path": "media/table/Table of best SMILES_20_c02b89d2.table.json", "sha256": "c02b89d20a16a42807a8e8553eeb774c9ba2c360ced14ca498572d77a55ff55f", "size": 6686, "ncols": 5, "nrows": 20}, "improvement": 9.017400234540327, "original_score": -6.2006372550641515, "new_score": 2.816762979476175, "improved": true}