{"fitness": 0.6483131354516943, "similarity": 0, "_step": 21, "_runtime": 1244, "_timestamp": 1610144944, "Table of best SMILES": {"_type": "table-file", "path": "media/table/Table of best SMILES_20_a7a63085.table.json", "sha256": "a7a630857cf6ad6795616cb7f78826ed842c4d929acc79e04ea3d54fa0246e13", "size": 3519, "ncols": 5, "nrows": 20}, "improvement": 4.362966157460669, "original_score": -3.714653022008974, "new_score": 0.6483131354516943, "improved": true}