{"fitness": -0.8878336445441435, "similarity": 0, "_step": 21, "_runtime": 3737, "_timestamp": 1610873198, "Table of best SMILES": {"_type": "table-file", "path": "media/table/Table of best SMILES_20_db89ffa2.table.json", "sha256": "db89ffa29b621048465068cb88bfdf5ba989e40445b17ca0b9cd9250f3a4933e", "size": 6680, "ncols": 5, "nrows": 20}, "improvement": 0.6649668275653791, "original_score": -1.5528004721095225, "new_score": -0.8878336445441435, "improved": true}