{"fitness": 0.6816280161543906, "similarity": 0, "_step": 21, "_runtime": 861, "_timestamp": 1611087066, "Table of best SMILES": {"_type": "table-file", "path": "media/table/Table of best SMILES_20_acea2b20.table.json", "sha256": "acea2b20674628b112e8fb1be6a55b66920da86ff06ad649c1c02ec05089fcfc", "size": 3734, "ncols": 5, "nrows": 20}, "improvement": 2.914967694764074, "original_score": -2.2333396786096835, "new_score": 0.6816280161543906, "improved": true}