{"fitness": 1.8930088740477793, "similarity": 0, "_step": 21, "_runtime": 895, "_timestamp": 1610905582, "Table of best SMILES": {"_type": "table-file", "path": "media/table/Table of best SMILES_20_2a6ec5fd.table.json", "sha256": "2a6ec5fdb8b2ab0254ce4096e3958a13d48c567dbf7726b3e72e1a717d37c1c2", "size": 4529, "ncols": 5, "nrows": 20}, "improvement": 6.160896776877146, "original_score": -4.267887902829367, "new_score": 1.8930088740477793, "improved": true}