{"fitness": 0.8166438762053643, "similarity": 0, "_step": 21, "_runtime": 3024, "_timestamp": 1610618384, "Table of best SMILES": {"_type": "table-file", "path": "media/table/Table of best SMILES_20_33a71bb5.table.json", "sha256": "33a71bb517da4f35a6df48eb28539d63c54071982b6fcb3bd9d7982ed1862828", "size": 5056, "ncols": 5, "nrows": 20}, "improvement": 2.0692256536084797, "original_score": -1.2525817774031152, "new_score": 0.8166438762053643, "improved": true}