{"fitness": -999995.6121752152, "similarity": -1000000, "_step": 21, "_runtime": 3259, "_timestamp": 1610672414, "Table of best SMILES": {"_type": "table-file", "path": "media/table/Table of best SMILES_20_ac796972.table.json", "sha256": "ac796972e9610432e9956b428085e9759862a9481fa43322e1b8580a76c5d8fa", "size": 4909, "ncols": 5, "nrows": 20}, "improvement": 8.15426363889128, "original_score": -1000003.766438854, "new_score": -999995.6121752152, "improved": true}