{"fitness": 2.7268458393587136, "similarity": 0, "_step": 21, "_runtime": 765, "_timestamp": 1611015092, "Table of best SMILES": {"_type": "table-file", "path": "media/table/Table of best SMILES_20_970fb88d.table.json", "sha256": "970fb88dea9b19dbbe890bd56c1c4e4d78cc39b7fa3b19551e4a333980383f49", "size": 7241, "ncols": 5, "nrows": 20}, "improvement": 4.861074417691867, "original_score": -2.1342285783331536, "new_score": 2.7268458393587136, "improved": true}