{"fitness": 2.8783271136965767, "similarity": 0, "_step": 21, "_runtime": 715, "_timestamp": 1611049733, "Table of best SMILES": {"_type": "table-file", "path": "media/table/Table of best SMILES_20_afd02fc2.table.json", "sha256": "afd02fc2bbf8c3f48b1a691f4fd9df92ddeda92bfc5ed9f7b0fa17ae3a968c1d", "size": 5401, "ncols": 5, "nrows": 20}, "improvement": 4.104309548382039, "original_score": -1.2259824346854622, "new_score": 2.8783271136965767, "improved": true}