{"fitness": 0.2290668841986742, "similarity": 0, "_step": 21, "_runtime": 1100, "_timestamp": 1611141633, "Table of best SMILES": {"_type": "table-file", "path": "media/table/Table of best SMILES_20_2c4d0946.table.json", "sha256": "2c4d094624b10e5bb508b86873cff6c446f694f105aec3a48301ef29faef71d1", "size": 3603, "ncols": 5, "nrows": 20}, "improvement": 3.429292818442719, "original_score": -3.200225934244045, "new_score": 0.2290668841986742, "improved": true}