{"fitness": -1.6647411646170933, "similarity": 0, "_step": 21, "_runtime": 884, "_timestamp": 1610907376, "Table of best SMILES": {"_type": "table-file", "path": "media/table/Table of best SMILES_20_1926c2a6.table.json", "sha256": "1926c2a62fbe63132c66e2b65fe0dab7dd153d1ea61a87a21277f48595686759", "size": 4751, "ncols": 5, "nrows": 20}, "improvement": 0.0, "original_score": -1.6647411646170933, "new_score": -1.6647411646170933, "improved": false}