{"fitness": 1.6354372791731364, "similarity": 0, "_step": 21, "_runtime": 904, "_timestamp": 1610861019, "Table of best SMILES": {"_type": "table-file", "path": "media/table/Table of best SMILES_20_cf873c84.table.json", "sha256": "cf873c8480f4b3e79f982c4f245cf1fb8fa7a70b99c28963a881af871a10ac22", "size": 4291, "ncols": 5, "nrows": 20}, "improvement": 4.606612249466817, "original_score": -2.969400316097867, "new_score": 1.6372119333689499, "improved": true}