{"fitness": 1.1936184448633362, "similarity": 0, "_step": 21, "_runtime": 870, "_timestamp": 1611086202, "Table of best SMILES": {"_type": "table-file", "path": "media/table/Table of best SMILES_20_9e397930.table.json", "sha256": "9e397930512e170d858f859ceedcab3abdab5ce8eece6175eb3bd8238dda03fd", "size": 5601, "ncols": 5, "nrows": 20}, "improvement": 3.6673162295659356, "original_score": -2.4209149224130506, "new_score": 1.2464013071528852, "improved": true}