{"fitness": -999996.4551296879, "similarity": -1000000, "_step": 21, "_runtime": 2949, "_timestamp": 1610761717, "Table of best SMILES": {"_type": "table-file", "path": "media/table/Table of best SMILES_20_d2432c41.table.json", "sha256": "d2432c41ac39af083d3bafc125b3894bcbffb117bdd17c4506269b85e44cff32", "size": 5531, "ncols": 5, "nrows": 20}, "improvement": 6.734781678649597, "original_score": -1000003.1899113666, "new_score": -999996.4551296879, "improved": true}