{"fitness": 0.9280336556202586, "similarity": 0, "_step": 21, "_runtime": 941, "_timestamp": 1610912036, "Table of best SMILES": {"_type": "table-file", "path": "media/table/Table of best SMILES_20_aa4400bd.table.json", "sha256": "aa4400bd3b1fe7bd645d3e997c0490821c80fd6ff6ce794cadceb36934cb572b", "size": 6504, "ncols": 5, "nrows": 20}, "improvement": 5.424200508177549, "original_score": -4.49616685255729, "new_score": 0.9280336556202586, "improved": true}