{"fitness": 0.34322957823179234, "similarity": 0, "_step": 21, "_runtime": 2911, "_timestamp": 1610603391, "Table of best SMILES": {"_type": "table-file", "path": "media/table/Table of best SMILES_20_bd8a380b.table.json", "sha256": "bd8a380b9c3995b47200d5946e7ee76afcf4a3258901385d214c794f128dfd6b", "size": 3195, "ncols": 5, "nrows": 20}, "improvement": 3.112195806815576, "original_score": -2.1245667825780195, "new_score": 0.9876290242375563, "improved": true}