{"fitness": 2.1320719457667208, "similarity": 0, "_step": 21, "_runtime": 752, "_timestamp": 1611047556, "Table of best SMILES": {"_type": "table-file", "path": "media/table/Table of best SMILES_20_994bc25a.table.json", "sha256": "994bc25adf2d6a893da022cc738391843b30cdd0c20e363891630b5ac4389226", "size": 4299, "ncols": 5, "nrows": 20}, "improvement": 3.7789970561845028, "original_score": -1.4702802438650966, "new_score": 2.3087168123194064, "improved": true}