{"fitness": 1.63584147409344, "similarity": 0, "_step": 21, "_runtime": 806, "_timestamp": 1610361114, "Table of best SMILES": {"_type": "table-file", "path": "media/table/Table of best SMILES_20_f6500e51.table.json", "sha256": "f6500e51463759d1a97e516d196b6bc7f9273fe45da827b5d0cf33fa0b1e2865", "size": 4029, "ncols": 5, "nrows": 20}, "improvement": 3.295566211230278, "original_score": -1.6597247371368382, "new_score": 1.63584147409344, "improved": true}