{"fitness": -999993.7518246927, "similarity": -1000000, "_step": 21, "_runtime": 983, "_timestamp": 1610398409, "Table of best SMILES": {"_type": "table-file", "path": "media/table/Table of best SMILES_20_ce6bb43a.table.json", "sha256": "ce6bb43af1b05acfff7c2dc3c11662e25d860f37e65b1f0bb409b58eb94d609c", "size": 6976, "ncols": 5, "nrows": 20}, "improvement": 8.713724222034216, "original_score": -1000002.4655489147, "new_score": -999993.7518246927, "improved": true}