{"fitness": 2.2596211238688206, "similarity": 0, "_step": 21, "_runtime": 762, "_timestamp": 1610200871, "Table of best SMILES": {"_type": "table-file", "path": "media/table/Table of best SMILES_20_9b3b513e.table.json", "sha256": "9b3b513e3d38819a2569ae84423fc7795815d60b9f495fe9cc56ad56980b4d17", "size": 5797, "ncols": 5, "nrows": 20}, "improvement": 4.501566269045501, "original_score": -2.24194514517668, "new_score": 2.2596211238688206, "improved": true}