{"fitness": 1.465935910219481, "similarity": 0, "_step": 21, "_runtime": 1233, "_timestamp": 1610152106, "Table of best SMILES": {"_type": "table-file", "path": "media/table/Table of best SMILES_20_0c7e434b.table.json", "sha256": "0c7e434bc95c11f737ae4731fb96da621a03ff79ff5ac0279c8dead79e563b4d", "size": 4378, "ncols": 5, "nrows": 20}, "improvement": 2.0626575583556406, "original_score": -0.5967216481361597, "new_score": 1.465935910219481, "improved": true}