{"fitness": -2.4350010154920567, "similarity": 0, "_step": 21, "_runtime": 1140, "_timestamp": 1610449911, "Table of best SMILES": {"_type": "table-file", "path": "media/table/Table of best SMILES_20_11e3dc96.table.json", "sha256": "11e3dc96f9b60198854c46662bd75d24d0bd27fbadbe59f246aa34a8c73c1b7b", "size": 3970, "ncols": 5, "nrows": 20}, "improvement": 0.23511903887380559, "original_score": -2.6701200543658623, "new_score": -2.4350010154920567, "improved": true}