{"fitness": -0.9183818547739322, "similarity": 0, "_step": 21, "_runtime": 1145, "_timestamp": 1610461590, "Table of best SMILES": {"_type": "table-file", "path": "media/table/Table of best SMILES_20_5065701b.table.json", "sha256": "5065701bf1ba5ba94d85cebdd912dc376a8e1e813c878e8d05f41fd30b95add1", "size": 7384, "ncols": 5, "nrows": 20}, "improvement": 0.9588616139831128, "original_score": -1.877243468757045, "new_score": -0.9183818547739322, "improved": true}