{"fitness": 2.3603197414615473, "similarity": 0, "_step": 21, "_runtime": 1024, "_timestamp": 1611119601, "Table of best SMILES": {"_type": "table-file", "path": "media/table/Table of best SMILES_20_a3338a23.table.json", "sha256": "a3338a23109d57a1dab458f96639eac56d34ca4f28ce93d0bd2e49cab842c757", "size": 4397, "ncols": 5, "nrows": 20}, "improvement": 4.353074160289262, "original_score": -1.7018820446721896, "new_score": 2.6511921156170724, "improved": true}