{"fitness": -2.0481042576333, "similarity": 0, "_step": 21, "_runtime": 785, "_timestamp": 1610350608, "Table of best SMILES": {"_type": "table-file", "path": "media/table/Table of best SMILES_20_dfba2e4b.table.json", "sha256": "dfba2e4bc5133da09b7ea21510bf364d5689f89dbf52522b4bd0d5713386cf15", "size": 5141, "ncols": 5, "nrows": 20}, "improvement": 0.0, "original_score": -2.0481042576333, "new_score": -2.0481042576333, "improved": false}