{"fitness": -3.0664343058097328, "similarity": 0, "_step": 21, "_runtime": 2585, "_timestamp": 1611106366, "Table of best SMILES": {"_type": "table-file", "path": "media/table/Table of best SMILES_20_2c1aff34.table.json", "sha256": "2c1aff34ff6b85375dd7dfacd0b7b83565b6c5b751560839f5b0a88123caeb88", "size": 4729, "ncols": 5, "nrows": 20}, "improvement": 0.3064265939543813, "original_score": -3.372860899764114, "new_score": -3.0664343058097328, "improved": true}