{"fitness": -999994.1594832379, "similarity": -1000000, "_step": 21, "_runtime": 775, "_timestamp": 1610317280, "Table of best SMILES": {"_type": "table-file", "path": "media/table/Table of best SMILES_20_8a3ceaad.table.json", "sha256": "8a3ceaad22225f38194657b19f826e3aac47c04feda1761f678f5979839c5cbf", "size": 6468, "ncols": 5, "nrows": 20}, "improvement": 9.109035956440493, "original_score": -1000003.2685191943, "new_score": -999994.1594832379, "improved": true}