{"fitness": -0.7837637941293507, "similarity": 0, "_step": 21, "_runtime": 2183, "_timestamp": 1610473887, "Table of best SMILES": {"_type": "table-file", "path": "media/table/Table of best SMILES_20_dd1134cd.table.json", "sha256": "dd1134cdb474441144fbb102b811832ee473530f524171b40a44095e50177f32", "size": 5307, "ncols": 5, "nrows": 20}, "improvement": 1.8352044133925092, "original_score": -2.5383860259962763, "new_score": -0.7031816126037671, "improved": true}