{"fitness": -999993.8496816157, "similarity": -1000000, "_step": 21, "_runtime": 805, "_timestamp": 1610258787, "Table of best SMILES": {"_type": "table-file", "path": "media/table/Table of best SMILES_20_8d6b9303.table.json", "sha256": "8d6b930386825023790776b77eaf46c5d2f88934ee4ba5236149609831a6bd08", "size": 8527, "ncols": 5, "nrows": 20}, "improvement": 8.392263529472984, "original_score": -1000002.2419451452, "new_score": -999993.8496816157, "improved": true}