{"fitness": 2.035397528314074, "similarity": 0, "_step": 21, "_runtime": 927, "_timestamp": 1610853776, "Table of best SMILES": {"_type": "table-file", "path": "media/table/Table of best SMILES_20_05eae40f.table.json", "sha256": "05eae40f706a2db30cb95710dabec1acd11ae9c9c9498828a9136909231ac210", "size": 6840, "ncols": 5, "nrows": 20}, "improvement": 3.735756943617651, "original_score": -1.7003594153035773, "new_score": 2.035397528314074, "improved": true}