{"fitness": 1.0315537346417623, "similarity": 0, "_step": 21, "_runtime": 1212, "_timestamp": 1610132619, "Table of best SMILES": {"_type": "table-file", "path": "media/table/Table of best SMILES_20_53d85ae6.table.json", "sha256": "53d85ae6fdce42e053165fb068372e84863af8e987dd705ce255a72d1322e8f5", "size": 5876, "ncols": 5, "nrows": 20}, "improvement": 2.282297901765503, "original_score": -1.2507441671237405, "new_score": 1.0315537346417623, "improved": true}