{"fitness": 1.7055476456641303, "similarity": 0, "_step": 21, "_runtime": 1113, "_timestamp": 1611007398, "Table of best SMILES": {"_type": "table-file", "path": "media/table/Table of best SMILES_20_9651a72b.table.json", "sha256": "9651a72b10c040af4d1386cdeb79957a06f46fbd2758bf55cd7efff0f41a0ded", "size": 6866, "ncols": 5, "nrows": 20}, "improvement": 4.065603602629932, "original_score": -2.3600559569658017, "new_score": 1.7055476456641303, "improved": true}