{"fitness": 0.2993793339645656, "similarity": 0, "_step": 21, "_runtime": 908, "_timestamp": 1610869250, "Table of best SMILES": {"_type": "table-file", "path": "media/table/Table of best SMILES_20_28be2c6f.table.json", "sha256": "28be2c6fcbef44c40e8d248493cdbe5e7074f99a05ded7f2c3d5ced5db434c12", "size": 6400, "ncols": 5, "nrows": 20}, "improvement": 2.283114198527418, "original_score": -1.9837348645628523, "new_score": 0.2993793339645656, "improved": true}