{"fitness": -1.5248035369276178, "similarity": 0, "_step": 21, "_runtime": 2222, "_timestamp": 1610497089, "Table of best SMILES": {"_type": "table-file", "path": "media/table/Table of best SMILES_20_5954b500.table.json", "sha256": "5954b500acba696c25a1180738b06c4829d6c9f6e148f124fd48119cbb6fdcbc", "size": 4525, "ncols": 5, "nrows": 20}, "improvement": 1.0149686546617955, "original_score": -2.5397721915894134, "new_score": -1.5248035369276178, "improved": true}