{"fitness": -1.0735209983691552, "similarity": 0, "_step": 21, "_runtime": 787, "_timestamp": 1610279426, "Table of best SMILES": {"_type": "table-file", "path": "media/table/Table of best SMILES_20_cf3cfc9b.table.json", "sha256": "cf3cfc9b2ecd637b8ab5321714d4a3f150f9c3f44e5f6c73c5a9c033b6930615", "size": 7049, "ncols": 5, "nrows": 20}, "improvement": 1.5127126999130454, "original_score": -2.3893660327041633, "new_score": -0.8766533327911179, "improved": true}