{"fitness": 2.5962471983469855, "similarity": 0, "_step": 21, "_runtime": 1164, "_timestamp": 1610453410, "Table of best SMILES": {"_type": "table-file", "path": "media/table/Table of best SMILES_20_ccd5d551.table.json", "sha256": "ccd5d55169bf808856d2a4b7a21b5b2fea5c6b41e21103261b4be94cce53fc06", "size": 3853, "ncols": 5, "nrows": 20}, "improvement": 3.9910914647756934, "original_score": -1.3948442664287082, "new_score": 2.5962471983469855, "improved": true}