{"fitness": 0.5546643799178725, "similarity": 0, "_step": 21, "_runtime": 812, "_timestamp": 1610388254, "Table of best SMILES": {"_type": "table-file", "path": "media/table/Table of best SMILES_20_018cae25.table.json", "sha256": "018cae25bc8e6f44b1b5d79858e727fafbf510621f0e19a5d358612a530d76bb", "size": 4410, "ncols": 5, "nrows": 20}, "improvement": 3.1047264229385263, "original_score": -2.5500620430206538, "new_score": 0.5546643799178725, "improved": true}