{"fitness": -999993.3643437411, "similarity": -1000000, "_step": 21, "_runtime": 801, "_timestamp": 1610203563, "Table of best SMILES": {"_type": "table-file", "path": "media/table/Table of best SMILES_20_c6b0ac88.table.json", "sha256": "c6b0ac886e5de2d7808c0f56fb53666bfac248f970536b6ba87dc301281f1b35", "size": 6952, "ncols": 5, "nrows": 20}, "improvement": 8.358369079534896, "original_score": -1000001.7227128206, "new_score": -999993.3643437411, "improved": true}