{"fitness": 0.7375543784322476, "similarity": 0, "_step": 21, "_runtime": 803, "_timestamp": 1611071098, "Table of best SMILES": {"_type": "table-file", "path": "media/table/Table of best SMILES_20_a2fe09ed.table.json", "sha256": "a2fe09edfdce5aa8446cd69f13590b147ceef8057bb7f1db4a0051b0b10f10cf", "size": 5053, "ncols": 5, "nrows": 20}, "improvement": 4.062002949171351, "original_score": -3.324448570739104, "new_score": 0.7375543784322476, "improved": true}