{"fitness": 2.1129624432272407, "similarity": 0, "_step": 21, "_runtime": 769, "_timestamp": 1610197070, "Table of best SMILES": {"_type": "table-file", "path": "media/table/Table of best SMILES_20_e1c19667.table.json", "sha256": "e1c1966722385c8075ff412102a9522735ffef7df249baa6db26bd8c223b884f", "size": 5677, "ncols": 5, "nrows": 20}, "improvement": 3.4353210835416768, "original_score": -1.3223586403144358, "new_score": 2.1129624432272407, "improved": true}