{"fitness": 2.1254094098888614, "similarity": 0, "_step": 21, "_runtime": 796, "_timestamp": 1610353790, "Table of best SMILES": {"_type": "table-file", "path": "media/table/Table of best SMILES_20_ad17bcfb.table.json", "sha256": "ad17bcfbbd48b8c66edc9fb094da0a8348b8466a2496a088c19dbb28563e7b77", "size": 7343, "ncols": 5, "nrows": 20}, "improvement": 3.013040263682691, "original_score": -0.8876308537938298, "new_score": 2.1254094098888614, "improved": true}