{"fitness": -999994.6607497061, "similarity": -1000000, "_step": 21, "_runtime": 815, "_timestamp": 1610232363, "Table of best SMILES": {"_type": "table-file", "path": "media/table/Table of best SMILES_20_2e22477e.table.json", "sha256": "2e22477ef21f6bea971a221946b7388ccac30db1a3ae9f38870c0318011f2217", "size": 7421, "ncols": 5, "nrows": 20}, "improvement": 8.150777260540053, "original_score": -1000002.8115269666, "new_score": -999994.6607497061, "improved": true}