{"fitness": 3.069403594301475, "similarity": 0, "_step": 21, "_runtime": 1065, "_timestamp": 1611109513, "Table of best SMILES": {"_type": "table-file", "path": "media/table/Table of best SMILES_20_2413e0e5.table.json", "sha256": "2413e0e5729c6b35b64f79bcce5c88d6ecf05330a1084b021f99ced6cb48fbc4", "size": 7257, "ncols": 5, "nrows": 20}, "improvement": 5.12954390580235, "original_score": -2.0601403115008754, "new_score": 3.069403594301475, "improved": true}