{"fitness": 1.6574161641255543, "similarity": 0, "_step": 21, "_runtime": 4410, "_timestamp": 1610944165, "Table of best SMILES": {"_type": "table-file", "path": "media/table/Table of best SMILES_20_cf26cdb1.table.json", "sha256": "cf26cdb170f0b36f93cc3fd40ef1a0b8a70988df344eaa5ec87482070ec9f950", "size": 5812, "ncols": 5, "nrows": 20}, "improvement": 3.4900005731458807, "original_score": -1.8325844090203265, "new_score": 1.6574161641255543, "improved": true}