{"fitness": 0.6841832328730512, "similarity": 0, "_step": 21, "_runtime": 2588, "_timestamp": 1610564199, "Table of best SMILES": {"_type": "table-file", "path": "media/table/Table of best SMILES_20_31be1211.table.json", "sha256": "31be1211bf9e59460c1d41a1580af83117775c902153c5eef1f353f46d5a9011", "size": 4496, "ncols": 5, "nrows": 20}, "improvement": 3.7357860145119393, "original_score": -3.051602781638888, "new_score": 0.6841832328730512, "improved": true}