{"fitness": 0.9840933008452026, "similarity": 0, "_step": 21, "_runtime": 1104, "_timestamp": 1610995480, "Table of best SMILES": {"_type": "table-file", "path": "media/table/Table of best SMILES_20_dbd485ad.table.json", "sha256": "dbd485adb50d8e70d95031d988669345a3ef64c5f381d5f2d5b681849174f03c", "size": 7152, "ncols": 5, "nrows": 20}, "improvement": 4.357715602128268, "original_score": -3.3736223012830657, "new_score": 0.9840933008452026, "improved": true}