{"fitness": 1.9139718690838583, "fitness_no_discr": 1.9299253427345464, "_step": 47, "_runtime": 2151, "_timestamp": 1610032394, "graph_0": {"_type": "graph-file", "path": "media/graph/graph_0_summary_4457db33.graph.json", "sha256": "4457db33049e9705ce7bb1d6a1daf5137ab525a4929e55b886cf6e08a69e8c47", "size": 723}}