{"fitness": 0.6691592812325132, "similarity": 0, "_step": 21, "_runtime": 873, "_timestamp": 1610895400, "Table of best SMILES": {"_type": "table-file", "path": "media/table/Table of best SMILES_20_f6854c8f.table.json", "sha256": "f6854c8feedf6306c8ddc75e1d3a72992ff7e742009bbfd6d27f8a979f486ee2", "size": 6531, "ncols": 5, "nrows": 20}, "improvement": 2.0748720758452937, "original_score": -1.4057127946127805, "new_score": 0.6691592812325132, "improved": true}