{"fitness": 1.48194915275981, "similarity": 0, "_step": 21, "_runtime": 769, "_timestamp": 1611050505, "Table of best SMILES": {"_type": "table-file", "path": "media/table/Table of best SMILES_20_2442b916.table.json", "sha256": "2442b91650d37b61aa43f7ba5de4bcd1a6c1f790b237664a6456af4e1bf03a28", "size": 6604, "ncols": 5, "nrows": 20}, "improvement": 3.2984792266278906, "original_score": -1.8165300738680805, "new_score": 1.48194915275981, "improved": true}