{"fitness": 2.051305511304706, "similarity": 0, "_step": 21, "_runtime": 950, "_timestamp": 1610939497, "Table of best SMILES": {"_type": "table-file", "path": "media/table/Table of best SMILES_20_0f209b01.table.json", "sha256": "0f209b016c45f98b3a7100b1b9ef74137e00e65ef0423fbaf621e917cc8b261d", "size": 3916, "ncols": 5, "nrows": 20}, "improvement": 3.387097937325416, "original_score": -1.3357924260207101, "new_score": 2.051305511304706, "improved": true}