{"fitness": -1.6856821224430696, "similarity": 0, "_step": 21, "_runtime": 750, "_timestamp": 1610194751, "Table of best SMILES": {"_type": "table-file", "path": "media/table/Table of best SMILES_20_5051e2ef.table.json", "sha256": "5051e2efee75cea51ab185f84614d598ffc04e846fd16371d7659170861c7f31", "size": 4870, "ncols": 5, "nrows": 20}, "improvement": 2.595699928499001, "original_score": -4.281382050942071, "new_score": -1.6856821224430696, "improved": true}