{"fitness": -0.9303765188479287, "similarity": 0, "_step": 21, "_runtime": 2356, "_timestamp": 1610519523, "Table of best SMILES": {"_type": "table-file", "path": "media/table/Table of best SMILES_20_49285c8e.table.json", "sha256": "49285c8e43bb98ea5c880d79c7cd58c50a30bf4290f3aae32ffdd02bcced7e11", "size": 6432, "ncols": 5, "nrows": 20}, "improvement": 0.932423527421093, "original_score": -1.8628000462690217, "new_score": -0.9303765188479287, "improved": true}