{"fitness": 1.3713290078991747, "similarity": 0, "_step": 21, "_runtime": 1298, "_timestamp": 1610159409, "Table of best SMILES": {"_type": "table-file", "path": "media/table/Table of best SMILES_20_fd5cb2a0.table.json", "sha256": "fd5cb2a0ffbca076fdc2e25a1c91f231d66a1bd999e5f1d331579213c438d40d", "size": 8895, "ncols": 5, "nrows": 20}, "improvement": 2.4571594985558627, "original_score": -1.085830490656688, "new_score": 1.3713290078991747, "improved": true}