{"fitness": 1.386665863224002, "similarity": 0, "_step": 21, "_runtime": 969, "_timestamp": 1610952297, "Table of best SMILES": {"_type": "table-file", "path": "media/table/Table of best SMILES_20_69b05e9a.table.json", "sha256": "69b05e9a92c6b6be63fbdc2b1577dfaa49f020680ce82310c762450f0d433011", "size": 5223, "ncols": 5, "nrows": 20}, "improvement": 4.29260361722461, "original_score": -2.905937754000608, "new_score": 1.386665863224002, "improved": true}