{"fitness": 2.751786246927247, "similarity": 0, "_step": 21, "_runtime": 998, "_timestamp": 1610958280, "Table of best SMILES": {"_type": "table-file", "path": "media/table/Table of best SMILES_20_0f86cec2.table.json", "sha256": "0f86cec21dc110411fce1ba59d262d0f5703185b9d86d9845747844ceed81dff", "size": 6008, "ncols": 5, "nrows": 20}, "improvement": 4.5363247446544035, "original_score": -1.7845384977271566, "new_score": 2.751786246927247, "improved": true}