{"fitness": 2.0818684247932455, "similarity": 0, "_step": 21, "_runtime": 1102, "_timestamp": 1610097773, "Table of best SMILES": {"_type": "table-file", "path": "media/table/Table of best SMILES_20_f6567382.table.json", "sha256": "f656738262f3e87e99924835b7ba8cc3c9259584812f99855ddcb0a0df257209", "size": 4050, "ncols": 5, "nrows": 20}, "improvement": 3.2112464402322987, "original_score": -1.1293780154390534, "new_score": 2.0818684247932455, "improved": true}