{"fitness": -999993.4618668327, "similarity": -1000000, "_step": 21, "_runtime": 3709, "_timestamp": 1610850938, "Table of best SMILES": {"_type": "table-file", "path": "media/table/Table of best SMILES_20_40b3447c.table.json", "sha256": "40b3447cf5763f001284366f972785c11bb8badf7fab92e0b30c5278b2bb3a3a", "size": 8378, "ncols": 5, "nrows": 20}, "improvement": 14.534564241184853, "original_score": -1000007.9964310739, "new_score": -999993.4618668327, "improved": true}