{"fitness": 0.049929041282375825, "similarity": 0, "_step": 21, "_runtime": 831, "_timestamp": 1610370643, "Table of best SMILES": {"_type": "table-file", "path": "media/table/Table of best SMILES_20_b5f97a45.table.json", "sha256": "b5f97a4588f99289f6c50514636964f7914239b0f851c3e38ee398b9bf809578", "size": 4252, "ncols": 5, "nrows": 20}, "improvement": 1.7947563096291932, "original_score": -1.7448272683468173, "new_score": 0.049929041282375825, "improved": true}