{"fitness": -0.4399598490953789, "similarity": 0, "_step": 21, "_runtime": 867, "_timestamp": 1610381680, "Table of best SMILES": {"_type": "table-file", "path": "media/table/Table of best SMILES_20_2822ea7d.table.json", "sha256": "2822ea7da525e0d8e0262cfcf956e439cb6fcb5bdebe97ec5468237e7f8326d9", "size": 5421, "ncols": 5, "nrows": 20}, "improvement": 0.8205948692295018, "original_score": -1.2605547183248806, "new_score": -0.4399598490953789, "improved": true}