{"fitness": -1.5474321458453375, "similarity": 0, "_step": 21, "_runtime": 1236, "_timestamp": 1610142463, "Table of best SMILES": {"_type": "table-file", "path": "media/table/Table of best SMILES_20_bdea679e.table.json", "sha256": "bdea679e4fa6aa4bb4412d98db57a136552303fc52251f1da7e2a78fd221963f", "size": 5660, "ncols": 5, "nrows": 20}, "improvement": 5.971001128206862, "original_score": -7.5184332740521995, "new_score": -1.5474321458453375, "improved": true}