{"fitness": 2.0787397887399774, "similarity": 0, "_step": 21, "_runtime": 1058, "_timestamp": 1610970400, "Table of best SMILES": {"_type": "table-file", "path": "media/table/Table of best SMILES_20_85c06147.table.json", "sha256": "85c06147110d76b5a80751f795fc4e5c649d596a172343498050bc1e25de8130", "size": 4329, "ncols": 5, "nrows": 20}, "improvement": 4.9907660065381405, "original_score": -2.912026217798163, "new_score": 2.0787397887399774, "improved": true}