{"fitness": 1.5897522260058132, "similarity": 0, "_step": 21, "_runtime": 757, "_timestamp": 1610339748, "Table of best SMILES": {"_type": "table-file", "path": "media/table/Table of best SMILES_20_87c96761.table.json", "sha256": "87c96761eb7d29740d866cf06259bdf594a1dc3668df5c9a4f3cd2b3893f1470", "size": 5018, "ncols": 5, "nrows": 20}, "improvement": 3.2066370476741115, "original_score": -1.6168848216682983, "new_score": 1.5897522260058132, "improved": true}