{"fitness": 0.7692068770284783, "similarity": 0, "_step": 21, "_runtime": 825, "_timestamp": 1610203302, "Table of best SMILES": {"_type": "table-file", "path": "media/table/Table of best SMILES_20_6e63fd0c.table.json", "sha256": "6e63fd0c1df5fc69a61a21ab5d32194fff47df0c6a0307205ada53787b1113fc", "size": 6529, "ncols": 5, "nrows": 20}, "improvement": 4.078283458725189, "original_score": -3.309076581696711, "new_score": 0.7692068770284783, "improved": true}