{"fitness": 0.7776118237037759, "similarity": 0, "_step": 21, "_runtime": 810, "_timestamp": 1610241880, "Table of best SMILES": {"_type": "table-file", "path": "media/table/Table of best SMILES_20_9d38c485.table.json", "sha256": "9d38c4859d4dc01c365d7b1f83572d9f79f3c352ee8b463edffcf1baa7757979", "size": 6783, "ncols": 5, "nrows": 20}, "improvement": 2.313710291534311, "original_score": -1.5360984678305347, "new_score": 0.7776118237037759, "improved": true}