{"fitness": 1.7733718687308875, "similarity": 0, "_step": 21, "_runtime": 768, "_timestamp": 1610200106, "Table of best SMILES": {"_type": "table-file", "path": "media/table/Table of best SMILES_20_b057da29.table.json", "sha256": "b057da2911d07e242862d86d520a2af4fcc10e79eae1885db171a8ab30c88a94", "size": 6586, "ncols": 5, "nrows": 20}, "improvement": 4.734201888082607, "original_score": -2.9608300193517194, "new_score": 1.7733718687308875, "improved": true}