{"fitness": 0.15464733788266252, "similarity": 0, "_step": 21, "_runtime": 1199, "_timestamp": 1610129022, "Table of best SMILES": {"_type": "table-file", "path": "media/table/Table of best SMILES_20_b3d77b75.table.json", "sha256": "b3d77b7580b4039e95639ce9dacb7fde800bbc76965ae14225837edc5ba69142", "size": 7881, "ncols": 5, "nrows": 20}, "improvement": 3.5076685312693856, "original_score": -3.304589647785687, "new_score": 0.20307888348369876, "improved": true}