{"fitness": 1.2775879496299885, "similarity": 0, "_step": 21, "_runtime": 935, "_timestamp": 1610912975, "Table of best SMILES": {"_type": "table-file", "path": "media/table/Table of best SMILES_20_a933bd9c.table.json", "sha256": "a933bd9c183b8f366d8f82cdef7aacac88dcd9a9ca424353e9e7ce037fbd8013", "size": 6571, "ncols": 5, "nrows": 20}, "improvement": 4.480395569083422, "original_score": -3.202807619453434, "new_score": 1.2775879496299885, "improved": true}