{"fitness": -999996.6065587023, "similarity": -1000000, "_step": 21, "_runtime": 768, "_timestamp": 1610235501, "Table of best SMILES": {"_type": "table-file", "path": "media/table/Table of best SMILES_20_1252cb36.table.json", "sha256": "1252cb36c6b201b5a19940fa4d40526ea0be766df22fd38811911995a9629239", "size": 7777, "ncols": 5, "nrows": 20}, "improvement": 5.377176162204705, "original_score": -1000001.9837348645, "new_score": -999996.6065587023, "improved": true}