{"fitness": -0.5917987868071013, "similarity": 0, "_step": 21, "_runtime": 778, "_timestamp": 1610300768, "Table of best SMILES": {"_type": "table-file", "path": "media/table/Table of best SMILES_20_d14b1643.table.json", "sha256": "d14b1643886ae176d814de98c0d38216b8dbb5e215d3484dad4f07659bc8ae46", "size": 7300, "ncols": 5, "nrows": 20}, "improvement": 3.289100098105305, "original_score": -3.6326482020077733, "new_score": -0.34354810390246804, "improved": true}