{"fitness": 1.4164110108917722, "similarity": 0, "_step": 21, "_runtime": 780, "_timestamp": 1610314185, "Table of best SMILES": {"_type": "table-file", "path": "media/table/Table of best SMILES_20_f82f5ec1.table.json", "sha256": "f82f5ec1e1d48a2c7dde1bbceefb98c48f3d469c23bdb477ed21de7de6629901", "size": 6136, "ncols": 5, "nrows": 20}, "improvement": 3.4418573024065093, "original_score": -2.0254462915147373, "new_score": 1.4164110108917722, "improved": true}