{"fitness": -2.4323246430317864, "similarity": 0, "_step": 21, "_runtime": 733, "_timestamp": 1611052676, "Table of best SMILES": {"_type": "table-file", "path": "media/table/Table of best SMILES_20_d56b9c6c.table.json", "sha256": "d56b9c6cf448e7dc5c988018deac5501a41745d71ec6eba935d857a43bfc2137", "size": 4911, "ncols": 5, "nrows": 20}, "improvement": 4.661690782480374, "original_score": -6.900341503305614, "new_score": -2.2386507208252406, "improved": true}