{"fitness": -1.4429474435219793, "similarity": 0, "_step": 21, "_runtime": 762, "_timestamp": 1611061678, "Table of best SMILES": {"_type": "table-file", "path": "media/table/Table of best SMILES_20_4be49dcb.table.json", "sha256": "4be49dcb8fba34d4f1cf46251fe9c2458d41749289bd46e4efe2426c531ff010", "size": 5064, "ncols": 5, "nrows": 20}, "improvement": 5.436803607801415, "original_score": -6.879751051323394, "new_score": -1.4429474435219793, "improved": true}