{"fitness": -0.2990381895058787, "similarity": 0, "_step": 21, "_runtime": 2381, "_timestamp": 1611031166, "Table of best SMILES": {"_type": "table-file", "path": "media/table/Table of best SMILES_20_8e83fb74.table.json", "sha256": "8e83fb7448e47a3c4fa561d84450274b19c4b985ad2eb9b5b072fd000adf3071", "size": 3704, "ncols": 5, "nrows": 20}, "improvement": 1.4857433614807545, "original_score": -1.7847815509866332, "new_score": -0.2990381895058787, "improved": true}