{"fitness": 2.524139324714688, "similarity": 0, "_step": 21, "_runtime": 883, "_timestamp": 1610864687, "Table of best SMILES": {"_type": "table-file", "path": "media/table/Table of best SMILES_20_25d2cc5e.table.json", "sha256": "25d2cc5ef71cd41ca4a5c87d284ebe406486329ffeededc0a81b1f97d0ca4370", "size": 5878, "ncols": 5, "nrows": 20}, "improvement": 4.194665668819085, "original_score": -1.6705263441043974, "new_score": 2.524139324714688, "improved": true}