{"fitness": -999993.9693693256, "similarity": -1000000, "_step": 21, "_runtime": 1229, "_timestamp": 1610143447, "Table of best SMILES": {"_type": "table-file", "path": "media/table/Table of best SMILES_20_e6492bc3.table.json", "sha256": "e6492bc3cc073d313d216c91ac372a3aa1ced1ff04da79069930a63de5227987", "size": 6766, "ncols": 5, "nrows": 20}, "improvement": 9.637299903435633, "original_score": -1000003.606669229, "new_score": -999993.9693693256, "improved": true}