{"fitness": 2.4172027568544707, "similarity": 0, "_step": 21, "_runtime": 721, "_timestamp": 1611048280, "Table of best SMILES": {"_type": "table-file", "path": "media/table/Table of best SMILES_20_15411d09.table.json", "sha256": "15411d094ad73c39213426879230bc599329461a886025a33c9bbe050beb3675", "size": 5053, "ncols": 5, "nrows": 20}, "improvement": 4.9672647998751245, "original_score": -2.5500620430206538, "new_score": 2.4172027568544707, "improved": true}