{"fitness": 1.59265479756486, "similarity": 0, "_step": 21, "_runtime": 728, "_timestamp": 1611042337, "Table of best SMILES": {"_type": "table-file", "path": "media/table/Table of best SMILES_20_d88ae90e.table.json", "sha256": "d88ae90e692b319e191f3117b1f31f308c3467a87eade74e96e0407ad4c04c44", "size": 6060, "ncols": 5, "nrows": 20}, "improvement": 2.8532095158897404, "original_score": -1.2605547183248806, "new_score": 1.59265479756486, "improved": true}