{"fitness": -3.4061520136505226, "similarity": 0, "_step": 21, "_runtime": 2980, "_timestamp": 1610645060, "Table of best SMILES": {"_type": "table-file", "path": "media/table/Table of best SMILES_20_848dd914.table.json", "sha256": "848dd9145ae1383cd796bbc77c212b6aadb326a340b7f9e7f7ab186296d86a83", "size": 4125, "ncols": 5, "nrows": 20}, "improvement": 0.0, "original_score": -3.4061520136505226, "new_score": -3.4061520136505226, "improved": false}