{"fitness": 2.140097335373966, "similarity": 0, "_step": 21, "_runtime": 822, "_timestamp": 1610222200, "Table of best SMILES": {"_type": "table-file", "path": "media/table/Table of best SMILES_20_7ee94403.table.json", "sha256": "7ee94403608be56fb3c55b625389d0c9953db829fb3c33b45030fdeb29299dcb", "size": 5808, "ncols": 5, "nrows": 20}, "improvement": 5.10396295274952, "original_score": -2.9638656173755544, "new_score": 2.140097335373966, "improved": true}