{"fitness": -4.336869693757347, "similarity": 0, "_step": 21, "_runtime": 1146, "_timestamp": 1610123018, "Table of best SMILES": {"_type": "table-file", "path": "media/table/Table of best SMILES_20_9cb6a00b.table.json", "sha256": "9cb6a00b60d036eddd7702317d0ac8baf850ef75192e721a4ad627e1165126bd", "size": 4913, "ncols": 5, "nrows": 20}, "improvement": 0.0, "original_score": -4.336869693757347, "new_score": -4.336869693757347, "improved": false}