{"fitness": 2.008990768531232, "similarity": 0, "_step": 21, "_runtime": 1026, "_timestamp": 1611120631, "Table of best SMILES": {"_type": "table-file", "path": "media/table/Table of best SMILES_20_83967221.table.json", "sha256": "83967221126d05e06169c3ebc1c6c62df26506171b77d2ca0bb6641455b97f20", "size": 5738, "ncols": 5, "nrows": 20}, "improvement": 3.854615031615162, "original_score": -1.556594866667732, "new_score": 2.29802016494743, "improved": true}