{"fitness": -1.1931077953836555, "similarity": 0, "_step": 21, "_runtime": 781, "_timestamp": 1610337431, "Table of best SMILES": {"_type": "table-file", "path": "media/table/Table of best SMILES_20_90709961.table.json", "sha256": "9070996183c6a342aea55addb647c5a2419f9c3e41d6ff909ee32216b85c784e", "size": 5081, "ncols": 5, "nrows": 20}, "improvement": 0.7159817428400075, "original_score": -1.909089538223663, "new_score": -1.1931077953836555, "improved": true}