{"fitness": 0.39206876448163364, "similarity": 0, "_step": 21, "_runtime": 2393, "_timestamp": 1610531455, "Table of best SMILES": {"_type": "table-file", "path": "media/table/Table of best SMILES_20_7913adcd.table.json", "sha256": "7913adcd911a7059105d6a66bf01c3334a4525b03aa3b89a8b7c4209159c0f45", "size": 4277, "ncols": 5, "nrows": 20}, "improvement": 2.4007977274630656, "original_score": -2.008728962981432, "new_score": 0.39206876448163364, "improved": true}