{"fitness": -2.131382846117515, "similarity": 0, "_step": 21, "_runtime": 775, "_timestamp": 1610239469, "Table of best SMILES": {"_type": "table-file", "path": "media/table/Table of best SMILES_20_ca728dfc.table.json", "sha256": "ca728dfc1f2c019e5b99c7a120801f183ef87b4b9c61b41673ef3103f905dba2", "size": 5683, "ncols": 5, "nrows": 20}, "improvement": 0.0, "original_score": -2.131382846117515, "new_score": -2.131382846117515, "improved": false}