{"fitness": -999994.6481765785, "similarity": -1000000, "_step": 21, "_runtime": 1313, "_timestamp": 1610166022, "Table of best SMILES": {"_type": "table-file", "path": "media/table/Table of best SMILES_20_bc7f9ace.table.json", "sha256": "bc7f9ace995048b4844368a7d33033d1365460ae749ff73e5afcd1d7c19457ab", "size": 8500, "ncols": 5, "nrows": 20}, "improvement": 8.451141999219544, "original_score": -1000003.0993185777, "new_score": -999994.6481765785, "improved": true}