{"fitness": -3.0019040377840067, "similarity": 0, "_step": 21, "_runtime": 898, "_timestamp": 1610373218, "Table of best SMILES": {"_type": "table-file", "path": "media/table/Table of best SMILES_20_fd03db51.table.json", "sha256": "fd03db510cb53e1482126a6cee9ffb047cc45726266d2c6aaca48851aa51abfe", "size": 6995, "ncols": 5, "nrows": 20}, "improvement": 0.43068203714568876, "original_score": -3.4325860749296955, "new_score": -3.0019040377840067, "improved": true}