{"fitness": 0.5586826072748174, "similarity": 0, "_step": 21, "_runtime": 999, "_timestamp": 1610962244, "Table of best SMILES": {"_type": "table-file", "path": "media/table/Table of best SMILES_20_ff41526b.table.json", "sha256": "ff41526b0b2f6f9c6cef1a3bbad1d12ac492f3a2792181e93e93d5ce18b9a26b", "size": 7025, "ncols": 5, "nrows": 20}, "improvement": 6.544452811145301, "original_score": -5.985770203870484, "new_score": 0.5586826072748174, "improved": true}