{"fitness": 1.9329469830713777, "similarity": 0, "_step": 21, "_runtime": 1084, "_timestamp": 1610994372, "Table of best SMILES": {"_type": "table-file", "path": "media/table/Table of best SMILES_20_353fed22.table.json", "sha256": "353fed22fa0c1df4b46c6c76d9193745c28f02259ed8983b4931c7a1065d9bc0", "size": 5879, "ncols": 5, "nrows": 20}, "improvement": 4.7185951791375045, "original_score": -2.3533188827392975, "new_score": 2.365276296398207, "improved": true}