{"fitness": 2.239371828496959, "similarity": 0, "_step": 21, "_runtime": 783, "_timestamp": 1610184010, "Table of best SMILES": {"_type": "table-file", "path": "media/table/Table of best SMILES_20_f6f5ee5b.table.json", "sha256": "f6f5ee5bc6ccb9812aa2f2368b11857a72b6263069f9ffedc2c42546ec5af5c3", "size": 7510, "ncols": 5, "nrows": 20}, "improvement": 4.264131236349121, "original_score": -1.5360984678305347, "new_score": 2.728032768518586, "improved": true}