{"fitness": 0.7989214865086519, "similarity": 0, "_step": 21, "_runtime": 1105, "_timestamp": 1611129330, "Table of best SMILES": {"_type": "table-file", "path": "media/table/Table of best SMILES_20_861138f6.table.json", "sha256": "861138f6edc484abcfc3962a867e75b28cc0a6a288f109e2c76c611212fb60f5", "size": 5826, "ncols": 5, "nrows": 20}, "improvement": 3.3220089530409247, "original_score": -2.5230874665322727, "new_score": 0.7989214865086519, "improved": true}