{"fitness": -1.0671653981367235, "similarity": 0, "_step": 21, "_runtime": 903, "_timestamp": 1610837603, "Table of best SMILES": {"_type": "table-file", "path": "media/table/Table of best SMILES_20_9f3b75d2.table.json", "sha256": "9f3b75d24bf06d52bdad1ac919d83056b5e05a96d587d08fefc100f3bc22179c", "size": 6929, "ncols": 5, "nrows": 20}, "improvement": 3.109974680729221, "original_score": -4.1771400788659445, "new_score": -1.0671653981367235, "improved": true}