{"fitness": 1.162222406092952, "similarity": 0, "_step": 21, "_runtime": 781, "_timestamp": 1610311890, "Table of best SMILES": {"_type": "table-file", "path": "media/table/Table of best SMILES_20_349ff8d4.table.json", "sha256": "349ff8d454902ab8def1751fef1e4d204dfe65568aedeaf360e13246171b8b0b", "size": 5326, "ncols": 5, "nrows": 20}, "improvement": 2.382573462723147, "original_score": -0.9495508125014449, "new_score": 1.4330226502217023, "improved": true}