{"fitness": -9.908585560951462, "similarity": 0, "_step": 21, "_runtime": 3351, "_timestamp": 1610752056, "Table of best SMILES": {"_type": "table-file", "path": "media/table/Table of best SMILES_20_48a46866.table.json", "sha256": "48a46866d7eb97ffc5f2f8a2a9d983c3d27094ca2855ff91e92ea7c9c1b20ddd", "size": 4412, "ncols": 5, "nrows": 20}, "improvement": 0.0, "original_score": -9.908585560951462, "new_score": -9.908585560951462, "improved": false}