{"fitness": -1.2182572195039694, "similarity": 0, "_step": 21, "_runtime": 905, "_timestamp": 1610851066, "Table of best SMILES": {"_type": "table-file", "path": "media/table/Table of best SMILES_20_3adff666.table.json", "sha256": "3adff66681c9c33fb98ea2429215aa7b0047eb781b66b25dc382938b4dfeddc7", "size": 5000, "ncols": 5, "nrows": 20}, "improvement": 3.452374133305244, "original_score": -4.670631352809213, "new_score": -1.2182572195039694, "improved": true}