{"fitness": 3.7486583341670685, "similarity": 0, "_step": 21, "_runtime": 1099, "_timestamp": 1611139413, "Table of best SMILES": {"_type": "table-file", "path": "media/table/Table of best SMILES_20_4631ca35.table.json", "sha256": "4631ca35da0d0b678cb88043dcf6073935d1b7daa462bc912dedcdbb1819e548", "size": 7500, "ncols": 5, "nrows": 20}, "improvement": 5.54263223157008, "original_score": -1.793973897403011, "new_score": 3.7486583341670685, "improved": true}