{"fitness": 2.9398832143903593, "similarity": 0, "_step": 21, "_runtime": 794, "_timestamp": 1611060160, "Table of best SMILES": {"_type": "table-file", "path": "media/table/Table of best SMILES_20_fee6dc49.table.json", "sha256": "fee6dc4939a46e0688f33cdd2178702f928c3835c2399733f282c4d0812a5e25", "size": 6891, "ncols": 5, "nrows": 20}, "improvement": 5.57117300257834, "original_score": -2.631289788187981, "new_score": 2.9398832143903593, "improved": true}