{"fitness": -1.554060656995328, "similarity": 0, "_step": 21, "_runtime": 775, "_timestamp": 1610242658, "Table of best SMILES": {"_type": "table-file", "path": "media/table/Table of best SMILES_20_40c24cb2.table.json", "sha256": "40c24cb23ed1aaa6bf644a738b4d40354c570523a23d87f1ad558dc3a7742bb8", "size": 5870, "ncols": 5, "nrows": 20}, "improvement": 4.578315829137574, "original_score": -6.132376486132902, "new_score": -1.554060656995328, "improved": true}