{"fitness": -1.1411263308908441, "similarity": 0, "_step": 21, "_runtime": 974, "_timestamp": 1610395455, "Table of best SMILES": {"_type": "table-file", "path": "media/table/Table of best SMILES_20_c87db9e7.table.json", "sha256": "c87db9e72c32f97bbaa05c07219069d359be8814fed200104edaa1ffd5b30bfe", "size": 7028, "ncols": 5, "nrows": 20}, "improvement": 1.7677177519994884, "original_score": -2.9088440828903326, "new_score": -1.1411263308908441, "improved": true}