{"fitness": -1.6854372053394093, "similarity": 0, "_step": 21, "_runtime": 2598, "_timestamp": 1611114155, "Table of best SMILES": {"_type": "table-file", "path": "media/table/Table of best SMILES_20_c5897cf7.table.json", "sha256": "c5897cf77dd9888b20a77698ff2e46cf7b229fd5db837ccbe5175003ef8781a8", "size": 5458, "ncols": 5, "nrows": 20}, "improvement": 1.0048867261328596, "original_score": -2.690323931472269, "new_score": -1.6854372053394093, "improved": true}