{"fitness": -0.5907838118387476, "similarity": 0, "_step": 21, "_runtime": 1016, "_timestamp": 1610407324, "Table of best SMILES": {"_type": "table-file", "path": "media/table/Table of best SMILES_20_26c542ac.table.json", "sha256": "26c542acc2abc7358a391825f604fe8f945f5007d0075eb41f6a13e28317db6e", "size": 6014, "ncols": 5, "nrows": 20}, "improvement": 0.9875766528300953, "original_score": -1.578360464668843, "new_score": -0.5907838118387476, "improved": true}