{"fitness": 2.2467116946211827, "similarity": 0, "_step": 21, "_runtime": 780, "_timestamp": 1610276236, "Table of best SMILES": {"_type": "table-file", "path": "media/table/Table of best SMILES_20_9967d519.table.json", "sha256": "9967d519f60f56dfa6eb84839a8ea8e3577b53b9a603e82e9d6670fe2d5725dc", "size": 5052, "ncols": 5, "nrows": 20}, "improvement": 3.971308929697458, "original_score": -1.7245972350762757, "new_score": 2.2467116946211827, "improved": true}