{"fitness": 2.0576475844123, "similarity": 0, "_step": 21, "_runtime": 1094, "_timestamp": 1610998692, "Table of best SMILES": {"_type": "table-file", "path": "media/table/Table of best SMILES_20_0c221899.table.json", "sha256": "0c221899b9422a52dd0755d0e616f422ede960fad2fce26149d040077acce6e3", "size": 4960, "ncols": 5, "nrows": 20}, "improvement": 3.966737122635963, "original_score": -1.909089538223663, "new_score": 2.0576475844123, "improved": true}