{"fitness": -0.5116306261069259, "similarity": 0, "_step": 21, "_runtime": 791, "_timestamp": 1610284086, "Table of best SMILES": {"_type": "table-file", "path": "media/table/Table of best SMILES_20_c37ac55a.table.json", "sha256": "c37ac55a0e1ba6ec6e9cfd7da5aaa313bfcfb5826fb3f8ebd9849a7b3e026f2c", "size": 7201, "ncols": 5, "nrows": 20}, "improvement": 1.3524243964468705, "original_score": -1.8640550225537964, "new_score": -0.5116306261069259, "improved": true}