{"fitness": -3.9374718468195193, "similarity": 0, "_step": 21, "_runtime": 2262, "_timestamp": 1610503870, "Table of best SMILES": {"_type": "table-file", "path": "media/table/Table of best SMILES_20_1b35b26a.table.json", "sha256": "1b35b26abc764b10b42d17c4028284858ac3307625a4b5ec58d35d0f2cab0ac4", "size": 5883, "ncols": 5, "nrows": 20}, "improvement": 0.0, "original_score": -3.9374718468195193, "new_score": -3.9374718468195193, "improved": false}