{"fitness": 0.3415917948309435, "similarity": 0, "_step": 21, "_runtime": 777, "_timestamp": 1610265057, "Table of best SMILES": {"_type": "table-file", "path": "media/table/Table of best SMILES_20_4365a183.table.json", "sha256": "4365a183c957fe5bdd5f64e7cf55da80a56981a78b90f17aa1b5a1ee5d1b923c", "size": 4477, "ncols": 5, "nrows": 20}, "improvement": 1.4621745273679507, "original_score": -1.1205827325370072, "new_score": 0.3415917948309435, "improved": true}