{"fitness": 2.9952298660103884, "similarity": 0, "_step": 21, "_runtime": 786, "_timestamp": 1611071887, "Table of best SMILES": {"_type": "table-file", "path": "media/table/Table of best SMILES_20_939266ad.table.json", "sha256": "939266ad43f4a1f45fe6ae7f4723120c2252a061f29a32931f545ea8443bcf86", "size": 5556, "ncols": 5, "nrows": 20}, "improvement": 4.3920161009887355, "original_score": -1.3967862349783475, "new_score": 2.9952298660103884, "improved": true}