{"fitness": 2.5634881594980423, "similarity": 0, "_step": 21, "_runtime": 734, "_timestamp": 1611038598, "Table of best SMILES": {"_type": "table-file", "path": "media/table/Table of best SMILES_20_a32208cf.table.json", "sha256": "a32208cf87e57170e1d4ae3e67459b0e78b5f18dd54cc83345a8a279620d4cc5", "size": 5081, "ncols": 5, "nrows": 20}, "improvement": 5.355072614576738, "original_score": -2.7915844550786955, "new_score": 2.5634881594980423, "improved": true}