{"fitness": -3.9156460570883342, "similarity": 0, "_step": 21, "_runtime": 785, "_timestamp": 1610207628, "Table of best SMILES": {"_type": "table-file", "path": "media/table/Table of best SMILES_20_d54a286c.table.json", "sha256": "d54a286c2f80202265be196dd562ad887a9598bde4ba53d37cd864e249b9d0fb", "size": 7129, "ncols": 5, "nrows": 20}, "improvement": 0.2614940217776103, "original_score": -4.1771400788659445, "new_score": -3.9156460570883342, "improved": true}