{"fitness": 2.77155304604666, "similarity": 0, "_step": 21, "_runtime": 767, "_timestamp": 1611031808, "Table of best SMILES": {"_type": "table-file", "path": "media/table/Table of best SMILES_20_f8c49e59.table.json", "sha256": "f8c49e599eadff8f7192323163467b8e15fb0190ab99ce70022256263579ff60", "size": 7860, "ncols": 5, "nrows": 20}, "improvement": 4.929596231366482, "original_score": -2.158043185319821, "new_score": 2.77155304604666, "improved": true}