{"fitness": 22.081815282766534, "fitness_no_discr": 32.222327432165514, "discriminator": 0.0004895112360827625, "_step": 500, "_runtime": 25971, "_timestamp": 1610058515, "graph_0": {"_type": "graph-file", "path": "media/graph/graph_0_summary_49241448.graph.json", "sha256": "49241448e711b0162e5509802612822dfd708fb707a8a723964bf23e548d25c9", "size": 723}, "gradients/predict.bias": {"_type": "histogram", "values": [0.0, 0.0, 0.0, 0.0, 0.0, 0.0, 0.0, 0.0, 0.0, 0.0, 0.0, 0.0, 0.0, 0.0, 0.0, 0.0, 0.0, 0.0, 0.0, 0.0, 0.0, 0.0, 0.0, 0.0, 0.0, 0.0, 0.0, 0.0, 0.0, 0.0, 0.0, 1.0, 0.0, 0.0, 0.0, 0.0, 0.0, 0.0, 0.0, 0.0, 0.0, 0.0, 0.0, 0.0, 0.0, 0.0, 0.0, 0.0, 0.0, 0.0, 0.0, 0.0, 0.0, 0.0, 0.0, 0.0, 0.0, 0.0, 0.0, 0.0, 0.0, 0.0, 0.0, 0.0], "bins": [-0.002086215652525425, -0.002086215652525425, -0.002086215652525425, -0.002086215652525425, -0.002086215652525425, -0.002086215652525425, -0.002086215652525425, -0.002086215652525425, -0.002086215652525425, -0.002086215652525425, -0.002086215652525425, -0.002086215652525425, -0.002086215652525425, -0.002086215652525425, -0.002086215652525425, -0.002086215652525425, -0.002086215652525425, -0.002086215652525425, -0.002086215652525425, -0.002086215652525425, -0.002086215652525425, -0.002086215652525425, -0.002086215652525425, -0.002086215652525425, -0.002086215652525425, -0.002086215652525425, -0.002086215652525425, -0.002086215652525425, -0.002086215652525425, -0.002086215652525425, -0.002086215652525425, -0.002086215652525425, -0.002086215652525425, -0.002086215652525425, -0.002086215652525425, -0.002086215652525425, -0.002086215652525425, -0.002086215652525425, -0.002086215652525425, -0.002086215652525425, -0.002086215652525425, -0.002086215652525425, -0.002086215652525425, -0.002086215652525425, -0.002086215652525425, -0.002086215652525425, -0.002086215652525425, -0.002086215652525425, -0.002086215652525425, -0.002086215652525425, -0.002086215652525425, -0.002086215652525425, -0.002086215652525425, -0.002086215652525425, -0.002086215652525425, -0.002086215652525425, -0.002086215652525425, -0.002086215652525425, -0.002086215652525425, -0.002086215652525425, -0.002086215652525425, -0.002086215652525425, -0.002086215652525425, -0.002086215652525425, -0.002086215652525425]}, "gradients/predict.weight": {"_type": "histogram", "values": [1.0, 1.0, 0.0, 0.0, 0.0, 1.0, 0.0, 0.0, 0.0, 0.0, 0.0, 0.0, 0.0, 0.0, 0.0, 0.0, 0.0, 0.0, 0.0, 0.0, 0.0, 0.0, 0.0, 0.0, 0.0, 0.0, 0.0, 0.0, 0.0, 0.0, 0.0, 0.0, 0.0, 0.0, 0.0, 0.0, 0.0, 0.0, 0.0, 0.0, 0.0, 0.0, 0.0, 0.0, 0.0, 0.0, 0.0, 0.0, 0.0, 0.0, 0.0, 0.0, 0.0, 0.0, 0.0, 0.0, 0.0, 0.0, 0.0, 2.0, 0.0, 2.0, 0.0, 3.0], "bins": [-0.002088838955387473, -0.002056821482256055, -0.0020248042419552803, -0.001992786768823862, -0.001960769295692444, -0.0019287520553916693, -0.001896734582260251, -0.0018647172255441546, -0.0018326998688280582, -0.00180068239569664, -0.0017686650389805436, -0.0017366476822644472, -0.001704630209133029, -0.0016726128524169326, -0.0016405954957008362, -0.0016085781389847398, -0.0015765607822686434, -0.0015445433091372252, -0.0015125259524211287, -0.0014805085957050323, -0.0014484911225736141, -0.0014164737658575177, -0.0013844564091414213, -0.001352438936010003, -0.0013204215792939067, -0.0012884042225778103, -0.001256386749446392, -0.0012243695091456175, -0.0011923520360141993, -0.0011603346792981029, -0.0011283173225820065, -0.0010962998494505882, -0.0010642824927344918, -0.0010322651360183954, -0.0010002476628869772, -0.0009682303061708808, -0.0009362129494547844, -0.000904195592738688, -0.0008721781196072698, -0.0008401607628911734, -0.000808143406175077, -0.0007761259330436587, -0.0007441085763275623, -0.0007120912196114659, -0.0006800738628953695, -0.0006480563897639513, -0.0006160390330478549, -0.0005840216763317585, -0.0005520042032003403, -0.0005199868464842439, -0.00048796948976814747, -0.00045595213305205107, -0.00042393465992063284, -0.00039191730320453644, -0.00035989994648844004, -0.00032788258977234364, -0.0002958651166409254, -0.000263847759924829, -0.0002318304032087326, -0.00019981293007731438, -0.00016779557336121798, -0.00013577821664512157, -0.00010376074351370335, -7.174350321292877e-05, -3.9726030081510544e-05]}, "gradients/hidden.1.bias": {"_type": "histogram", "values": [1.0, 0.0, 2.0, 0.0, 0.0, 0.0, 0.0, 0.0, 0.0, 0.0, 0.0, 0.0, 0.0, 0.0, 0.0, 0.0, 0.0, 0.0, 0.0, 0.0, 0.0, 0.0, 0.0, 0.0, 0.0, 0.0, 0.0, 0.0, 0.0, 0.0, 0.0, 0.0, 0.0, 0.0, 0.0, 0.0, 0.0, 0.0, 0.0, 0.0, 0.0, 0.0, 0.0, 0.0, 0.0, 0.0, 0.0, 0.0, 0.0, 0.0, 0.0, 0.0, 0.0, 0.0, 0.0, 0.0, 0.0, 0.0, 0.0, 2.0, 1.0, 2.0, 1.0, 1.0], "bins": [-0.0003591918502934277, -0.00034863402834162116, -0.00033807617728598416, -0.0003275183553341776, -0.00031696053338237107, -0.00030640268232673407, -0.0002958448603749275, -0.000285287038423121, -0.000274729187367484, -0.00026417136541567743, -0.0002536135143600404, -0.00024305569240823388, -0.00023249787045642734, -0.00022194003395270556, -0.0002113821974489838, -0.00020082437549717724, -0.00019026653899345547, -0.0001797087024897337, -0.00016915088053792715, -0.00015859304403420538, -0.0001480352075304836, -0.00013747738557867706, -0.00012691954907495528, -0.00011636171257123351, -0.00010580389061942697, -9.524603956378996e-05, -8.468821761198342e-05, -7.413039566017687e-05, -6.357254460453987e-05, -5.3014722652733326e-05, -4.245690070092678e-05, -3.189904964528978e-05, -2.1341227693483233e-05, -1.0783405741676688e-05, -2.255546860396862e-07, 1.0332267265766859e-05, 2.0890089217573404e-05, 3.1447940273210406e-05, 4.200576222501695e-05, 5.25635841768235e-05, 6.31214352324605e-05, 7.367925718426704e-05, 8.423707913607359e-05, 9.479493019171059e-05, 0.00010535275214351714, 0.00011591057409532368, 0.00012646842515096068, 0.00013702624710276723, 0.00014758406905457377, 0.00015814189100638032, 0.00016869977116584778, 0.00017925759311765432, 0.00018981541506946087, 0.00020037323702126741, 0.00021093105897307396, 0.0002214888809248805, 0.00023204676108434796, 0.0002426045830361545, 0.00025316240498796105, 0.0002637202269397676, 0.00027427804889157414, 0.0002848358708433807, 0.00029539375100284815, 0.0003059515729546547, 0.00031650939490646124]}, "gradients/hidden.1.weight": {"_type": "histogram", "values": [10.0, 10.0, 0.0, 4.0, 6.0, 0.0, 0.0, 0.0, 0.0, 0.0, 4.0, 0.0, 10.0, 0.0, 1.0, 0.0, 0.0, 0.0, 0.0, 0.0, 6.0, 63.0, 57.0, 74.0, 32.0, 10.0, 26.0, 12.0, 0.0, 0.0, 0.0, 0.0, 2.0, 1.0, 0.0, 5.0, 2.0, 0.0, 0.0, 0.0, 0.0, 0.0, 37.0, 224.0, 176.0, 121.0, 2.0, 0.0, 0.0, 0.0, 2.0, 8.0, 8.0, 9.0, 4.0, 4.0, 0.0, 0.0, 1.0, 18.0, 5.0, 21.0, 16.0, 9.0],