{"fitness": 0.9766912077198513, "similarity": 0, "_step": 21, "_runtime": 942, "_timestamp": 1611100770, "Table of best SMILES": {"_type": "table-file", "path": "media/table/Table of best SMILES_20_1322f906.table.json", "sha256": "1322f906b3cf4c374925ed618c0d134d83bc3f93dea1db9c3ec7d11046262fef", "size": 6334, "ncols": 5, "nrows": 20}, "improvement": 3.8013179530115773, "original_score": -2.824626745291726, "new_score": 0.9766912077198513, "improved": true}