{"fitness": 0.17121859063460482, "similarity": 0, "_step": 21, "_runtime": 3591, "_timestamp": 1610803606, "Table of best SMILES": {"_type": "table-file", "path": "media/table/Table of best SMILES_20_bb96531c.table.json", "sha256": "bb96531c8f369db23cebf9d25f1a545948c06fbc3fc55542e2384cc142a6a686", "size": 4749, "ncols": 5, "nrows": 20}, "improvement": 2.2659513209446835, "original_score": -1.7481875844339014, "new_score": 0.517763736510782, "improved": true}