{"fitness": 0.16088343222238435, "similarity": 0, "_step": 21, "_runtime": 1246, "_timestamp": 1610169779, "Table of best SMILES": {"_type": "table-file", "path": "media/table/Table of best SMILES_20_dbf3e8ac.table.json", "sha256": "dbf3e8ac788c9e7ab4145f3534471d71b1a7218d05c3d4ad1809d8c3913c7021", "size": 5412, "ncols": 5, "nrows": 20}, "improvement": 2.9724103988753456, "original_score": -2.8115269666529614, "new_score": 0.16088343222238435, "improved": true}