{"fitness": -1.9103486693252527, "similarity": 0, "_step": 21, "_runtime": 934, "_timestamp": 1610916717, "Table of best SMILES": {"_type": "table-file", "path": "media/table/Table of best SMILES_20_b1622c17.table.json", "sha256": "b1622c17b6fbf6ef884987ffce418a7dce666a898df824fcd73ad187c6405396", "size": 4484, "ncols": 5, "nrows": 20}, "improvement": 1.5207234152873415, "original_score": -3.431072084612594, "new_score": -1.9103486693252527, "improved": true}