{"fitness": -0.8331283969943184, "similarity": 0, "_step": 21, "_runtime": 819, "_timestamp": 1610216579, "Table of best SMILES": {"_type": "table-file", "path": "media/table/Table of best SMILES_20_fb9f6a59.table.json", "sha256": "fb9f6a5955515b69d9e1d9cf1a79fb40467e809ed8533d19e3e20af7972de75f", "size": 3584, "ncols": 5, "nrows": 20}, "improvement": 3.7273096164631045, "original_score": -3.714653022008974, "new_score": 0.012656594454130504, "improved": true}