{"fitness": -1.1584066230888044, "similarity": 0, "_step": 21, "_runtime": 794, "_timestamp": 1610249358, "Table of best SMILES": {"_type": "table-file", "path": "media/table/Table of best SMILES_20_1e427d19.table.json", "sha256": "1e427d19ea8e3daf164c4b71b10c8f8bbeb468993b9c6b7324452f6cc820406f", "size": 5129, "ncols": 5, "nrows": 20}, "improvement": 1.2067989407546333, "original_score": -2.3652055638434377, "new_score": -1.1584066230888044, "improved": true}