{"fitness": -2.1836190145439645, "similarity": 0, "_step": 21, "_runtime": 2569, "_timestamp": 1611103777, "Table of best SMILES": {"_type": "table-file", "path": "media/table/Table of best SMILES_20_8f34ccba.table.json", "sha256": "8f34ccba22130cae812c749e3da51799501ee2dfa00a615b7dabfbb3697c3c03", "size": 4123, "ncols": 5, "nrows": 20}, "improvement": 0.8890621032491288, "original_score": -3.0726811177930933, "new_score": -2.1836190145439645, "improved": true}