{"fitness": 2.0093471505424607, "similarity": 0, "_step": 21, "_runtime": 1068, "_timestamp": 1610996552, "Table of best SMILES": {"_type": "table-file", "path": "media/table/Table of best SMILES_20_1344a32b.table.json", "sha256": "1344a32b732b6731abd602263ccace6349e31515a7c749e6964a1d7be70be7cb", "size": 5631, "ncols": 5, "nrows": 20}, "improvement": 5.429507187409062, "original_score": -3.4201600368666014, "new_score": 2.0093471505424607, "improved": true}