{"fitness": 3.0908199157528395, "similarity": 0, "_step": 21, "_runtime": 900, "_timestamp": 1610860112, "Table of best SMILES": {"_type": "table-file", "path": "media/table/Table of best SMILES_20_ea6c3519.table.json", "sha256": "ea6c3519b330983f68a9d15ba1d0d11459179c54685405b610180f44b9dbe62a", "size": 4489, "ncols": 5, "nrows": 20}, "improvement": 5.067303151889198, "original_score": -1.9764832361363582, "new_score": 3.0908199157528395, "improved": true}