{"fitness": -8.26643905364596, "similarity": 0, "_step": 21, "_runtime": 801, "_timestamp": 1610210809, "Table of best SMILES": {"_type": "table-file", "path": "media/table/Table of best SMILES_20_93069372.table.json", "sha256": "930693721db11be7d61f951eda2c36dfe9be5433755c4865b719ce600ed9492c", "size": 4721, "ncols": 5, "nrows": 20}, "improvement": 2.4008097740551246, "original_score": -9.831578283326778, "new_score": -7.430768509271653, "improved": true}