{"fitness": 0.34690926580640713, "similarity": 0, "_step": 21, "_runtime": 2545, "_timestamp": 1611033715, "Table of best SMILES": {"_type": "table-file", "path": "media/table/Table of best SMILES_20_a2f6abb5.table.json", "sha256": "a2f6abb527e85e459d6aac0f478d255a6988ce6850146d8d30106bc02d13d4a1", "size": 5273, "ncols": 5, "nrows": 20}, "improvement": 1.792175434671234, "original_score": -1.4452661688648267, "new_score": 0.34690926580640713, "improved": true}