{"fitness": 0.25001981118032945, "similarity": 0, "_step": 21, "_runtime": 776, "_timestamp": 1610255601, "Table of best SMILES": {"_type": "table-file", "path": "media/table/Table of best SMILES_20_82f1ac0d.table.json", "sha256": "82f1ac0dc7148a71423549567d36ae014e3d039eea4a93c4c78ffb4fce1651c4", "size": 6798, "ncols": 5, "nrows": 20}, "improvement": 3.1453308267934794, "original_score": -2.89531101561315, "new_score": 0.25001981118032945, "improved": true}