{"fitness": 1.688194353161096, "similarity": 0, "_step": 21, "_runtime": 952, "_timestamp": 1610363691, "Table of best SMILES": {"_type": "table-file", "path": "media/table/Table of best SMILES_20_c0babcd9.table.json", "sha256": "c0babcd921558858bc365f0eeda42498a5163b781f742284c9ac4c7a98221abc", "size": 6413, "ncols": 5, "nrows": 20}, "improvement": 7.888831608225248, "original_score": -6.2006372550641515, "new_score": 1.688194353161096, "improved": true}