{"fitness": -8.559000833619272, "similarity": 0, "_step": 21, "_runtime": 2431, "_timestamp": 1610538735, "Table of best SMILES": {"_type": "table-file", "path": "media/table/Table of best SMILES_20_b7e58871.table.json", "sha256": "b7e5887116571bfe7703e2721535fd02fb80d19e935eed0a848fdb9518e01dc1", "size": 4485, "ncols": 5, "nrows": 20}, "improvement": 0.0, "original_score": -8.559000833619272, "new_score": -8.559000833619272, "improved": false}