{"fitness": 2.717608943256705, "similarity": 0, "_step": 21, "_runtime": 756, "_timestamp": 1611031038, "Table of best SMILES": {"_type": "table-file", "path": "media/table/Table of best SMILES_20_a34ccd27.table.json", "sha256": "a34ccd2774233b7d048265eb4a771e7d4b483f24661aa77ae3a801b50d68334e", "size": 7036, "ncols": 5, "nrows": 20}, "improvement": 4.2969987196110315, "original_score": -1.5793897763543263, "new_score": 2.717608943256705, "improved": true}