{"fitness": -999996.4551296879, "similarity": -1000000, "_step": 21, "_runtime": 817, "_timestamp": 1610372317, "Table of best SMILES": {"_type": "table-file", "path": "media/table/Table of best SMILES_20_7591421c.table.json", "sha256": "7591421c5dad3addf1b7b1c159317f751e61d441bf851ff74d27c7df4467f02e", "size": 4690, "ncols": 5, "nrows": 20}, "improvement": 9.199325110646896, "original_score": -1000005.6544547986, "new_score": -999996.4551296879, "improved": true}