{"fitness": -1.8462628898885145, "similarity": 0, "_step": 21, "_runtime": 821, "_timestamp": 1610386615, "Table of best SMILES": {"_type": "table-file", "path": "media/table/Table of best SMILES_20_3c60da3e.table.json", "sha256": "3c60da3e224cf64accda15a29ebb18c89797915a85ed4f978d5f7decd33a0956", "size": 5870, "ncols": 5, "nrows": 20}, "improvement": 0.8796298683044219, "original_score": -2.7258927581929364, "new_score": -1.8462628898885145, "improved": true}