{"fitness": -2.089046881528853, "similarity": 0, "_step": 21, "_runtime": 1007, "_timestamp": 1610400405, "Table of best SMILES": {"_type": "table-file", "path": "media/table/Table of best SMILES_20_77c1ca4f.table.json", "sha256": "77c1ca4ffd48d3e578f7fc16213113001e1bc63a29ace9dfba3d860ffc1189dc", "size": 4757, "ncols": 5, "nrows": 20}, "improvement": 0.8714193934743162, "original_score": -2.9604662750031694, "new_score": -2.089046881528853, "improved": true}