{"fitness": 3.454383757374121, "similarity": 0, "_step": 21, "_runtime": 1060, "_timestamp": 1610986930, "Table of best SMILES": {"_type": "table-file", "path": "media/table/Table of best SMILES_20_2def7efd.table.json", "sha256": "2def7efd613184f81ba678901041e10072ad5b9e092c0a95208044d8fe203003", "size": 6924, "ncols": 5, "nrows": 20}, "improvement": 5.720733989688053, "original_score": -2.266350232313932, "new_score": 3.454383757374121, "improved": true}