{"fitness": 4.920936557227751, "similarity": 0, "_step": 21, "_runtime": 995, "_timestamp": 1610953295, "Table of best SMILES": {"_type": "table-file", "path": "media/table/Table of best SMILES_20_36d9d9aa.table.json", "sha256": "36d9d9aa7e67ab7b8b37daf8e9ff89b3afb3ae794731139c2db2fc0804e23d21", "size": 7172, "ncols": 5, "nrows": 20}, "improvement": 7.417242970271774, "original_score": -2.2073758644669828, "new_score": 5.209867105804792, "improved": true}