{"fitness": 0.4965869185468539, "similarity": 0, "_step": 21, "_runtime": 981, "_timestamp": 1610956260, "Table of best SMILES": {"_type": "table-file", "path": "media/table/Table of best SMILES_20_fba39576.table.json", "sha256": "fba39576ddbc38235ba4300d0990f0985743e690d4911febaae5910092d2e41b", "size": 3498, "ncols": 5, "nrows": 20}, "improvement": 3.235954234115961, "original_score": -2.739367315569107, "new_score": 0.4965869185468539, "improved": true}