{"fitness": 2.4061329360237953, "similarity": 0, "_step": 21, "_runtime": 937, "_timestamp": 1610930893, "Table of best SMILES": {"_type": "table-file", "path": "media/table/Table of best SMILES_20_09b50d71.table.json", "sha256": "09b50d716ca4f40c4db8f2723f5cefe91c814c605e4a910d22aa86e37b4340a9", "size": 5211, "ncols": 5, "nrows": 20}, "improvement": 3.247204016918065, "original_score": -0.8410710808942696, "new_score": 2.4061329360237953, "improved": true}