{"fitness": -3.7816422347451106, "similarity": 0, "_step": 21, "_runtime": 784, "_timestamp": 1610240256, "Table of best SMILES": {"_type": "table-file", "path": "media/table/Table of best SMILES_20_cf9fe8ff.table.json", "sha256": "cf9fe8ffd60c26e8eea41e8bc5752d99f708dc9dfc863a791d9367424b3795f8", "size": 4599, "ncols": 5, "nrows": 20}, "improvement": 0.6906878257588445, "original_score": -4.472330060503955, "new_score": -3.7816422347451106, "improved": true}