{"fitness": -999996.398972072, "similarity": -1000000, "_step": 21, "_runtime": 3232, "_timestamp": 1610688840, "Table of best SMILES": {"_type": "table-file", "path": "media/table/Table of best SMILES_20_7d7b6526.table.json", "sha256": "7d7b652645e8dc6c6d530d787ac8f45bba85d12af6878b767d4a4029c25e59db", "size": 6538, "ncols": 5, "nrows": 20}, "improvement": 8.327527313493192, "original_score": -1000004.7264993855, "new_score": -999996.398972072, "improved": true}