{"fitness": -999997.3233943715, "similarity": -1000000, "_step": 21, "_runtime": 420, "_timestamp": 1610299987, "Table of best SMILES": {"_type": "table-file", "path": "media/table/Table of best SMILES_20_90e1db2b.table.json", "sha256": "90e1db2bca11e766884219cc86ae9c82a1ff2bc7fbc044b86147ee7395ae51ee", "size": 5545, "ncols": 5, "nrows": 20}, "improvement": 4.725252446136437, "original_score": -1000002.0486468177, "new_score": -999997.3233943715, "improved": true}