{"fitness": 1.8024316337060542, "similarity": 0, "_step": 21, "_runtime": 1015, "_timestamp": 1610418535, "Table of best SMILES": {"_type": "table-file", "path": "media/table/Table of best SMILES_20_1c9f2a04.table.json", "sha256": "1c9f2a04e94c0f28aba002bba62b9ac6bf45e2ce71657e8defa3ffad0452343d", "size": 5876, "ncols": 5, "nrows": 20}, "improvement": 3.1992178686844017, "original_score": -1.3967862349783475, "new_score": 1.8024316337060542, "improved": true}