{"fitness": -3.263486507247505, "similarity": 0, "_step": 21, "_runtime": 3521, "_timestamp": 1610792878, "Table of best SMILES": {"_type": "table-file", "path": "media/table/Table of best SMILES_20_3a06eb2c.table.json", "sha256": "3a06eb2caa63a85230137b9cdafc2fbee285b59532b09152ad5435b5b71d31a2", "size": 5188, "ncols": 5, "nrows": 20}, "improvement": 1.0649862622665145, "original_score": -3.983675513848611, "new_score": -2.9186892515820966, "improved": true}