{"fitness": -999995.5922420359, "similarity": -1000000, "_step": 21, "_runtime": 2508, "_timestamp": 1611068116, "Table of best SMILES": {"_type": "table-file", "path": "media/table/Table of best SMILES_20_201fff37.table.json", "sha256": "201fff37b9520e74aeaddb08cccdeb3288cd59210db4592590da6e4e06dd5472", "size": 10649, "ncols": 5, "nrows": 20}, "improvement": 6.7794089345261455, "original_score": -1000002.3716509704, "new_score": -999995.5922420359, "improved": true}