{"fitness": 0.15915247611880837, "similarity": 0, "_step": 21, "_runtime": 770, "_timestamp": 1610298783, "Table of best SMILES": {"_type": "table-file", "path": "media/table/Table of best SMILES_20_55da8c1a.table.json", "sha256": "55da8c1ad438891e5663e0ca893bc6da131307839dbd559103d5c928a9f50cd3", "size": 6511, "ncols": 5, "nrows": 20}, "improvement": 2.0079587295227843, "original_score": -1.848806253403976, "new_score": 0.15915247611880837, "improved": true}