{"fitness": -999996.7746199635, "similarity": -1000000, "_step": 21, "_runtime": 4646, "_timestamp": 1610998202, "Table of best SMILES": {"_type": "table-file", "path": "media/table/Table of best SMILES_20_741e8d19.table.json", "sha256": "741e8d196c8fda62e7c97d74c1bb7b0af368325b830e94bba8b2e26f21b9a887", "size": 5292, "ncols": 5, "nrows": 20}, "improvement": 9.327415589126758, "original_score": -1000006.1020355526, "new_score": -999996.7746199635, "improved": true}