{"fitness": -999993.5881130389, "similarity": -1000000, "_step": 21, "_runtime": 786, "_timestamp": 1610356929, "Table of best SMILES": {"_type": "table-file", "path": "media/table/Table of best SMILES_20_566289cf.table.json", "sha256": "566289cf387cbcce139a27dbd9cca79f0ab0c3792403284641493be297b99f54", "size": 7432, "ncols": 5, "nrows": 20}, "improvement": 8.362084749503992, "original_score": -1000001.9501977884, "new_score": -999993.5881130389, "improved": true}