{"fitness": -3.961623298698649, "similarity": 0, "_step": 21, "_runtime": 1219, "_timestamp": 1610142215, "Table of best SMILES": {"_type": "table-file", "path": "media/table/Table of best SMILES_20_39e5d265.table.json", "sha256": "39e5d265038a02631afa48d8aba04fa0c42d5e669f91f66b6efe988239a8be5c", "size": 5581, "ncols": 5, "nrows": 20}, "improvement": 3.5568099753535507, "original_score": -7.5184332740521995, "new_score": -3.961623298698649, "improved": true}