{"fitness": -0.21122453219347168, "similarity": 0, "_step": 21, "_runtime": 1258, "_timestamp": 1610177484, "Table of best SMILES": {"_type": "table-file", "path": "media/table/Table of best SMILES_20_8796b7ee.table.json", "sha256": "8796b7ee17f2e8cb49cc67d5267293d65c12f693cb925e3dec4b28b10b30785d", "size": 4604, "ncols": 5, "nrows": 20}, "improvement": 0.6401693408894827, "original_score": -0.8513938730829544, "new_score": -0.21122453219347168, "improved": true}