{"fitness": 1.975874334547359, "similarity": 0, "_step": 21, "_runtime": 2613, "_timestamp": 1611116772, "Table of best SMILES": {"_type": "table-file", "path": "media/table/Table of best SMILES_20_fe5f04b4.table.json", "sha256": "fe5f04b42a9ecb42aab4b88698902b5d303acdd3990bdac185a49dbb0d4dd93d", "size": 4061, "ncols": 5, "nrows": 20}, "improvement": 4.0104428603029465, "original_score": -2.0345685257555877, "new_score": 1.975874334547359, "improved": true}