{"fitness": -0.9397787926119421, "similarity": 0, "_step": 21, "_runtime": 755, "_timestamp": 1610290233, "Table of best SMILES": {"_type": "table-file", "path": "media/table/Table of best SMILES_20_9f6f02a4.table.json", "sha256": "9f6f02a46616719626d09c62055e72d16f054f5bc0696291ceb9697c13d505c7", "size": 6441, "ncols": 5, "nrows": 20}, "improvement": 0.9367269457046294, "original_score": -1.8765057383165715, "new_score": -0.9397787926119421, "improved": true}