{"fitness": 1.0296457483359627, "similarity": 0, "_step": 21, "_runtime": 773, "_timestamp": 1610357705, "Table of best SMILES": {"_type": "table-file", "path": "media/table/Table of best SMILES_20_41b4f3c0.table.json", "sha256": "41b4f3c0b81ae53e357f41926ffb7607b3a004e15ba3eb4c17d8c28e2a2df615", "size": 5005, "ncols": 5, "nrows": 20}, "improvement": 3.1388273957530757, "original_score": -2.109181647417113, "new_score": 1.0296457483359627, "improved": true}