{"fitness": -4.566428608534698, "similarity": 0, "_step": 21, "_runtime": 754, "_timestamp": 1610282502, "Table of best SMILES": {"_type": "table-file", "path": "media/table/Table of best SMILES_20_f5319738.table.json", "sha256": "f53197386505c497950d505bc56d391649a4269e6ca5e6d94d4a64d90298bd28", "size": 3480, "ncols": 5, "nrows": 20}, "improvement": 0.0, "original_score": -4.566428608534698, "new_score": -4.566428608534698, "improved": false}