{"fitness": -999997.7343510252, "similarity": -1000000, "_step": 21, "_runtime": 336, "_timestamp": 1610266926, "Table of best SMILES": {"_type": "table-file", "path": "media/table/Table of best SMILES_20_98fcadf6.table.json", "sha256": "98fcadf63c6aa70b8f48d2966c2a7d3fabc30919d90b8aac94061d7c414427e6", "size": 4913, "ncols": 5, "nrows": 20}, "improvement": 3.9303901394596323, "original_score": -1000001.6647411647, "new_score": -999997.7343510252, "improved": true}