{"fitness": -0.8152701853949483, "similarity": 0, "_step": 21, "_runtime": 2214, "_timestamp": 1610494864, "Table of best SMILES": {"_type": "table-file", "path": "media/table/Table of best SMILES_20_e5cd94bc.table.json", "sha256": "e5cd94bc11fe1791f8301c5cd54d2c12fbf7adb3612b56283273fd07c86a92c3", "size": 4868, "ncols": 5, "nrows": 20}, "improvement": 0.8642141558399522, "original_score": -1.6794843412349005, "new_score": -0.8152701853949483, "improved": true}