{"fitness": 1.767932198784517, "similarity": 0, "_step": 21, "_runtime": 821, "_timestamp": 1610218901, "Table of best SMILES": {"_type": "table-file", "path": "media/table/Table of best SMILES_20_2e71cf25.table.json", "sha256": "2e71cf25b86ade9db91c3fd6a036318ea96ad81f079bf7678a998aa6350f9a5b", "size": 4685, "ncols": 5, "nrows": 20}, "improvement": 3.3712617912952343, "original_score": -1.6033295925107176, "new_score": 1.767932198784517, "improved": true}