{"fitness": -999994.5423108325, "similarity": -1000000, "_step": 21, "_runtime": 822, "_timestamp": 1610229953, "Table of best SMILES": {"_type": "table-file", "path": "media/table/Table of best SMILES_20_70927636.table.json", "sha256": "70927636b638481965d5d9d77052e7fcc3f6668e4ac2f6eeec13a2d8743d88df", "size": 8692, "ncols": 5, "nrows": 20}, "improvement": 8.557007745141163, "original_score": -1000003.0993185777, "new_score": -999994.5423108325, "improved": true}