{"fitness": -3.293365029526157, "similarity": 0, "_step": 21, "_runtime": 802, "_timestamp": 1610211614, "Table of best SMILES": {"_type": "table-file", "path": "media/table/Table of best SMILES_20_3a58ae96.table.json", "sha256": "3a58ae96e1f91e824d16615b44152da5be0065f3a939b66a9e8065991abb2644", "size": 4312, "ncols": 5, "nrows": 20}, "improvement": 1.0952482436314401, "original_score": -4.388613273157597, "new_score": -3.293365029526157, "improved": true}