{"fitness": 0.0191130732798315, "similarity": 0, "_step": 21, "_runtime": 881, "_timestamp": 1610909198, "Table of best SMILES": {"_type": "table-file", "path": "media/table/Table of best SMILES_20_187a1966.table.json", "sha256": "187a1966af9701aaa709a0f91a341a566297f8a940ae7cb42b8f28bfc591d737", "size": 4610, "ncols": 5, "nrows": 20}, "improvement": 7.079038495544248, "original_score": -6.862896996147059, "new_score": 0.21614149939718888, "improved": true}