{"fitness": -1.3687775376904445, "similarity": 0, "_step": 21, "_runtime": 792, "_timestamp": 1610264276, "Table of best SMILES": {"_type": "table-file", "path": "media/table/Table of best SMILES_20_a6299df1.table.json", "sha256": "a6299df1c9b3516f948ebfa014b8749230ba1737f89f6a51547f4b640ea0d4a3", "size": 7565, "ncols": 5, "nrows": 20}, "improvement": 0.7388907099859734, "original_score": -2.107668247676418, "new_score": -1.3687775376904445, "improved": true}