{"fitness": 0.053312155547435736, "similarity": 0, "_step": 21, "_runtime": 1072, "_timestamp": 1611130406, "Table of best SMILES": {"_type": "table-file", "path": "media/table/Table of best SMILES_20_c65f773f.table.json", "sha256": "c65f773ff8e1e1d4ce17fa4030dae739c6dde3160d883754b61e82b42379e59e", "size": 5555, "ncols": 5, "nrows": 20}, "improvement": 3.990784002366955, "original_score": -3.9374718468195193, "new_score": 0.053312155547435736, "improved": true}