{"fitness": 1.2063699865125543, "similarity": 0, "_step": 21, "_runtime": 816, "_timestamp": 1610221503, "Table of best SMILES": {"_type": "table-file", "path": "media/table/Table of best SMILES_20_fb7e52fb.table.json", "sha256": "fb7e52fbeb027889a13c584692aefa9200ee1b642743b9fcebd2b21554fc9d03", "size": 4400, "ncols": 5, "nrows": 20}, "improvement": 1.8646522513509263, "original_score": -0.5967216481361597, "new_score": 1.2679306032147666, "improved": true}