{"fitness": -999995.0749566435, "similarity": -1000000, "_step": 21, "_runtime": 1180, "_timestamp": 1610154575, "Table of best SMILES": {"_type": "table-file", "path": "media/table/Table of best SMILES_20_fd5b7f97.table.json", "sha256": "fd5b7f9737539e0a8c05a287f351841cb2372f4508347de69311bd9415929323", "size": 5893, "ncols": 5, "nrows": 20}, "improvement": 10.094461887609214, "original_score": -1000005.1694185311, "new_score": -999995.0749566435, "improved": true}