{"fitness": 2.6770750044906273, "similarity": 0, "_step": 21, "_runtime": 923, "_timestamp": 1610919533, "Table of best SMILES": {"_type": "table-file", "path": "media/table/Table of best SMILES_20_5d39e0b4.table.json", "sha256": "5d39e0b40edaf64ae48483fb3a47b47a7ae2e557cbeb6223ff2a80ab12b204ae", "size": 4261, "ncols": 5, "nrows": 20}, "improvement": 4.682588551759253, "original_score": -2.005513547268626, "new_score": 2.6770750044906273, "improved": true}