{"fitness": 1.5787331342083273, "similarity": 0, "_step": 21, "_runtime": 2366, "_timestamp": 1610521893, "Table of best SMILES": {"_type": "table-file", "path": "media/table/Table of best SMILES_20_e40e61cf.table.json", "sha256": "e40e61cf34ef4c477a42e9191abbdde1bfbc9293c3395a4345fff31f2eb808fe", "size": 5986, "ncols": 5, "nrows": 20}, "improvement": 3.3727070316113386, "original_score": -1.793973897403011, "new_score": 1.5787331342083273, "improved": true}