{"fitness": 2.3980751135440754, "similarity": 0, "_step": 21, "_runtime": 918, "_timestamp": 1610933750, "Table of best SMILES": {"_type": "table-file", "path": "media/table/Table of best SMILES_20_54e5a9ce.table.json", "sha256": "54e5a9ce596786910ee282c9a124b4902b77fb855174256856d4f7df46bb06c7", "size": 3328, "ncols": 5, "nrows": 20}, "improvement": 4.118243426450928, "original_score": -1.649179767813578, "new_score": 2.46906365863735, "improved": true}