{"fitness": 2.323510669253513, "similarity": 0, "_step": 21, "_runtime": 1002, "_timestamp": 1610985866, "Table of best SMILES": {"_type": "table-file", "path": "media/table/Table of best SMILES_20_3a635cd8.table.json", "sha256": "3a635cd8a6efbc1cea41bf81b4058f79eb10cbd5fd3229a9973afcbe00898d80", "size": 6247, "ncols": 5, "nrows": 20}, "improvement": 8.879606656281293, "original_score": -6.556095987027781, "new_score": 2.323510669253513, "improved": true}