{"fitness": 2.530193592429283, "similarity": 0, "_step": 21, "_runtime": 913, "_timestamp": 1610914849, "Table of best SMILES": {"_type": "table-file", "path": "media/table/Table of best SMILES_20_c894ed27.table.json", "sha256": "c894ed274d62c2ec17a4691a6d1b6e7763f31c648232725bebf1b546d580eef0", "size": 4061, "ncols": 5, "nrows": 20}, "improvement": 4.178846343643715, "original_score": -1.6486527512144324, "new_score": 2.530193592429283, "improved": true}