{"fitness": 0.21512365217099808, "similarity": 0, "_step": 21, "_runtime": 820, "_timestamp": 1610206564, "Table of best SMILES": {"_type": "table-file", "path": "media/table/Table of best SMILES_20_38af7420.table.json", "sha256": "38af7420702e5e1006ade6420b2715b5dd40cdb9768b8774a339bb049a56ff16", "size": 7332, "ncols": 5, "nrows": 20}, "improvement": 2.9401221816698158, "original_score": -2.107668247676418, "new_score": 0.8324539339933976, "improved": true}