{"fitness": -1.626360560615187, "similarity": 0, "_step": 21, "_runtime": 754, "_timestamp": 1610349062, "Table of best SMILES": {"_type": "table-file", "path": "media/table/Table of best SMILES_20_baff4193.table.json", "sha256": "baff4193c78a1a1508399c96a3ab8a4fe5038b23ce87d75cb4d727b2452e8fd7", "size": 3862, "ncols": 5, "nrows": 20}, "improvement": 0.7984265860705329, "original_score": -2.42478714668572, "new_score": -1.626360560615187, "improved": true}