{"fitness": -0.5820504743655093, "similarity": 0, "_step": 21, "_runtime": 778, "_timestamp": 1610291802, "Table of best SMILES": {"_type": "table-file", "path": "media/table/Table of best SMILES_20_d5ba93e6.table.json", "sha256": "d5ba93e66453d55d8e0e8c7886cd16ce098909e2d695048db700137895862d1a", "size": 4672, "ncols": 5, "nrows": 20}, "improvement": 1.0542192691950352, "original_score": -1.6362697435605444, "new_score": -0.5820504743655093, "improved": true}