{"fitness": 1.7283281056166324, "similarity": 0, "_step": 21, "_runtime": 758, "_timestamp": 1611037120, "Table of best SMILES": {"_type": "table-file", "path": "media/table/Table of best SMILES_20_e743ed8a.table.json", "sha256": "e743ed8a7b7859b2d0d97c4d379b89192a4c8ff4a7a58daf1d7d476afd4b2905", "size": 4737, "ncols": 5, "nrows": 20}, "improvement": 3.919725005440845, "original_score": -2.1913968998242126, "new_score": 1.7283281056166324, "improved": true}