{"fitness": 21.021478540579917, "fitness_no_discr": 29.450365154936335, "discriminator": 0.0006381848943419755, "_step": 500, "_runtime": 25878, "_timestamp": 1610058405, "graph_0": {"_type": "graph-file", "path": "media/graph/graph_0_summary_9d36582a.graph.json", "sha256": "9d36582a87c543178d1c9b3a2311e57fc96eb16b8653ef1f4a5f04a7502f2bf0", "size": 723}, "gradients/predict.bias": {"_type": "histogram", "values": [0.0, 0.0, 0.0, 0.0, 0.0, 0.0, 0.0, 0.0, 0.0, 0.0, 0.0, 0.0, 0.0, 0.0, 0.0, 0.0, 0.0, 0.0, 0.0, 0.0, 0.0, 0.0, 0.0, 0.0, 0.0, 0.0, 0.0, 0.0, 0.0, 0.0, 0.0, 1.0, 0.0, 0.0, 0.0, 0.0, 0.0, 0.0, 0.0, 0.0, 0.0, 0.0, 0.0, 0.0, 0.0, 0.0, 0.0, 0.0, 0.0, 0.0, 0.0, 0.0, 0.0, 0.0, 0.0, 0.0, 0.0, 0.0, 0.0, 0.0, 0.0, 0.0, 0.0, 0.0], "bins": [-0.0003122634661849588, -0.0003122634661849588, -0.0003122634661849588, -0.0003122634661849588, -0.0003122634661849588, -0.0003122634661849588, -0.0003122634661849588, -0.0003122634661849588, -0.0003122634661849588, -0.0003122634661849588, -0.0003122634661849588, -0.0003122634661849588, -0.0003122634661849588, -0.0003122634661849588, -0.0003122634661849588, -0.0003122634661849588, -0.0003122634661849588, -0.0003122634661849588, -0.0003122634661849588, -0.0003122634661849588, -0.0003122634661849588, -0.0003122634661849588, -0.0003122634661849588, -0.0003122634661849588, -0.0003122634661849588, -0.0003122634661849588, -0.0003122634661849588, -0.0003122634661849588, -0.0003122634661849588, -0.0003122634661849588, -0.0003122634661849588, -0.0003122634661849588, -0.0003122634661849588, -0.0003122634661849588, -0.0003122634661849588, -0.0003122634661849588, -0.0003122634661849588, -0.0003122634661849588, -0.0003122634661849588, -0.0003122634661849588, -0.0003122634661849588, -0.0003122634661849588, -0.0003122634661849588, -0.0003122634661849588, -0.0003122634661849588, -0.0003122634661849588, -0.0003122634661849588, -0.0003122634661849588, -0.0003122634661849588, -0.0003122634661849588, -0.0003122634661849588, -0.0003122634661849588, -0.0003122634661849588, -0.0003122634661849588, -0.0003122634661849588, -0.0003122634661849588, -0.0003122634661849588, -0.0003122634661849588, -0.0003122634661849588, -0.0003122634661849588, -0.0003122634661849588, -0.0003122634661849588, -0.0003122634661849588, -0.0003122634661849588, -0.0003122634661849588]}, "gradients/predict.weight": {"_type": "histogram", "values": [3.0, 0.0, 0.0, 0.0, 0.0, 0.0, 0.0, 0.0, 0.0, 0.0, 0.0, 0.0, 0.0, 0.0, 0.0, 0.0, 0.0, 0.0, 0.0, 0.0, 0.0, 0.0, 0.0, 0.0, 0.0, 0.0, 0.0, 0.0, 0.0, 0.0, 0.0, 0.0, 0.0, 0.0, 0.0, 0.0, 0.0, 0.0, 0.0, 0.0, 0.0, 0.0, 0.0, 0.0, 0.0, 0.0, 0.0, 0.0, 0.0, 0.0, 0.0, 0.0, 0.0, 0.0, 0.0, 0.0, 0.0, 0.0, 0.0, 0.0, 0.0, 0.0, 0.0, 7.0], "bins": [-0.0009001598227769136, -0.000877149635925889, -0.0008541394490748644, -0.0008311292622238398, -0.0008081190753728151, -0.0007851088885217905, -0.0007620987016707659, -0.0007390884566120803, -0.0007160782697610557, -0.0006930680829100311, -0.0006700578960590065, -0.0006470477092079818, -0.0006240375223569572, -0.0006010273355059326, -0.000578017090447247, -0.0005550069035962224, -0.0005319967167451978, -0.0005089865298941731, -0.000485976372146979, -0.0004629661561921239, -0.00043995596934109926, -0.00041694578249007463, -0.00039393559563905, -0.0003709254087880254, -0.00034791522193700075, -0.0003249050350859761, -0.0003018948482349515, -0.00027888460317626595, -0.00025587441632524133, -0.0002328642294742167, -0.00020985404262319207, -0.00018684385577216744, -0.00016383366892114282, -0.0001408234820701182, -0.00011781329521909356, -9.480310836806893e-05, -7.17929215170443e-05, -4.878273466601968e-05, -2.5772489607334137e-05, -2.7623027563095093e-06, 2.024788409471512e-05, 4.3258070945739746e-05, 6.626825779676437e-05, 8.9278444647789e-05, 0.00011228863149881363, 0.00013529881834983826, 0.00015830900520086288, 0.0001813191920518875, 0.00020432937890291214, 0.00022733956575393677, 0.0002503497526049614, 0.000273359939455986, 0.00029637012630701065, 0.0003193803131580353, 0.00034239061642438173, 0.00036540080327540636, 0.000388410990126431, 0.0004114211769774556, 0.00043443136382848024, 0.00045744155067950487, 0.0004804517375305295, 0.0005034619243815541, 0.0005264721112325788, 0.0005494822980836034, 0.000572492484934628]}, "gradients/hidden.1.bias": {"_type": "histogram", "values": [3.0, 2.0, 1.0, 0.0, 1.0, 0.0, 0.0, 0.0, 0.0, 0.0, 0.0, 0.0, 0.0, 0.0, 0.0, 0.0, 0.0, 0.0, 0.0, 0.0, 0.0, 0.0, 0.0, 0.0, 0.0, 0.0, 0.0, 0.0, 0.0, 0.0, 0.0, 0.0, 0.0, 0.0, 0.0, 0.0, 0.0, 0.0, 0.0, 0.0, 0.0, 0.0, 0.0, 0.0, 0.0, 0.0, 0.0, 0.0, 0.0, 0.0, 0.0, 0.0, 0.0, 0.0, 0.0, 0.0, 0.0, 0.0, 0.0, 0.0, 1.0, 0.0, 0.0, 2.0], "bins": [-7.519795326516032e-05, -7.263185398187488e-05, -7.006575469858944e-05, -6.7499655415304e-05, -6.493355613201857e-05, -6.236745684873313e-05, -5.980135392746888e-05, -5.723525464418344e-05, -5.4669155360898e-05, -5.2103056077612564e-05, -4.9536956794327125e-05, -4.697085387306288e-05, -4.440475458977744e-05, -4.1838655306492e-05, -3.927255602320656e-05, -3.670645673992112e-05, -3.4140357456635684e-05, -3.1574258173350245e-05, -2.9008158890064806e-05, -2.6442059606779367e-05, -2.3875960323493928e-05, -2.130985740222968e-05, -1.8743758118944243e-05, -1.6177658835658804e-05, -1.3611555914394557e-05, -1.1045456631109118e-05, -8.47935734782368e-06, -5.9132580645382404e-06, -3.3471587812528014e-06, -7.810594979673624e-07, 1.7850397853180766e-06, 4.351139068603516e-06, 6.917238351888955e-06, 9.483337635174394e-06, 1.2049436918459833e-05, 1.4615536201745272e-05, 1.718163548503071e-05, 1.974773476831615e-05, 2.231383405160159e-05, 2.4879933334887028e-05, 2.7446032618172467e-05, 3.001213917741552e-05, 3.257823846070096e-05, 3.51443377439864e-05, 3.771043702727184e-05, 4.0276536310557276e-05, 4.2842635593842715e-05, 4.5408734877128154e-05, 4.797484143637121e-05, 5.0540940719656646e-05, 5.3107040002942085e-05, 5.5673139286227524e-05, 5.823923856951296e-05, 6.08053378527984e-05, 6.337143713608384e-05, 6.593753641936928e-05, 6.850363570265472e-05, 7.106973498594016e-05, 7.36358342692256e-05, 7.620193355251104e-05, 7.876803283579648e-05, 8.133413211908191e-05, 8.390023140236735e-05, 8.646633068565279e-05, 8.903242996893823e-05]}, "gradients/hidden.1.weight": {"_type": "histogram", "values": [4.0, 2.0, 3.0, 3.0, 0.0, 2.0, 0.0, 0.0, 0.0, 0.0, 9.0, 48.0, 138.0, 83.0, 35.0, 2.0, 0.0, 0.0, 6.0, 61.0, 150.0, 65.0, 14.0, 23.0, 14.0, 19.0, 10.0, 9.0, 0.0, 0.0, 0.0, 0.0, 0.0, 5.0, 3.0, 6.0, 4.0, 9.0, 7.0, 6.0, 35.0, 49.0, 31.0, 4.0, 0.0, 0.0, 0.0, 7.0, 32.0, 35.0, 53.0, 5.0, 3.0, 0.0, 0.0, 0.0, 0.0, 0.0, 0.0, 2.0, 0.0, 0.0, 1.0, 3.0],