{"fitness": -3.9678415718223747, "similarity": 0, "_step": 21, "_runtime": 1162, "_timestamp": 1610131404, "Table of best SMILES": {"_type": "table-file", "path": "media/table/Table of best SMILES_20_e5dd78af.table.json", "sha256": "e5dd78af49cf24f83ed5f50a5ee0f51a41c98d2d75183813a74761c0c93669dd", "size": 7021, "ncols": 5, "nrows": 20}, "improvement": 0.20929850704356978, "original_score": -4.1771400788659445, "new_score": -3.9678415718223747, "improved": true}