{"fitness": -2.542405957370892, "similarity": 0, "_step": 21, "_runtime": 800, "_timestamp": 1610245055, "Table of best SMILES": {"_type": "table-file", "path": "media/table/Table of best SMILES_20_5b279372.table.json", "sha256": "5b2793727d39300a0d26b36855632b7db948e7a836fb7e3a923bd4b5f17e15f4", "size": 5795, "ncols": 5, "nrows": 20}, "improvement": 0.782710403642815, "original_score": -3.325116361013707, "new_score": -2.542405957370892, "improved": true}