{"fitness": 0.7252231416615162, "similarity": 0, "_step": 21, "_runtime": 753, "_timestamp": 1610289475, "Table of best SMILES": {"_type": "table-file", "path": "media/table/Table of best SMILES_20_e2951768.table.json", "sha256": "e2951768388ff0166649adea4f78ae08e3948b6c5db3dbf905de800ff46feadd", "size": 3685, "ncols": 5, "nrows": 20}, "improvement": 3.689788811587838, "original_score": -2.9645656699263214, "new_score": 0.7252231416615162, "improved": true}