{"fitness": 3.7891870209248855, "similarity": 0, "_step": 21, "_runtime": 901, "_timestamp": 1611092394, "Table of best SMILES": {"_type": "table-file", "path": "media/table/Table of best SMILES_20_3e6d7c9d.table.json", "sha256": "3e6d7c9dfab72c909375bc85afbf49a1583efe5f85c69468fd4894a5f6692c09", "size": 4809, "ncols": 5, "nrows": 20}, "improvement": 6.272918347195686, "original_score": -2.483731326270801, "new_score": 3.7891870209248855, "improved": true}