{"fitness": -0.964503719815704, "similarity": 0, "_step": 21, "_runtime": 3668, "_timestamp": 1610854610, "Table of best SMILES": {"_type": "table-file", "path": "media/table/Table of best SMILES_20_5c9ae920.table.json", "sha256": "5c9ae920247574d1548337f70d66475b4abcac584a18405e40c115f8bdc6b153", "size": 5533, "ncols": 5, "nrows": 20}, "improvement": 0.8139921952919309, "original_score": -1.778495915107635, "new_score": -0.964503719815704, "improved": true}