{"fitness": -2.6907507868226936, "similarity": 0, "_step": 21, "_runtime": 2225, "_timestamp": 1610479602, "Table of best SMILES": {"_type": "table-file", "path": "media/table/Table of best SMILES_20_f750d88b.table.json", "sha256": "f750d88b1163ef5f1bae85d3bbb315a2aabbc47525e39825038611276b01e1bd", "size": 4511, "ncols": 5, "nrows": 20}, "improvement": 3.5212675679411243, "original_score": -6.212018354763818, "new_score": -2.6907507868226936, "improved": true}