{"fitness": -2.8395109731824726, "similarity": 0, "_step": 21, "_runtime": 2631, "_timestamp": 1611083350, "Table of best SMILES": {"_type": "table-file", "path": "media/table/Table of best SMILES_20_1e5da69c.table.json", "sha256": "1e5da69cbd705e60f1d4c81db9d6a9c1bd01b11222fe5276300144182bc91cda", "size": 8865, "ncols": 5, "nrows": 20}, "improvement": 0.0, "original_score": -2.8395109731824726, "new_score": -2.8395109731824726, "improved": false}