{"fitness": -2.986895138835821, "similarity": 0, "_step": 21, "_runtime": 2346, "_timestamp": 1611021684, "Table of best SMILES": {"_type": "table-file", "path": "media/table/Table of best SMILES_20_500748a2.table.json", "sha256": "500748a284554cf9218aa30a01969caf439c8e997c80585e124e5ebe30e54a71", "size": 6173, "ncols": 5, "nrows": 20}, "improvement": 1.001897859215899, "original_score": -3.98879299805172, "new_score": -2.986895138835821, "improved": true}