{"fitness": 2.1722502882533172, "similarity": 0, "_step": 21, "_runtime": 757, "_timestamp": 1611043848, "Table of best SMILES": {"_type": "table-file", "path": "media/table/Table of best SMILES_20_856282f4.table.json", "sha256": "856282f4f0f654bb64dfeda2514974dcc6ac0992aa4f60e14ccae288f00470d7", "size": 5504, "ncols": 5, "nrows": 20}, "improvement": 4.020730243135594, "original_score": -1.8484799548822768, "new_score": 2.1722502882533172, "improved": true}