{"fitness": 0.2522546773767036, "similarity": 0, "_step": 21, "_runtime": 4426, "_timestamp": 1610939750, "Table of best SMILES": {"_type": "table-file", "path": "media/table/Table of best SMILES_20_1c43a9c3.table.json", "sha256": "1c43a9c32b3446373bb09681f4e041b7c7d789932114aacf490750b8eba762ec", "size": 5575, "ncols": 5, "nrows": 20}, "improvement": 1.3799784340612369, "original_score": -1.0735970816424298, "new_score": 0.30638135241880704, "improved": true}