{"fitness": 0.9263984901461577, "similarity": 0, "_step": 21, "_runtime": 3599, "_timestamp": 1611157081, "Table of best SMILES": {"_type": "table-file", "path": "media/table/Table of best SMILES_20_59ceca37.table.json", "sha256": "59ceca37835922695ac40009e5af2b9df39cdd78694c48fe07e302c8c361a6f6", "size": 6093, "ncols": 5, "nrows": 20}, "improvement": 4.582170167121447, "original_score": -3.655771676975289, "new_score": 0.9263984901461577, "improved": true}