{"fitness": 5.706510550350609, "fitness_no_discr": 8.035651298374448, "_step": 45, "_runtime": 2132, "_timestamp": 1610032357, "graph_0": {"_type": "graph-file", "path": "media/graph/graph_0_summary_9cb883f7.graph.json", "sha256": "9cb883f704a24aae3245fa499be88bcd00ee1f80c8cf43c2058bcbc71a2d889b", "size": 723}}