{"fitness": 3.093311738397406, "similarity": 0, "_step": 21, "_runtime": 977, "_timestamp": 1610940477, "Table of best SMILES": {"_type": "table-file", "path": "media/table/Table of best SMILES_20_214dfe36.table.json", "sha256": "214dfe366313c92d95c0651b704b6b624356e838310203f5218550485eaa54fa", "size": 6644, "ncols": 5, "nrows": 20}, "improvement": 5.405675397665046, "original_score": -2.3123636592676404, "new_score": 3.093311738397406, "improved": true}