{"fitness": -3.6482711436855886, "similarity": 0, "_step": 21, "_runtime": 760, "_timestamp": 1610268473, "Table of best SMILES": {"_type": "table-file", "path": "media/table/Table of best SMILES_20_741f9011.table.json", "sha256": "741f90115d8bc08e7e8d0d025643e3765001c5c91e17c0fac03b895f430d38e2", "size": 4194, "ncols": 5, "nrows": 20}, "improvement": 3.2146258524614706, "original_score": -6.862896996147059, "new_score": -3.6482711436855886, "improved": true}