{"fitness": 0.9369763267102194, "similarity": 0, "_step": 21, "_runtime": 934, "_timestamp": 1610900046, "Table of best SMILES": {"_type": "table-file", "path": "media/table/Table of best SMILES_20_f58e5dc2.table.json", "sha256": "f58e5dc2670d0994e153c3238da2e06fd30db1a3f5d58619412296e5bcd337e0", "size": 6961, "ncols": 5, "nrows": 20}, "improvement": 4.246052908406931, "original_score": -3.309076581696711, "new_score": 0.9369763267102194, "improved": true}