{"fitness": 0.09268957809501735, "similarity": 0, "_step": 21, "_runtime": 4329, "_timestamp": 1610922149, "Table of best SMILES": {"_type": "table-file", "path": "media/table/Table of best SMILES_20_096e938e.table.json", "sha256": "096e938e800ef7856a86f7af18e18a4af5572ca5e462570487dceb13254d1001", "size": 4038, "ncols": 5, "nrows": 20}, "improvement": 0.9768163401456876, "original_score": -0.8841267620506703, "new_score": 0.09268957809501735, "improved": true}