{"fitness": 1.313701889645343, "similarity": 0, "_step": 21, "_runtime": 817, "_timestamp": 1610224306, "Table of best SMILES": {"_type": "table-file", "path": "media/table/Table of best SMILES_20_4f825ccf.table.json", "sha256": "4f825ccf0fc949c3852282b61e36d85f6f35881a75391de29bbf10e0dbe4c0b5", "size": 3646, "ncols": 5, "nrows": 20}, "improvement": 3.829419000480483, "original_score": -2.5157171108351397, "new_score": 1.313701889645343, "improved": true}