{"fitness": -999995.8894854994, "similarity": -1000000, "_step": 21, "_runtime": 3431, "_timestamp": 1610702482, "Table of best SMILES": {"_type": "table-file", "path": "media/table/Table of best SMILES_20_ce3b594f.table.json", "sha256": "ce3b594f1a730d4b3949dfac0c2183e6018fb626490b98f5da19f19521d981a2", "size": 6303, "ncols": 5, "nrows": 20}, "improvement": 6.888625855208375, "original_score": -1000002.7781113546, "new_score": -999995.8894854994, "improved": true}