{"fitness": 1.4860703924416712, "similarity": 0, "_step": 21, "_runtime": 1281, "_timestamp": 1610168576, "Table of best SMILES": {"_type": "table-file", "path": "media/table/Table of best SMILES_20_2a0ddabc.table.json", "sha256": "2a0ddabca5f9a6ec88229a100ffdbade2a28df32cb56da5400e643f541ccd9a5", "size": 5325, "ncols": 5, "nrows": 20}, "improvement": 3.1565967365460685, "original_score": -1.6705263441043974, "new_score": 1.4860703924416712, "improved": true}