{"fitness": 1.840752005535758, "similarity": 0, "_step": 21, "_runtime": 785, "_timestamp": 1610291021, "Table of best SMILES": {"_type": "table-file", "path": "media/table/Table of best SMILES_20_28e21da9.table.json", "sha256": "28e21da9c39727d1bc71e8859841a0ac3b6575b65de9c42d19922dd075e2013c", "size": 5541, "ncols": 5, "nrows": 20}, "improvement": 3.071471659178566, "original_score": -1.2307196536428076, "new_score": 1.840752005535758, "improved": true}