{"fitness": -1.6033295925107176, "similarity": 0, "_step": 21, "_runtime": 775, "_timestamp": 1610275453, "Table of best SMILES": {"_type": "table-file", "path": "media/table/Table of best SMILES_20_cf00c5de.table.json", "sha256": "cf00c5deb8bbe540bf4b21b452cc8bbe8e3452e0b815a7183277c4caafcedd4e", "size": 4806, "ncols": 5, "nrows": 20}, "improvement": 0.0, "original_score": -1.6033295925107176, "new_score": -1.6033295925107176, "improved": false}