{"fitness": 1.8258473232822767, "similarity": 0, "_step": 21, "_runtime": 938, "_timestamp": 1610888850, "Table of best SMILES": {"_type": "table-file", "path": "media/table/Table of best SMILES_20_947496b3.table.json", "sha256": "947496b32f1d2d1696ffbecd49fa910ea25b6143257cae4abc73671e98f4a859", "size": 4581, "ncols": 5, "nrows": 20}, "improvement": 4.0569545965756095, "original_score": -2.0579343169567674, "new_score": 1.9990202796188423, "improved": true}