{"fitness": 0.6840939349834362, "similarity": 0, "_step": 21, "_runtime": 788, "_timestamp": 1611067901, "Table of best SMILES": {"_type": "table-file", "path": "media/table/Table of best SMILES_20_a6b030a6.table.json", "sha256": "a6b030a64487a9ed4f0c7d6ec30393676ea99b75b48aead1c07e43d4262745a6", "size": 7596, "ncols": 5, "nrows": 20}, "improvement": 1.975512523534185, "original_score": -1.291418588550749, "new_score": 0.6840939349834362, "improved": true}