{"fitness": -3.296021969165352, "similarity": 0, "_step": 21, "_runtime": 1039, "_timestamp": 1610997595, "Table of best SMILES": {"_type": "table-file", "path": "media/table/Table of best SMILES_20_f54a2a75.table.json", "sha256": "f54a2a75a0b7ffb759d9132b4a67960e6bca5ccfe1cb52d0139f9830ee1f8bb8", "size": 5101, "ncols": 5, "nrows": 20}, "improvement": 0.0, "original_score": -3.296021969165352, "new_score": -3.296021969165352, "improved": false}