{"fitness": -0.2672448285705895, "similarity": 0, "_step": 21, "_runtime": 859, "_timestamp": 1611081033, "Table of best SMILES": {"_type": "table-file", "path": "media/table/Table of best SMILES_20_e6e1fa98.table.json", "sha256": "e6e1fa9821b4aa0f76bf3256785669faf2ef96439e81005edaf45b5bf11e866c", "size": 6174, "ncols": 5, "nrows": 20}, "improvement": 7.263896857333851, "original_score": -6.745333517392608, "new_score": 0.5185633399412427, "improved": true}