{"fitness": 1.2627802755196764, "similarity": 0, "_step": 21, "_runtime": 2601, "_timestamp": 1610566804, "Table of best SMILES": {"_type": "table-file", "path": "media/table/Table of best SMILES_20_b81d4535.table.json", "sha256": "b81d4535b8f387c40fc1c6551d7d6ebea84eeeb60e22d9258245bf0b6f18dbeb", "size": 4764, "ncols": 5, "nrows": 20}, "improvement": 2.9899494797433417, "original_score": -1.7271692042236653, "new_score": 1.2627802755196764, "improved": true}