{"fitness": 1.9524763933057023, "similarity": 0, "_step": 21, "_runtime": 3672, "_timestamp": 1610839826, "Table of best SMILES": {"_type": "table-file", "path": "media/table/Table of best SMILES_20_a1ff71af.table.json", "sha256": "a1ff71af01da9d62614279c65b5394641332208fbaf25376b09adcecfde875cf", "size": 5694, "ncols": 5, "nrows": 20}, "improvement": 3.776150729815713, "original_score": -1.8236743365100105, "new_score": 1.9524763933057023, "improved": true}