{"fitness": 2.218044157874293, "similarity": 0, "_step": 21, "_runtime": 792, "_timestamp": 1610324280, "Table of best SMILES": {"_type": "table-file", "path": "media/table/Table of best SMILES_20_f68cd187.table.json", "sha256": "f68cd18750690d5fc249405fbdd75fa8ed1e91e49d4e682b6a884a487d37cbb7", "size": 6277, "ncols": 5, "nrows": 20}, "improvement": 3.896511766283381, "original_score": -1.6784676084090877, "new_score": 2.218044157874293, "improved": true}