{"fitness": -6.385938707544534, "similarity": 0, "_step": 21, "_runtime": 1160, "_timestamp": 1610452242, "Table of best SMILES": {"_type": "table-file", "path": "media/table/Table of best SMILES_20_6822f7e9.table.json", "sha256": "6822f7e9b19c26a9c6b014901f2d3f7aa66383cb9e999f5eed7ed10410b55dda", "size": 5912, "ncols": 5, "nrows": 20}, "improvement": 0.0, "original_score": -6.385938707544534, "new_score": -6.385938707544534, "improved": false}