{"fitness": 0.6241637293543185, "similarity": 0, "_step": 21, "_runtime": 1316, "_timestamp": 1610165924, "Table of best SMILES": {"_type": "table-file", "path": "media/table/Table of best SMILES_20_a349717c.table.json", "sha256": "a349717c445d62eeb2a85e2effbaaf76f3392e3c6d4b0073bcce366580568280", "size": 6785, "ncols": 5, "nrows": 20}, "improvement": 3.7234823069835747, "original_score": -3.099318577629256, "new_score": 0.6241637293543185, "improved": true}