{"fitness": -0.9019153353214484, "similarity": 0, "_step": 21, "_runtime": 2922, "_timestamp": 1610630261, "Table of best SMILES": {"_type": "table-file", "path": "media/table/Table of best SMILES_20_aec26b3d.table.json", "sha256": "aec26b3d1ca9f7001029caa2dc3077ead573d71f9fe3cb8c04f46db9f371e8bb", "size": 9443, "ncols": 5, "nrows": 20}, "improvement": 2.130396669088263, "original_score": -1.7782081613692935, "new_score": 0.3521885077189695, "improved": true}