{"fitness": -0.5809283237637868, "similarity": 0, "_step": 21, "_runtime": 1149, "_timestamp": 1610125388, "Table of best SMILES": {"_type": "table-file", "path": "media/table/Table of best SMILES_20_c9dc91ae.table.json", "sha256": "c9dc91ae053dd0aeb8893df4c43a6c7b847cf16dee672120faadefaec074b075", "size": 2971, "ncols": 5, "nrows": 20}, "improvement": 1.1417844968304705, "original_score": -1.7227128205942572, "new_score": -0.5809283237637868, "improved": true}