{"fitness": 1.3544809174706913, "similarity": 0, "_step": 21, "_runtime": 987, "_timestamp": 1610931883, "Table of best SMILES": {"_type": "table-file", "path": "media/table/Table of best SMILES_20_1bfc4398.table.json", "sha256": "1bfc4398ffce4d4c56cb4e2dcc4722fc9625fc0b20e4bd1d927f32775ee216d4", "size": 7941, "ncols": 5, "nrows": 20}, "improvement": 3.8171337754099923, "original_score": -2.462652857939301, "new_score": 1.3544809174706913, "improved": true}