{"fitness": -3.3997008889421045, "similarity": 0, "_step": 21, "_runtime": 795, "_timestamp": 1610226714, "Table of best SMILES": {"_type": "table-file", "path": "media/table/Table of best SMILES_20_e3e535b1.table.json", "sha256": "e3e535b138cb79288bdd4bea4186ae54acfadafee2b548bee43c0e78747b8297", "size": 5694, "ncols": 5, "nrows": 20}, "improvement": 0.0, "original_score": -3.3997008889421045, "new_score": -3.3997008889421045, "improved": false}