{"fitness": -1.195093472377028, "similarity": 0, "_step": 21, "_runtime": 1087, "_timestamp": 1611131497, "Table of best SMILES": {"_type": "table-file", "path": "media/table/Table of best SMILES_20_c87666d9.table.json", "sha256": "c87666d93a56636b3da993077883c3758560eedc361f7654e4f07a8e98935332", "size": 6455, "ncols": 5, "nrows": 20}, "improvement": 3.9167632527056915, "original_score": -4.683210261543966, "new_score": -0.7664470088382744, "improved": true}