{"fitness": 8.412898212587425, "fitness_no_discr": 9.705363400961106, "discriminator": 0.051813457161188126, "_step": 93, "_runtime": 4468, "_timestamp": 1611151315, "graph_0": {"_type": "graph-file", "path": "media/graph/graph_0_summary_3359bd12.graph.json", "sha256": "3359bd1295ec6c1f66f57ea73b10f1b636cfa90dd28a60b01ad12350f24878b0", "size": 723}}