{"fitness": 13.589494293732432, "fitness_no_discr": 17.229832188190297, "discriminator": 0.02036331221461296, "_step": 171, "_runtime": 8306, "_timestamp": 1611155153, "graph_0": {"_type": "graph-file", "path": "media/graph/graph_0_summary_3359bd12.graph.json", "sha256": "3359bd1295ec6c1f66f57ea73b10f1b636cfa90dd28a60b01ad12350f24878b0", "size": 723}, "gradients/predict.bias": {"_type": "histogram", "values": [0.0, 0.0, 0.0, 0.0, 0.0, 0.0, 0.0, 0.0, 0.0, 0.0, 0.0, 0.0, 0.0, 0.0, 0.0, 0.0, 0.0, 0.0, 0.0, 0.0, 0.0, 0.0, 0.0, 0.0, 0.0, 0.0, 0.0, 0.0, 0.0, 0.0, 0.0, 0.0, 1.0, 0.0, 0.0, 0.0, 0.0, 0.0, 0.0, 0.0, 0.0, 0.0, 0.0, 0.0, 0.0, 0.0, 0.0, 0.0, 0.0, 0.0, 0.0, 0.0, 0.0, 0.0, 0.0, 0.0, 0.0, 0.0, 0.0, 0.0, 0.0, 0.0, 0.0, 0.0], "bins": [0.01572580263018608, 0.01572580263018608, 0.01572580263018608, 0.01572580263018608, 0.01572580263018608, 0.01572580263018608, 0.01572580263018608, 0.01572580263018608, 0.01572580263018608, 0.01572580263018608, 0.01572580263018608, 0.01572580263018608, 0.01572580263018608, 0.01572580263018608, 0.01572580263018608, 0.01572580263018608, 0.01572580263018608, 0.01572580263018608, 0.01572580263018608, 0.01572580263018608, 0.01572580263018608, 0.01572580263018608, 0.01572580263018608, 0.01572580263018608, 0.01572580263018608, 0.01572580263018608, 0.01572580263018608, 0.01572580263018608, 0.01572580263018608, 0.01572580263018608, 0.01572580263018608, 0.01572580263018608, 0.01572580263018608, 0.01572580263018608, 0.01572580263018608, 0.01572580263018608, 0.01572580263018608, 0.01572580263018608, 0.01572580263018608, 0.01572580263018608, 0.01572580263018608, 0.01572580263018608, 0.01572580263018608, 0.01572580263018608, 0.01572580263018608, 0.01572580263018608, 0.01572580263018608, 0.01572580263018608, 0.01572580263018608, 0.01572580263018608, 0.01572580263018608, 0.01572580263018608, 0.01572580263018608, 0.01572580263018608, 0.01572580263018608, 0.01572580263018608, 0.01572580263018608, 0.01572580263018608, 0.01572580263018608, 0.01572580263018608, 0.01572580263018608, 0.01572580263018608, 0.01572580263018608, 0.01572580263018608, 0.01572580263018608]}, "gradients/predict.weight": {"_type": "histogram", "values": [7.0, 0.0, 0.0, 0.0, 0.0, 0.0, 0.0, 0.0, 0.0, 0.0, 0.0, 0.0, 0.0, 0.0, 0.0, 0.0, 0.0, 0.0, 0.0, 0.0, 0.0, 0.0, 0.0, 0.0, 0.0, 0.0, 0.0, 0.0, 0.0, 0.0, 0.0, 0.0, 0.0, 0.0, 0.0, 0.0, 0.0, 0.0, 0.0, 0.0, 0.0, 0.0, 0.0, 0.0, 0.0, 0.0, 0.0, 0.0, 0.0, 0.0, 0.0, 0.0, 0.0, 0.0, 0.0, 0.0, 0.0, 0.0, 0.0, 0.0, 0.0, 0.0, 0.0, 3.0], "bins": [-0.007743148133158684, -0.007255458272993565, -0.0067677684128284454, -0.006280079018324614, -0.005792389158159494, -0.005304699297994375, -0.004817009903490543, -0.004329320043325424, -0.003841630183160305, -0.003353940322995186, -0.0028662504628300667, -0.002378561068326235, -0.0018908712081611156, -0.0014031813479959965, -0.0009154919534921646, -0.00042780209332704544, 5.988776683807373e-05, 0.0005475776270031929, 0.001035267487168312, 0.0015229573473334312, 0.0020106472074985504, 0.002498336136341095, 0.002986025996506214, 0.0034737158566713333, 0.0039614057168364525, 0.004449095577001572, 0.004936785437166691, 0.00542447529733181, 0.0059121642261743546, 0.006399854086339474, 0.006887543946504593, 0.007375233806669712, 0.007862923666834831, 0.008350612595677376, 0.00883830338716507, 0.009325992316007614, 0.009813683107495308, 0.010301372036337852, 0.010789062827825546, 0.01127675175666809, 0.011764442548155785, 0.01225213147699833, 0.012739820405840874, 0.013227511197328568, 0.013715200126171112, 0.014202890917658806, 0.01469057984650135, 0.015178270637989044, 0.01566595956683159, 0.016153648495674133, 0.016641339287161827, 0.01712902821600437, 0.017616719007492065, 0.01810440793633461, 0.018592098727822304, 0.01907978765666485, 0.019567476585507393, 0.020055167376995087, 0.02054285630583763, 0.021030547097325325, 0.02151823602616787, 0.022005926817655563, 0.022493615746498108, 0.0229813065379858, 0.023468995466828346]}, "gradients/hidden.1.bias": {"_type": "histogram", "values": [4.0, 1.0, 2.0, 0.0, 0.0, 0.0, 0.0, 0.0, 0.0, 0.0, 0.0, 0.0, 0.0, 0.0, 0.0, 0.0, 0.0, 0.0, 0.0, 0.0, 0.0, 0.0, 0.0, 0.0, 0.0, 0.0, 0.0, 0.0, 0.0, 0.0, 0.0, 0.0, 0.0, 0.0, 0.0, 0.0, 0.0, 0.0, 0.0, 0.0, 0.0, 0.0, 0.0, 0.0, 0.0, 0.0, 0.0, 0.0, 0.0, 0.0, 0.0, 0.0, 0.0, 0.0, 0.0, 0.0, 0.0, 0.0, 0.0, 0.0, 0.0, 0.0, 2.0, 1.0], "bins": [-2.702615711314138e-05, -2.6074598281411454e-05, -2.512304126867093e-05, -2.4171482436941005e-05, -2.321992360521108e-05, -2.2268364773481153e-05, -2.1316805941751227e-05, -2.0365248929010704e-05, -1.9413690097280778e-05, -1.8462131265550852e-05, -1.751057425281033e-05, -1.6559015421080403e-05, -1.5607456589350477e-05, -1.465589775762055e-05, -1.3704339835385326e-05, -1.2752781913150102e-05, -1.1801223081420176e-05, -1.084966424969025e-05, -9.898105417960323e-06, -8.9465484052198e-06, -7.994989573489875e-06, -7.0434307417599484e-06, -6.091873729019426e-06, -5.1403148972895e-06, -4.1887560655595735e-06, -3.2371972338296473e-06, -2.285638402099721e-06, -1.3340813893591985e-06, -3.8252255762927234e-07, 5.690362741006538e-07, 1.5205932868411765e-06, 2.4721521185711026e-06, 3.4237109503010288e-06, 4.375267963041551e-06, 5.326828613760881e-06, 6.278385626501404e-06, 7.2299462772207335e-06, 8.181503289961256e-06, 9.133060302701779e-06, 1.0084620953421108e-05, 1.1036177966161631e-05, 1.1987734978902154e-05, 1.2939295629621483e-05, 1.3890852642362006e-05, 1.4842409655102529e-05, 1.579397030582186e-05, 1.674552731856238e-05, 1.769708796928171e-05, 1.8648644982022233e-05, 1.9600201994762756e-05, 2.0551762645482086e-05, 2.1503319658222608e-05, 2.2454880308941938e-05, 2.340643732168246e-05, 2.4357994334422983e-05, 2.5309554985142313e-05, 2.6261111997882836e-05, 2.7212669010623358e-05, 2.8164229661342688e-05, 2.911578667408321e-05, 3.0067343686823733e-05, 3.1018906156532466e-05, 3.197046316927299e-05, 3.292202018201351e-05, 3.3873577194754034e-05]}, "gradients/hidden.1.weight": {"_type": "histogram", "values": [2.0, 1.0, 2.0, 3.0, 9.0, 19.0, 26.0, 28.0, 32.0, 44.0, 44.0, 75.0, 44.0, 5.0, 2.0, 0.0, 0.0, 1.0, 2.0, 3.0, 4.0, 8.0, 13.0, 18.0, 14.0, 33.0, 24.0, 36.0, 56.0, 48.0, 76.0, 69.0, 40.0, 36.0, 21.0, 11.0, 5.0, 2.0, 0.0, 0.0, 0.0, 0.0, 0.0, 0.0, 0.0, 1.0, 1.0, 2.0, 4.0, 40.0, 23.0, 11.0, 15.0, 8.0, 10.0, 8.0, 9.0, 3.0, 5.0, 2.0, 0.0, 1.0, 0.0, 1.0], "bins": [-4.670029738917947e-05, -4.506095501710661e-05, -4.342161264503375e-05, -4.1782270272960886e-05, -4.0142927900888026e-05, -3.850358189083636e-05, -3.68642395187635e-05, -3.522489714669064e-05, -3.3585554774617776e-05, -3.1946212402544916e-05, -3.0306870030472055e-05, -2.866752583940979e-05, -2.702818346733693e-05, -2.538884109526407e-05, -2.3749496904201806e-05, -2.2110154532128945e-05, -2.0470812160056084e-05, -1.8831469787983224e-05, -1.7192127415910363e-05, -1.5552785043837503e-05, -1.3913442671764642e-05, -1.2274096661712974e-05, -1.0634754289640114e-05, -8.995411917567253e-06, -7.3560695454943925e-06, -5.716727173421532e-06, -4.077384801348671e-06, -2.4380424292758107e-06, -7.98696419224143e-07, 8.406459528487176e-07, 2.479988324921578e-06, 4.119330696994439e-06, 5.758673069067299e-06, 7.39801544114016e-06, 9.03735781321302e-06, 1.0676700185285881e-05, 1.2316042557358742e-05, 1.395538856741041e-05, 1.5594727301504463e-05, 1.723407331155613e-05, 1.8873412045650184e-05, 2.0512758055701852e-05, 2.215210406575352e-05, 2.3791442799847573e-05, 2.543078880989924e-05, 2.7070127543993294e-05, 2.8709473554044962e-05, 3.0348812288139015e-05, 3.198815829819068e-05, 3.362750430824235e-05, 3.5266843042336404e-05, 3.690618905238807e-05, 3.8545527786482126e-05, 4.018487379653379e-05, 4.182421253062785e-05, 4.3463558540679514e-05, 4.510290455073118e-05, 4.6742243284825236e-05, 4.83815892948769e-05, 5.002092802897096e-05, 5.1660274039022624e-05, 5.329961277311668e-05, 5.4938958783168346e-05, 5.65782975172624e-05, 5.821764352731407e-05]}, "gradients/hidden.0.bias": {"_type": "histogram",