{"fitness": 50.779455130011, "fitness_no_discr": 0.8990047394801115, "discriminator": 0.5095390677452087, "_step": 1000, "_runtime": 52236, "_timestamp": 1611199083, "graph_0": {"_type": "graph-file", "path": "media/graph/graph_0_summary_3359bd12.graph.json", "sha256": "3359bd1295ec6c1f66f57ea73b10f1b636cfa90dd28a60b01ad12350f24878b0", "size": 723}, "gradients/predict.bias": {"_type": "histogram", "values": [0.0, 0.0, 0.0, 0.0, 0.0, 0.0, 0.0, 0.0, 0.0, 0.0, 0.0, 0.0, 0.0, 0.0, 0.0, 0.0, 0.0, 0.0, 0.0, 0.0, 0.0, 0.0, 0.0, 0.0, 0.0, 0.0, 0.0, 0.0, 0.0, 0.0, 0.0, 0.0, 1.0, 0.0, 0.0, 0.0, 0.0, 0.0, 0.0, 0.0, 0.0, 0.0, 0.0, 0.0, 0.0, 0.0, 0.0, 0.0, 0.0, 0.0, 0.0, 0.0, 0.0, 0.0, 0.0, 0.0, 0.0, 0.0, 0.0, 0.0, 0.0, 0.0, 0.0, 0.0], "bins": [-0.00143107317853719, -0.00143107317853719, -0.00143107317853719, -0.00143107317853719, -0.00143107317853719, -0.00143107317853719, -0.00143107317853719, -0.00143107317853719, -0.00143107317853719, -0.00143107317853719, -0.00143107317853719, -0.00143107317853719, -0.00143107317853719, -0.00143107317853719, -0.00143107317853719, -0.00143107317853719, -0.00143107317853719, -0.00143107317853719, -0.00143107317853719, -0.00143107317853719, -0.00143107317853719, -0.00143107317853719, -0.00143107317853719, -0.00143107317853719, -0.00143107317853719, -0.00143107317853719, -0.00143107317853719, -0.00143107317853719, -0.00143107317853719, -0.00143107317853719, -0.00143107317853719, -0.00143107317853719, -0.00143107317853719, -0.00143107317853719, -0.00143107317853719, -0.00143107317853719, -0.00143107317853719, -0.00143107317853719, -0.00143107317853719, -0.00143107317853719, -0.00143107317853719, -0.00143107317853719, -0.00143107317853719, -0.00143107317853719, -0.00143107317853719, -0.00143107317853719, -0.00143107317853719, -0.00143107317853719, -0.00143107317853719, -0.00143107317853719, -0.00143107317853719, -0.00143107317853719, -0.00143107317853719, -0.00143107317853719, -0.00143107317853719, -0.00143107317853719, -0.00143107317853719, -0.00143107317853719, -0.00143107317853719, -0.00143107317853719, -0.00143107317853719, -0.00143107317853719, -0.00143107317853719, -0.00143107317853719, -0.00143107317853719]}, "gradients/predict.weight": {"_type": "histogram", "values": [7.0, 0.0, 0.0, 0.0, 0.0, 0.0, 0.0, 0.0, 0.0, 0.0, 0.0, 0.0, 0.0, 0.0, 0.0, 0.0, 0.0, 0.0, 0.0, 0.0, 0.0, 0.0, 0.0, 0.0, 0.0, 0.0, 0.0, 0.0, 0.0, 0.0, 0.0, 0.0, 0.0, 0.0, 0.0, 0.0, 0.0, 0.0, 0.0, 0.0, 0.0, 0.0, 0.0, 0.0, 0.0, 0.0, 0.0, 0.0, 0.0, 0.0, 0.0, 0.0, 0.0, 0.0, 0.0, 0.0, 0.0, 0.0, 0.0, 0.0, 0.0, 0.0, 0.0, 3.0], "bins": [-0.0013022494968026876, -0.0012833700748160481, -0.0012644905364140868, -0.0012456111144274473, -0.001226731576025486, -0.0012078521540388465, -0.0011889726156368852, -0.0011700931936502457, -0.0011512136552482843, -0.0011323342332616448, -0.0011134546948596835, -0.001094575272873044, -0.0010756957344710827, -0.0010568163124844432, -0.0010379367740824819, -0.0010190573520958424, -0.001000177813693881, -0.0009812983917072415, -0.0009624188533052802, -0.0009435394313186407, -0.0009246598929166794, -0.0009057804709300399, -0.0008869009325280786, -0.0008680215105414391, -0.0008491420303471386, -0.0008302625501528382, -0.0008113830699585378, -0.0007925035897642374, -0.000773624109569937, -0.0007547446293756366, -0.0007358651491813362, -0.0007169856689870358, -0.0006981061887927353, -0.0006792267085984349, -0.0006603472284041345, -0.0006414677482098341, -0.0006225882680155337, -0.0006037087878212333, -0.0005848293076269329, -0.0005659498274326324, -0.000547070347238332, -0.0005281908670440316, -0.0005093113868497312, -0.0004904319066554308, -0.0004715524264611304, -0.00045267294626682997, -0.00043379346607252955, -0.00041491398587822914, -0.00039603456389158964, -0.00037715508369728923, -0.0003582756035029888, -0.0003393961233086884, -0.000320516643114388, -0.00030163710471242666, -0.00028275768272578716, -0.00026387814432382584, -0.00024499872233718634, -0.000226119183935225, -0.0002072397619485855, -0.00018836022354662418, -0.00016948080155998468, -0.00015060126315802336, -0.00013172184117138386, -0.00011284230276942253, -9.396288078278303e-05]}, "gradients/hidden.1.bias": {"_type": "histogram", "values": [4.0, 3.0, 0.0, 0.0, 0.0, 0.0, 0.0, 0.0, 0.0, 0.0, 0.0, 0.0, 0.0, 0.0, 0.0, 0.0, 0.0, 0.0, 0.0, 0.0, 0.0, 0.0, 0.0, 0.0, 0.0, 0.0, 0.0, 0.0, 0.0, 0.0, 0.0, 0.0, 0.0, 0.0, 0.0, 0.0, 0.0, 0.0, 0.0, 0.0, 0.0, 0.0, 0.0, 0.0, 0.0, 0.0, 0.0, 0.0, 0.0, 0.0, 0.0, 0.0, 0.0, 0.0, 0.0, 0.0, 0.0, 1.0, 0.0, 0.0, 0.0, 1.0, 0.0, 1.0], "bins": [-0.0006351392366923392, -0.0006108835223130882, -0.0005866278661414981, -0.0005623721517622471, -0.0005381164373829961, -0.0005138607230037451, -0.000489605066832155, -0.000465349352452904, -0.00044109366717748344, -0.0004168379819020629, -0.0003925822675228119, -0.00036832658224739134, -0.0003440708969719708, -0.0003198151825927198, -0.00029555949731729925, -0.00027130378293804824, -0.0002470480976626277, -0.00022279241238720715, -0.00019853669800795615, -0.0001742810127325356, -0.0001500252983532846, -0.0001257696421816945, -0.0001015139278024435, -7.72582134231925e-05, -5.300255725160241e-05, -2.8746842872351408e-05, -4.491128493100405e-06, 1.97645858861506e-05, 4.402024205774069e-05, 6.827595643699169e-05, 9.25316708162427e-05, 0.00011678732698783278, 0.0001410430413670838, 0.0001652987557463348, 0.00018955441191792488, 0.00021381012629717588, 0.0002380658406764269, 0.000262321496848017, 0.000286577211227268, 0.000310832925606519, 0.00033508863998577, 0.000359344354365021, 0.00038359995232895017, 0.00040785566670820117, 0.0004321113810874522, 0.0004563670954667032, 0.0004806228098459542, 0.0005048785242252052, 0.0005291341221891344, 0.0005533898365683854, 0.0005776455509476364, 0.0006019012653268874, 0.0006261569797061384, 0.0006504126940853894, 0.0006746684084646404, 0.0006989240064285696, 0.0007231797208078206, 0.0007474354351870716, 0.0007716911495663226, 0.0007959468639455736, 0.0008202025783248246, 0.0008444581762887537, 0.0008687138906680048, 0.0008929696050472558, 0.0009172253194265068]}, "gradients/hidden.1.weight": {"_type": "histogram", "values": [26.0, 21.0, 9.0, 8.0, 16.0, 11.0, 4.0, 8.0, 28.0, 43.0, 37.0, 17.0, 19.0, 8.0, 4.0, 0.0, 2.0, 85.0, 120.0, 58.0, 1.0, 0.0, 0.0, 0.0, 46.0, 23.0, 65.0, 114.0, 2.0, 0.0, 0.0, 0.0, 0.0, 0.0, 3.0, 16.0, 26.0, 32.0, 21.0, 15.0, 1.0, 1.0, 1.0, 4.0, 3.0, 8.0, 9.0, 7.0, 5.0, 12.0, 10.0, 6.0, 6.0, 2.0, 3.0, 1.0, 6.0, 6.0, 3.0, 3.0, 1.0, 7.0, 1.0, 6.0],