{"fitness": 26.132192941998444, "fitness_no_discr": 38.08536410876594, "discriminator": 0.0002762434887699783, "_step": 1000, "_runtime": 53288, "_timestamp": 1611200127, "graph_0": {"_type": "graph-file", "path": "media/graph/graph_0_summary_28f4bc3e.graph.json", "sha256": "28f4bc3ea8e7fc78eb92975fd340606a464b7eeac59669cbb02f98fc0fb563e4", "size": 723}, "gradients/predict.bias": {"_type": "histogram", "values": [0.0, 0.0, 0.0, 0.0, 0.0, 0.0, 0.0, 0.0, 0.0, 0.0, 0.0, 0.0, 0.0, 0.0, 0.0, 0.0, 0.0, 0.0, 0.0, 0.0, 0.0, 0.0, 0.0, 0.0, 0.0, 0.0, 0.0, 0.0, 0.0, 0.0, 0.0, 0.0, 1.0, 0.0, 0.0, 0.0, 0.0, 0.0, 0.0, 0.0, 0.0, 0.0, 0.0, 0.0, 0.0, 0.0, 0.0, 0.0, 0.0, 0.0, 0.0, 0.0, 0.0, 0.0, 0.0, 0.0, 0.0, 0.0, 0.0, 0.0, 0.0, 0.0, 0.0, 0.0], "bins": [0.00018311412713956088, 0.00018311412713956088, 0.00018311412713956088, 0.00018311412713956088, 0.00018311412713956088, 0.00018311412713956088, 0.00018311412713956088, 0.00018311412713956088, 0.00018311412713956088, 0.00018311412713956088, 0.00018311412713956088, 0.00018311412713956088, 0.00018311412713956088, 0.00018311412713956088, 0.00018311412713956088, 0.00018311412713956088, 0.00018311412713956088, 0.00018311412713956088, 0.00018311412713956088, 0.00018311412713956088, 0.00018311412713956088, 0.00018311412713956088, 0.00018311412713956088, 0.00018311412713956088, 0.00018311412713956088, 0.00018311412713956088, 0.00018311412713956088, 0.00018311412713956088, 0.00018311412713956088, 0.00018311412713956088, 0.00018311412713956088, 0.00018311412713956088, 0.00018311412713956088, 0.00018311412713956088, 0.00018311412713956088, 0.00018311412713956088, 0.00018311412713956088, 0.00018311412713956088, 0.00018311412713956088, 0.00018311412713956088, 0.00018311412713956088, 0.00018311412713956088, 0.00018311412713956088, 0.00018311412713956088, 0.00018311412713956088, 0.00018311412713956088, 0.00018311412713956088, 0.00018311412713956088, 0.00018311412713956088, 0.00018311412713956088, 0.00018311412713956088, 0.00018311412713956088, 0.00018311412713956088, 0.00018311412713956088, 0.00018311412713956088, 0.00018311412713956088, 0.00018311412713956088, 0.00018311412713956088, 0.00018311412713956088, 0.00018311412713956088, 0.00018311412713956088, 0.00018311412713956088, 0.00018311412713956088, 0.00018311412713956088, 0.00018311412713956088]}, "gradients/predict.weight": {"_type": "histogram", "values": [7.0, 0.0, 0.0, 0.0, 0.0, 0.0, 0.0, 0.0, 0.0, 0.0, 0.0, 0.0, 0.0, 0.0, 0.0, 0.0, 0.0, 0.0, 0.0, 0.0, 0.0, 0.0, 0.0, 0.0, 0.0, 0.0, 0.0, 0.0, 0.0, 0.0, 0.0, 0.0, 0.0, 0.0, 0.0, 0.0, 0.0, 0.0, 0.0, 0.0, 0.0, 0.0, 0.0, 0.0, 0.0, 0.0, 0.0, 0.0, 0.0, 0.0, 0.0, 0.0, 0.0, 0.0, 0.0, 0.0, 0.0, 0.0, 0.0, 0.0, 0.0, 0.0, 0.0, 3.0], "bins": [-0.00011332643043715507, -0.00010664201545296237, -9.995760046876967e-05, -9.327319276053458e-05, -8.658877777634189e-05, -7.990436279214919e-05, -7.32199550839141e-05, -6.65355400997214e-05, -5.98511251155287e-05, -5.3166710131336004e-05, -4.6482295147143304e-05, -3.979788743890822e-05, -3.311347245471552e-05, -2.642905747052282e-05, -1.9744649762287736e-05, -1.3060234778095037e-05, -6.3758197939023376e-06, 3.0859519029036164e-07, 6.993010174483061e-06, 1.3677417882718146e-05, 2.036184014286846e-05, 2.7046247851103544e-05, 3.373065555933863e-05, 4.041507781948894e-05, 4.709948552772403e-05, 5.378389323595911e-05, 6.0468315496109426e-05, 6.715272320434451e-05, 7.38371309125796e-05, 8.052155317272991e-05, 8.7205960880965e-05, 9.389038314111531e-05, 0.00010057479084935039, 0.00010725919855758548, 0.00011394362081773579, 0.00012062802852597088, 0.0001273124507861212, 0.00013399684394244105, 0.00014068126620259136, 0.00014736568846274167, 0.00015405011072289199, 0.00016073450387921184, 0.00016741892613936216, 0.00017410334839951247, 0.00018078774155583233, 0.00018747216381598264, 0.00019415658607613295, 0.0002008409792324528, 0.00020752540149260312, 0.00021420982375275344, 0.0002208942169090733, 0.0002275786391692236, 0.00023426306142937392, 0.00024094745458569378, 0.00024763186229392886, 0.00025431631365790963, 0.0002610007068142295, 0.00026768509997054935, 0.0002743695513345301, 0.00028105394449084997, 0.00028773833764716983, 0.0002944227890111506, 0.00030110718216747046, 0.0003077915753237903, 0.0003144760266877711]}, "gradients/hidden.1.bias": {"_type": "histogram", "values": [3.0, 0.0, 0.0, 0.0, 0.0, 0.0, 0.0, 0.0, 0.0, 0.0, 0.0, 0.0, 0.0, 0.0, 0.0, 0.0, 0.0, 0.0, 0.0, 0.0, 0.0, 0.0, 0.0, 0.0, 0.0, 0.0, 0.0, 0.0, 0.0, 0.0, 0.0, 0.0, 0.0, 0.0, 0.0, 0.0, 0.0, 0.0, 0.0, 0.0, 0.0, 0.0, 0.0, 0.0, 0.0, 0.0, 0.0, 0.0, 0.0, 0.0, 0.0, 0.0, 0.0, 0.0, 0.0, 0.0, 0.0, 0.0, 0.0, 0.0, 0.0, 0.0, 1.0, 6.0], "bins": [-2.957332799269352e-05, -2.8717877285089344e-05, -2.7862426577485166e-05, -2.700697586988099e-05, -2.6151525162276812e-05, -2.5296074454672635e-05, -2.444062556605786e-05, -2.358517303946428e-05, -2.2729724150849506e-05, -2.1874271624255925e-05, -2.101882273564115e-05, -2.016337020904757e-05, -1.9307921320432797e-05, -1.845247061282862e-05, -1.7597019905224442e-05, -1.6741569197620265e-05, -1.5886118490016088e-05, -1.503066778241191e-05, -1.4175217074807733e-05, -1.3319766367203556e-05, -1.2464315659599379e-05, -1.1608864951995201e-05, -1.0753414244391024e-05, -9.897963536786847e-06, -9.042514648172073e-06, -8.187063940567896e-06, -7.3316132329637185e-06, -6.476162525359541e-06, -5.620711817755364e-06, -4.765261110151187e-06, -3.909810402547009e-06, -3.054359694942832e-06, -2.1989089873386547e-06, -1.3434582797344774e-06, -4.880075721303001e-07, 3.674431354738772e-07, 1.2228938430780545e-06, 2.0783427316928282e-06, 2.933795258286409e-06, 3.789244146901183e-06, 4.644696673494764e-06, 5.500145562109537e-06, 6.355598088703118e-06, 7.211046977317892e-06, 8.066499503911473e-06, 8.921948392526247e-06, 9.777400919119827e-06, 1.0632849807734601e-05, 1.1488298696349375e-05, 1.2343751222942956e-05, 1.319920011155773e-05, 1.405465263815131e-05, 1.4910101526766084e-05, 1.5765554053359665e-05, 1.662100294197444e-05, 1.747645546856802e-05, 1.8331904357182793e-05, 1.9187356883776374e-05, 2.0042805772391148e-05, 2.089825829898473e-05, 2.1753707187599503e-05, 2.2609159714193083e-05, 2.3464608602807857e-05, 2.4320061129401438e-05, 2.517551001801621e-05]}, "gradients/hidden.1.weight": {"_type": "histogram", "values": [12.0, 15.0, 47.0, 37.0, 0.0, 0.0, 0.0, 0.0, 0.0, 4.0, 15.0, 16.0, 4.0, 0.0, 0.0, 0.0, 9.0, 6.0, 17.0, 29.0, 3.0, 2.0, 0.0, 5.0, 7.0, 0.0, 0.0, 6.0, 16.0, 32.0, 12.0, 6.0, 0.0, 0.0, 0.0, 0.0, 16.0, 34.0, 91.0, 22.0, 5.0, 0.0, 7.0, 0.0, 22.0, 11.0, 23.0, 7.0, 77.0, 14.0, 21.0, 3.0, 30.0, 46.0, 12.0, 0.0, 0.0, 0.0, 0.0, 0.0, 17.0, 124.0, 85.0, 33.0],