{"fitness": 10.254112680035949, "fitness_no_discr": 15.054554513894221, "discriminator": 0.05731227621436119, "_step": 90, "_runtime": 4492, "_timestamp": 1611151331, "graph_0": {"_type": "graph-file", "path": "media/graph/graph_0_summary_28f4bc3e.graph.json", "sha256": "28f4bc3ea8e7fc78eb92975fd340606a464b7eeac59669cbb02f98fc0fb563e4", "size": 723}}