{"fitness": 15.351428265318493, "fitness_no_discr": 21.85011272049105, "discriminator": 0.022583195939660072, "_step": 163, "_runtime": 8283, "_timestamp": 1611155122, "graph_0": {"_type": "graph-file", "path": "media/graph/graph_0_summary_28f4bc3e.graph.json", "sha256": "28f4bc3ea8e7fc78eb92975fd340606a464b7eeac59669cbb02f98fc0fb563e4", "size": 723}, "gradients/predict.bias": {"_type": "histogram", "values": [0.0, 0.0, 0.0, 0.0, 0.0, 0.0, 0.0, 0.0, 0.0, 0.0, 0.0, 0.0, 0.0, 0.0, 0.0, 0.0, 0.0, 0.0, 0.0, 0.0, 0.0, 0.0, 0.0, 0.0, 0.0, 0.0, 0.0, 0.0, 0.0, 0.0, 0.0, 0.0, 1.0, 0.0, 0.0, 0.0, 0.0, 0.0, 0.0, 0.0, 0.0, 0.0, 0.0, 0.0, 0.0, 0.0, 0.0, 0.0, 0.0, 0.0, 0.0, 0.0, 0.0, 0.0, 0.0, 0.0, 0.0, 0.0, 0.0, 0.0, 0.0, 0.0, 0.0, 0.0], "bins": [0.018458940088748932, 0.018458940088748932, 0.018458940088748932, 0.018458940088748932, 0.018458940088748932, 0.018458940088748932, 0.018458940088748932, 0.018458940088748932, 0.018458940088748932, 0.018458940088748932, 0.018458940088748932, 0.018458940088748932, 0.018458940088748932, 0.018458940088748932, 0.018458940088748932, 0.018458940088748932, 0.018458940088748932, 0.018458940088748932, 0.018458940088748932, 0.018458940088748932, 0.018458940088748932, 0.018458940088748932, 0.018458940088748932, 0.018458940088748932, 0.018458940088748932, 0.018458940088748932, 0.018458940088748932, 0.018458940088748932, 0.018458940088748932, 0.018458940088748932, 0.018458940088748932, 0.018458940088748932, 0.018458940088748932, 0.018458940088748932, 0.018458940088748932, 0.018458940088748932, 0.018458940088748932, 0.018458940088748932, 0.018458940088748932, 0.018458940088748932, 0.018458940088748932, 0.018458940088748932, 0.018458940088748932, 0.018458940088748932, 0.018458940088748932, 0.018458940088748932, 0.018458940088748932, 0.018458940088748932, 0.018458940088748932, 0.018458940088748932, 0.018458940088748932, 0.018458940088748932, 0.018458940088748932, 0.018458940088748932, 0.018458940088748932, 0.018458940088748932, 0.018458940088748932, 0.018458940088748932, 0.018458940088748932, 0.018458940088748932, 0.018458940088748932, 0.018458940088748932, 0.018458940088748932, 0.018458940088748932, 0.018458940088748932]}, "gradients/predict.weight": {"_type": "histogram", "values": [7.0, 0.0, 0.0, 0.0, 0.0, 0.0, 0.0, 0.0, 0.0, 0.0, 0.0, 0.0, 0.0, 0.0, 0.0, 0.0, 0.0, 0.0, 0.0, 0.0, 0.0, 0.0, 0.0, 0.0, 0.0, 0.0, 0.0, 0.0, 0.0, 0.0, 0.0, 0.0, 0.0, 0.0, 0.0, 0.0, 0.0, 0.0, 0.0, 0.0, 0.0, 0.0, 0.0, 0.0, 0.0, 0.0, 0.0, 0.0, 0.0, 0.0, 0.0, 0.0, 0.0, 0.0, 0.0, 0.0, 0.0, 0.0, 0.0, 0.0, 0.0, 0.0, 0.0, 3.0], "bins": [-0.0059579419903457165, -0.005482981912791729, -0.005008021369576454, -0.004533061292022467, -0.004058101214468479, -0.0035831411369144917, -0.0031081808265298605, -0.0026332205161452293, -0.002158260438591242, -0.0016833003610372543, -0.0012083402834832668, -0.000733379740267992, -0.0002584196627140045, 0.000216540414839983, 0.0006915009580552578, 0.0011664610356092453, 0.0016414211131632328, 0.0021163816563785076, 0.002591341268271208, 0.0030663018114864826, 0.003541261423379183, 0.004016221966594458, 0.0044911825098097324, 0.004966142121702433, 0.0054411026649177074, 0.005916063208132982, 0.0063910228200256824, 0.006865983363240957, 0.007340943906456232, 0.007815903052687645, 0.008290864527225494, 0.008765824139118195, 0.009240783751010895, 0.009715743362903595, 0.010190704837441444, 0.010665664449334145, 0.011140624061226845, 0.011615585535764694, 0.012090545147657394, 0.012565504759550095, 0.013040464371442795, 0.013515425845980644, 0.013990385457873344, 0.014465345069766045, 0.014940306544303894, 0.015415266156196594, 0.015890225768089294, 0.016365187242627144, 0.016840146854519844, 0.017315106466412544, 0.017790067940950394, 0.018265027552843094, 0.018739987164735794, 0.019214948639273643, 0.019689908251166344, 0.020164867863059044, 0.020639829337596893, 0.021114788949489594, 0.021589748561382294, 0.022064708173274994, 0.022539669647812843, 0.023014629259705544, 0.023489588871598244, 0.023964550346136093, 0.024439509958028793]}, "gradients/hidden.1.bias": {"_type": "histogram", "values": [1.0, 0.0, 0.0, 0.0, 0.0, 0.0, 0.0, 0.0, 0.0, 0.0, 0.0, 0.0, 0.0, 0.0, 0.0, 0.0, 0.0, 1.0, 0.0, 0.0, 0.0, 0.0, 0.0, 0.0, 0.0, 0.0, 0.0, 0.0, 0.0, 0.0, 0.0, 0.0, 0.0, 0.0, 1.0, 0.0, 0.0, 0.0, 0.0, 0.0, 0.0, 2.0, 0.0, 0.0, 0.0, 0.0, 0.0, 0.0, 0.0, 0.0, 0.0, 0.0, 0.0, 0.0, 0.0, 0.0, 0.0, 0.0, 1.0, 1.0, 1.0, 0.0, 1.0, 1.0], "bins": [-3.818481218331726e-06, -3.62186688107613e-06, -3.425252543820534e-06, -3.2286379791912623e-06, -3.0320238693093415e-06, -2.83540930468007e-06, -2.6387949674244737e-06, -2.4421806301688775e-06, -2.2455662929132814e-06, -2.048951955657685e-06, -1.852337618402089e-06, -1.6557232811464928e-06, -1.4591087165172212e-06, -1.262494379261625e-06, -1.0658800420060288e-06, -8.692657047504326e-07, -6.726513674948364e-07, -4.7603703023924027e-07, -2.794226929836441e-07, -8.28083557280479e-08, 1.1380598152754828e-07, 3.104205461568199e-07, 5.070346560387406e-07, 7.036492206680123e-07, 9.002637852972839e-07, 1.0968778951792046e-06, 1.2934924598084763e-06, 1.490106569690397e-06, 1.6867211343196686e-06, 1.8833352442015894e-06, 2.079949808830861e-06, 2.2765639187127817e-06, 2.4731784833420534e-06, 2.669793047971325e-06, 2.8664071578532457e-06, 3.0630217224825174e-06, 3.259635832364438e-06, 3.4562503969937097e-06, 3.6528645068756305e-06, 3.849478616757551e-06, 4.046093181386823e-06, 4.2427077460160945e-06, 4.439322310645366e-06, 4.635936875274638e-06, 4.8325505304092076e-06, 5.029165095038479e-06, 5.225779659667751e-06, 5.4223942242970224e-06, 5.619008788926294e-06, 5.815622444060864e-06, 6.0122370086901356e-06, 6.208851573319407e-06, 6.405466137948679e-06, 6.602079793083249e-06, 6.79869435771252e-06, 6.995308922341792e-06, 7.1919234869710635e-06, 7.388538051600335e-06, 7.585151706734905e-06, 7.781765816616826e-06, 7.978380381246097e-06, 8.174994945875369e-06, 8.37160951050464e-06, 8.568224075133912e-06, 8.764838639763184e-06]}, "gradients/hidden.1.weight": {"_type": "histogram", "values": [1.0, 0.0, 0.0, 3.0, 1.0, 1.0, 1.0, 1.0, 0.0, 3.0, 5.0, 8.0, 15.0, 14.0, 17.0, 21.0, 17.0, 30.0, 19.0, 22.0, 16.0, 23.0, 33.0, 22.0, 27.0, 21.0, 12.0, 3.0, 3.0, 21.0, 30.0, 27.0, 60.0, 97.0, 17.0, 5.0, 15.0, 19.0, 42.0, 23.0, 29.0, 9.0, 17.0, 24.0, 22.0, 34.0, 42.0, 33.0, 24.0, 28.0, 7.0, 11.0, 8.0, 2.0, 2.0, 6.0, 3.0, 0.0, 0.0, 3.0, 0.0, 0.0, 0.0, 1.0], "bins": [-8.728141256142408e-05, -8.448954031337053e-05, -8.169766806531698e-05, -7.890579581726342e-05, -7.611392356920987e-05, -7.332205132115632e-05, -7.053017907310277e-05, -6.773830682504922e-05, -6.494643457699567e-05, -6.215456232894212e-05, -5.936269008088857e-05, -5.657081419485621e-05, -5.377894194680266e-05, -5.098706969874911e-05, -4.819519745069556e-05, -4.540332520264201e-05, -4.261145295458846e-05, -3.981958070653491e-05, -3.7027708458481357e-05, -3.4235836210427806e-05, -3.1443963962374255e-05, -2.8652091714320704e-05, -2.5860215828288347e-05, -2.3068343580234796e-05, -2.0276471332181245e-05, -1.7484599084127694e-05, -1.4692726836074144e-05, -1.1900854588020593e-05, -9.108982339967042e-06, -6.3171100919134915e-06, -3.5252378438599408e-06, -7.3336559580639e-07, 2.0585066522471607e-06, 4.850378900300711e-06, 7.642251148354262e-06, 1.0434123396407813e-05, 1.3225995644461364e-05, 1.6017867892514914e-05, 1.8809740140568465e-05, 2.1601612388622016e-05, 2.4393484636675566e-05, 2.7185356884729117e-05, 2.9977229132782668e-05, 3.276910138083622e-05, 3.5560980904847383e-05, 3.8352853152900934e-05, 4.1144725400954485e-05, 4.3936597649008036e-05, 4.6728469897061586e-05, 4.952034214511514e-05, 5.231221439316869e-05, 5.510408664122224e-05, 5.789595888927579e-05, 6.068783113732934e-05, 6.347970338538289e-05, 6.627157563343644e-05, 6.906344788148999e-05, 7.185532012954354e-05, 7.46471923775971e-05, 7.743906462565064e-05, 8.02309368737042e-05, 8.302280912175775e-05, 8.58146813698113e-05, 8.860655361786485e-05, 9.13984258659184e-05]}, "gradients/hidden.0.bias": {"_type": "histogram",