{"fitness": -999995.6351189624, "similarity": -1000000, "_step": 21, "_runtime": 4347, "_timestamp": 1610904750, "Table of best SMILES": {"_type": "table-file", "path": "media/table/Table of best SMILES_20_a6542bd5.table.json", "sha256": "a6542bd576699b37108f50d4efcc0ad8d8e2313884ca54e7b13b3edb9756e580", "size": 6683, "ncols": 5, "nrows": 20}, "improvement": 6.041573877446353, "original_score": -1000001.6766928398, "new_score": -999995.6351189624, "improved": true}