{"fitness": 0.4968590859017201, "similarity": 0, "_step": 21, "_runtime": 1111, "_timestamp": 1610435280, "Table of best SMILES": {"_type": "table-file", "path": "media/table/Table of best SMILES_20_caa8f75a.table.json", "sha256": "caa8f75a10e2a0041f814798681ffe371600a8c2510c6012bb85f92933d620bb", "size": 4300, "ncols": 5, "nrows": 20}, "improvement": 2.5314538893661283, "original_score": -2.034594803464408, "new_score": 0.4968590859017201, "improved": true}