{"fitness": -2.06793949475343, "similarity": 0, "_step": 21, "_runtime": 818, "_timestamp": 1610384171, "Table of best SMILES": {"_type": "table-file", "path": "media/table/Table of best SMILES_20_611c20c8.table.json", "sha256": "611c20c86f10728ffd4d303f1c0aaece0d7f53c2797bee8fd44e0327dd091cd3", "size": 5190, "ncols": 5, "nrows": 20}, "improvement": 0.07157788875225224, "original_score": -2.1395173835056824, "new_score": -2.06793949475343, "improved": true}