{"fitness": -5.092224297347571, "similarity": 0, "_step": 21, "_runtime": 1090, "_timestamp": 1610429771, "Table of best SMILES": {"_type": "table-file", "path": "media/table/Table of best SMILES_20_b45faf52.table.json", "sha256": "b45faf522aa5a9e812f1f697a67ae96c0050786e26c5c3ab99657abe3d682bb5", "size": 6406, "ncols": 5, "nrows": 20}, "improvement": 1.653109220045037, "original_score": -6.745333517392608, "new_score": -5.092224297347571, "improved": true}