{"fitness": 3.067351457144651, "similarity": 0, "_step": 21, "_runtime": 879, "_timestamp": 1611089703, "Table of best SMILES": {"_type": "table-file", "path": "media/table/Table of best SMILES_20_8d8e8058.table.json", "sha256": "8d8e805809c880aae329d444bd5231ab3b6b919a555c24276c175c8879419286", "size": 8096, "ncols": 5, "nrows": 20}, "improvement": 5.450970850755398, "original_score": -2.3836193936107466, "new_score": 3.067351457144651, "improved": true}