{"fitness": -999993.7951809755, "similarity": -1000000, "_step": 21, "_runtime": 1126, "_timestamp": 1610105903, "Table of best SMILES": {"_type": "table-file", "path": "media/table/Table of best SMILES_20_87b4afca.table.json", "sha256": "87b4afcadf768296e03437048e1fbed082105d3f9285baa9a315ebd8c268db53", "size": 7474, "ncols": 5, "nrows": 20}, "improvement": 7.927531845169142, "original_score": -1000001.7227128206, "new_score": -999993.7951809755, "improved": true}