{"fitness": 0.5073352208055343, "similarity": 0, "_step": 21, "_runtime": 961, "_timestamp": 1610938544, "Table of best SMILES": {"_type": "table-file", "path": "media/table/Table of best SMILES_20_9771a293.table.json", "sha256": "9771a293dcf827d207fb61a70bc021d87e2e2c9c1b2e30f30fde46b56cc37cb5", "size": 5240, "ncols": 5, "nrows": 20}, "improvement": 1.363649485976175, "original_score": -0.8563142651706406, "new_score": 0.5073352208055343, "improved": true}