{"fitness": 3.6571847909044664, "similarity": 0, "_step": 21, "_runtime": 803, "_timestamp": 1610223846, "Table of best SMILES": {"_type": "table-file", "path": "media/table/Table of best SMILES_20_e82c6ebc.table.json", "sha256": "e82c6ebca587a1a47ea1aa77f5a817b7a3118bf324c96f665ec960bc07e592ca", "size": 6618, "ncols": 5, "nrows": 20}, "improvement": 5.240900111771709, "original_score": -1.564415048877667, "new_score": 3.676485062894042, "improved": true}