{"fitness": 1.3957696522545893, "similarity": 0, "_step": 21, "_runtime": 1603, "_timestamp": 1610471700, "Table of best SMILES": {"_type": "table-file", "path": "media/table/Table of best SMILES_20_433f963a.table.json", "sha256": "433f963a36db19a6d8a5621dceecf203b6d7cf3735dc2b02e97e5c9838cd1ff2", "size": 7106, "ncols": 5, "nrows": 20}, "improvement": 3.8433374399654863, "original_score": -2.4475677877108972, "new_score": 1.3957696522545893, "improved": true}