{"fitness": 0.0705330642700083, "similarity": 0, "_step": 21, "_runtime": 1230, "_timestamp": 1610131515, "Table of best SMILES": {"_type": "table-file", "path": "media/table/Table of best SMILES_20_7f67b930.table.json", "sha256": "7f67b9304bff3e791f5dd03d110830bd2812b005af6997b7335cd5eb1b6a83dc", "size": 7034, "ncols": 5, "nrows": 20}, "improvement": 4.247673143135953, "original_score": -4.1771400788659445, "new_score": 0.0705330642700083, "improved": true}