{"fitness": 1.4656794743986892, "similarity": 0, "_step": 21, "_runtime": 1176, "_timestamp": 1610121869, "Table of best SMILES": {"_type": "table-file", "path": "media/table/Table of best SMILES_20_e271a219.table.json", "sha256": "e271a219ebabd60d2b10d7b9587108e49ea73e7bb372272e24ab6beb14b94c7d", "size": 3666, "ncols": 5, "nrows": 20}, "improvement": 2.5950574898377425, "original_score": -1.1293780154390534, "new_score": 1.4656794743986892, "improved": true}