{"fitness": -0.028200012185936235, "similarity": 0, "_step": 21, "_runtime": 758, "_timestamp": 1611028015, "Table of best SMILES": {"_type": "table-file", "path": "media/table/Table of best SMILES_20_b388c2b4.table.json", "sha256": "b388c2b41ca49ea56cf5d043a16ecb6beb0e582fe4d38b4313203b04233fc039", "size": 6461, "ncols": 5, "nrows": 20}, "improvement": 3.5307459511112755, "original_score": -3.558945963297212, "new_score": -0.028200012185936235, "improved": true}