{"fitness": 1.4628781128773052, "similarity": 0, "_step": 21, "_runtime": 1083, "_timestamp": 1611000873, "Table of best SMILES": {"_type": "table-file", "path": "media/table/Table of best SMILES_20_1b9520dd.table.json", "sha256": "1b9520ddc857fe6ce34bb3b0b2c4c085b3c1c09b60d5ff8009e8935f221ab3fa", "size": 5761, "ncols": 5, "nrows": 20}, "improvement": 4.322597644027864, "original_score": -2.8597195311505588, "new_score": 1.4628781128773052, "improved": true}