{"fitness": 1.0563000213347447, "similarity": 0, "_step": 21, "_runtime": 1125, "_timestamp": 1610440747, "Table of best SMILES": {"_type": "table-file", "path": "media/table/Table of best SMILES_20_942e7bde.table.json", "sha256": "942e7bdebea703c3d1c3d3530f97487f8b5263ee07fc2b4905ba8c5f7577d61e", "size": 7219, "ncols": 5, "nrows": 20}, "improvement": 3.439919414945491, "original_score": -2.3836193936107466, "new_score": 1.0563000213347447, "improved": true}