{"fitness": 2.5564809215896567, "similarity": 0, "_step": 21, "_runtime": 747, "_timestamp": 1611019655, "Table of best SMILES": {"_type": "table-file", "path": "media/table/Table of best SMILES_20_91e9d025.table.json", "sha256": "91e9d0255d6bd2ab3359c3ce6555ef2dd6aec7958c2f95b24a73169a520ecd13", "size": 4607, "ncols": 5, "nrows": 20}, "improvement": 11.402394904475983, "original_score": -8.845913982886326, "new_score": 2.5564809215896567, "improved": true}