{"fitness": 0.8838452845942877, "similarity": 0, "_step": 21, "_runtime": 857, "_timestamp": 1610877591, "Table of best SMILES": {"_type": "table-file", "path": "media/table/Table of best SMILES_20_5b9153e2.table.json", "sha256": "5b9153e2f7ee8c2e5e07247fc417064e03c505acb52d44cfa24455b4bd8c73e9", "size": 5754, "ncols": 5, "nrows": 20}, "improvement": 7.613182190963848, "original_score": -6.132376486132902, "new_score": 1.4808057048309464, "improved": true}