{"fitness": 2.2016933545501485, "similarity": 0, "_step": 21, "_runtime": 1020, "_timestamp": 1611117559, "Table of best SMILES": {"_type": "table-file", "path": "media/table/Table of best SMILES_20_7e127a91.table.json", "sha256": "7e127a913b3cf98fb0f40253395eb1a31fb5b76a4812a2a90d5964d07aba862b", "size": 6245, "ncols": 5, "nrows": 20}, "improvement": 4.590644692153609, "original_score": -2.388951337603461, "new_score": 2.2016933545501485, "improved": true}