{"fitness": -0.41607742506387235, "similarity": 0, "_step": 21, "_runtime": 788, "_timestamp": 1610253236, "Table of best SMILES": {"_type": "table-file", "path": "media/table/Table of best SMILES_20_a5d35e7a.table.json", "sha256": "a5d35e7a7bfea099eb8a548ed2d83098655da3c85b6f59e73f4dc5d8920da6f1", "size": 4281, "ncols": 5, "nrows": 20}, "improvement": 0.7706477863426442, "original_score": -1.1867252114065165, "new_score": -0.41607742506387235, "improved": true}