{"fitness": 0.2848277051819986, "similarity": 0, "_step": 21, "_runtime": 2942, "_timestamp": 1610639125, "Table of best SMILES": {"_type": "table-file", "path": "media/table/Table of best SMILES_20_4d00f553.table.json", "sha256": "4d00f553ded2e80e5e6f08337698146f91593e3bbe14e76e8ba8b59c0c01c344", "size": 7255, "ncols": 5, "nrows": 20}, "improvement": 1.6562908124372697, "original_score": -1.371463107255271, "new_score": 0.2848277051819986, "improved": true}