{"fitness": -4.336869693757347, "similarity": 0, "_step": 21, "_runtime": 772, "_timestamp": 1610201967, "Table of best SMILES": {"_type": "table-file", "path": "media/table/Table of best SMILES_20_56412eca.table.json", "sha256": "56412eca7afbf804f205e0c8820de9906e403ab0c48bdf34fd4e853045bffe93", "size": 4956, "ncols": 5, "nrows": 20}, "improvement": 0.0, "original_score": -4.336869693757347, "new_score": -4.336869693757347, "improved": false}