{"fitness": 0.378018034949683, "similarity": 0, "_step": 21, "_runtime": 865, "_timestamp": 1610376453, "Table of best SMILES": {"_type": "table-file", "path": "media/table/Table of best SMILES_20_4bb43296.table.json", "sha256": "4bb43296586e34828c6a8d3f998ac9b64741661625f13183b421394c41abdffc", "size": 3739, "ncols": 5, "nrows": 20}, "improvement": 3.850427126999555, "original_score": -3.472409092049872, "new_score": 0.378018034949683, "improved": true}