{"fitness": -999994.118308498, "similarity": -1000000, "_step": 21, "_runtime": 3634, "_timestamp": 1610810857, "Table of best SMILES": {"_type": "table-file", "path": "media/table/Table of best SMILES_20_e10aaa6d.table.json", "sha256": "e10aaa6d357f16867d322a01b75b8de87a2ff08eab4fb2dd63e36caca0f80737", "size": 7133, "ncols": 5, "nrows": 20}, "improvement": 9.555307791568339, "original_score": -1000003.6736162895, "new_score": -999994.118308498, "improved": true}