{"fitness": -5.788478619060323, "similarity": 0, "_step": 21, "_runtime": 763, "_timestamp": 1610342060, "Table of best SMILES": {"_type": "table-file", "path": "media/table/Table of best SMILES_20_1a955864.table.json", "sha256": "1a955864be0fb45138a7236c276d97fd26326f73baef75ec0779ddc3ed340c69", "size": 3344, "ncols": 5, "nrows": 20}, "improvement": 1.3692120274526864, "original_score": -7.157690646513009, "new_score": -5.788478619060323, "improved": true}