{"fitness": -0.21309226870677275, "similarity": 0, "_step": 21, "_runtime": 771, "_timestamp": 1610266587, "Table of best SMILES": {"_type": "table-file", "path": "media/table/Table of best SMILES_20_a280b20e.table.json", "sha256": "a280b20ee21eca1f11e47d68bdbc37bb7b4370ab780e239b848e75e70f192a59", "size": 5072, "ncols": 5, "nrows": 20}, "improvement": 2.1455442444303876, "original_score": -2.3586365131371605, "new_score": -0.21309226870677275, "improved": true}