{"fitness": -7.456538580727827, "similarity": 0, "_step": 21, "_runtime": 1093, "_timestamp": 1610434166, "Table of best SMILES": {"_type": "table-file", "path": "media/table/Table of best SMILES_20_ae50df83.table.json", "sha256": "ae50df83b1fbd9791d0ba61979de9fb6765b4de93f2b52bde3ada7becee96853", "size": 4499, "ncols": 5, "nrows": 20}, "improvement": 0.9524034304012083, "original_score": -8.408942011129035, "new_score": -7.456538580727827, "improved": true}