{"fitness": 0.2808961306715412, "similarity": 0, "_step": 21, "_runtime": 1028, "_timestamp": 1610990096, "Table of best SMILES": {"_type": "table-file", "path": "media/table/Table of best SMILES_20_5cadb387.table.json", "sha256": "5cadb387632894914db1efbaf6e795cd3a537516ce000d7abc8bfba9d227dc8e", "size": 3695, "ncols": 5, "nrows": 20}, "improvement": 4.195242497915142, "original_score": -3.9143463672436014, "new_score": 0.2808961306715412, "improved": true}