{"fitness": 0.20033258162724732, "similarity": 0, "_step": 21, "_runtime": 782, "_timestamp": 1610286401, "Table of best SMILES": {"_type": "table-file", "path": "media/table/Table of best SMILES_20_4e3e0984.table.json", "sha256": "4e3e098447201b502085fe7a1c83c699b3ef73d67aafdbe150ebb561d8dd87a7", "size": 5049, "ncols": 5, "nrows": 20}, "improvement": 1.041403662521517, "original_score": -0.8410710808942696, "new_score": 0.20033258162724732, "improved": true}