{"fitness": -1.8366737673673355, "similarity": 0, "_step": 21, "_runtime": 791, "_timestamp": 1610250152, "Table of best SMILES": {"_type": "table-file", "path": "media/table/Table of best SMILES_20_dc2e1c63.table.json", "sha256": "dc2e1c6371ab42af1570f34e4613aea8f46d1b687659eec656d79b658808c6a6", "size": 5080, "ncols": 5, "nrows": 20}, "improvement": 0.0, "original_score": -1.8366737673673355, "new_score": -1.8366737673673355, "improved": false}