{"fitness": -3.2890727120503636, "similarity": 0, "_step": 21, "_runtime": 798, "_timestamp": 1610354591, "Table of best SMILES": {"_type": "table-file", "path": "media/table/Table of best SMILES_20_49968153.table.json", "sha256": "49968153d28f2d620256331d6bce16539e2a4bb47bf815a50a6cd55aa7d01745", "size": 5326, "ncols": 5, "nrows": 20}, "improvement": 0.4204330852629372, "original_score": -3.7095057973133008, "new_score": -3.2890727120503636, "improved": true}