{"fitness": -999997.1008892506, "similarity": -1000000, "_step": 21, "_runtime": 308, "_timestamp": 1610301866, "Table of best SMILES": {"_type": "table-file", "path": "media/table/Table of best SMILES_20_db77851b.table.json", "sha256": "db77851bc38dabf366d2dfa6f51ed04bcc8b8d44909e18bd9c3c0c54b792fe36", "size": 6418, "ncols": 5, "nrows": 20}, "improvement": 6.22908719885163, "original_score": -1000003.3299764495, "new_score": -999997.1008892506, "improved": true}