{"fitness": -1.6540313504361401, "similarity": 0, "_step": 21, "_runtime": 3040, "_timestamp": 1610659579, "Table of best SMILES": {"_type": "table-file", "path": "media/table/Table of best SMILES_20_f6f60d7b.table.json", "sha256": "f6f60d7b74ad1416cf0ef9083b7366bf868559386f525d116be446255df82581", "size": 5400, "ncols": 5, "nrows": 20}, "improvement": 0.16350735566829178, "original_score": -1.817538706104432, "new_score": -1.6540313504361401, "improved": true}