{"fitness": 1.300085288130492, "similarity": 0, "_step": 21, "_runtime": 978, "_timestamp": 1611108445, "Table of best SMILES": {"_type": "table-file", "path": "media/table/Table of best SMILES_20_3b27d6e4.table.json", "sha256": "3b27d6e48319c68e8f73b4a266308f0ac61e60d7497b7bdfb92a0d6e9c224348", "size": 5508, "ncols": 5, "nrows": 20}, "improvement": 2.4305552422980248, "original_score": -1.1304699541675327, "new_score": 1.300085288130492, "improved": true}