{"fitness": -3.6957490811363614, "similarity": 0, "_step": 21, "_runtime": 1002, "_timestamp": 1610966218, "Table of best SMILES": {"_type": "table-file", "path": "media/table/Table of best SMILES_20_aa78ef24.table.json", "sha256": "aa78ef248b2f714caf5019d06865a9460cda479af73517cb13c0fbe7edffb082", "size": 4493, "ncols": 5, "nrows": 20}, "improvement": 0.0, "original_score": -3.6957490811363614, "new_score": -3.6957490811363614, "improved": false}