{"fitness": -0.29607163130650993, "similarity": 0, "_step": 21, "_runtime": 2964, "_timestamp": 1610612289, "Table of best SMILES": {"_type": "table-file", "path": "media/table/Table of best SMILES_20_fdde95ed.table.json", "sha256": "fdde95ed44c6387bc2e2e4b49ab02b6a27b8f747df76f882cf61e4d0427eb1c2", "size": 4877, "ncols": 5, "nrows": 20}, "improvement": 1.729655147125621, "original_score": -2.025726778432131, "new_score": -0.29607163130650993, "improved": true}