{"fitness": -2.298956735278556, "similarity": 0, "_step": 21, "_runtime": 786, "_timestamp": 1610271598, "Table of best SMILES": {"_type": "table-file", "path": "media/table/Table of best SMILES_20_8e312a08.table.json", "sha256": "8e312a0857ebf73b9f1e39463ed63466898d50aae7c3f0d4e0219c25fee4423b", "size": 6162, "ncols": 5, "nrows": 20}, "improvement": 0.903850884174878, "original_score": -3.202807619453434, "new_score": -2.298956735278556, "improved": true}