{"fitness": -999993.886091375, "similarity": -1000000, "_step": 21, "_runtime": 2598, "_timestamp": 1611111553, "Table of best SMILES": {"_type": "table-file", "path": "media/table/Table of best SMILES_20_e5a2f7a9.table.json", "sha256": "e5a2f7a9fd51c5e12f5b419b87080b5969b6d10ca2885987562beac4b70e89f3", "size": 7675, "ncols": 5, "nrows": 20}, "improvement": 14.301262596389279, "original_score": -1000008.1873539714, "new_score": -999993.886091375, "improved": true}