{"fitness": 3.8143915757061397, "similarity": 0, "_step": 21, "_runtime": 919, "_timestamp": 1610856503, "Table of best SMILES": {"_type": "table-file", "path": "media/table/Table of best SMILES_20_74911a4d.table.json", "sha256": "74911a4d3ff7884000f752b693827fb782bc778fe6e4ce1649a98af33af6dba2", "size": 4793, "ncols": 5, "nrows": 20}, "improvement": 6.380007063136435, "original_score": -2.5157171108351397, "new_score": 3.864289952301295, "improved": true}