{"fitness": -1.9588455141047454, "similarity": 0, "_step": 21, "_runtime": 786, "_timestamp": 1610230742, "Table of best SMILES": {"_type": "table-file", "path": "media/table/Table of best SMILES_20_a7543037.table.json", "sha256": "a75430370879333a657eac0e5a89d2aa3c998493dc6a86e1429aaaf24a68acf7", "size": 4930, "ncols": 5, "nrows": 20}, "improvement": 0.9356117981404732, "original_score": -2.8944573122452186, "new_score": -1.9588455141047454, "improved": true}