{"fitness": 0.04720532399527275, "similarity": 0, "_step": 21, "_runtime": 4682, "_timestamp": 1611002888, "Table of best SMILES": {"_type": "table-file", "path": "media/table/Table of best SMILES_20_dc723db8.table.json", "sha256": "dc723db89bd921f02209dd51f380624688e15e0079cc3905f7679b7d134d3f88", "size": 5560, "ncols": 5, "nrows": 20}, "improvement": 4.372349234568261, "original_score": -4.325143910572988, "new_score": 0.04720532399527275, "improved": true}