{"fitness": 7.711050874197025, "fitness_no_discr": 10.825517069398696, "_step": 44, "_runtime": 2133, "_timestamp": 1610032363, "graph_0": {"_type": "graph-file", "path": "media/graph/graph_0_summary_2171df4b.graph.json", "sha256": "2171df4be73c53b8fe48002cd79e6b06c6e9ca8e0dd1b76182a6ac5061ade2b6", "size": 723}}