{"fitness": -1.411951523322556, "similarity": 0, "_step": 21, "_runtime": 3564, "_timestamp": 1610720102, "Table of best SMILES": {"_type": "table-file", "path": "media/table/Table of best SMILES_20_d0015186.table.json", "sha256": "d0015186b275fa091d86fc16a94a8f8512248ff3baa01ce0bba378e3908982b4", "size": 5565, "ncols": 5, "nrows": 20}, "improvement": 1.7878187896836442, "original_score": -3.1997703130062, "new_score": -1.411951523322556, "improved": true}