{"fitness": 0.42228774305369066, "similarity": 0, "_step": 21, "_runtime": 804, "_timestamp": 1610208435, "Table of best SMILES": {"_type": "table-file", "path": "media/table/Table of best SMILES_20_19217250.table.json", "sha256": "192172503b118b8240def16dbdfba32e32e64d86ee374208faa1ba9a0e4704eb", "size": 5966, "ncols": 5, "nrows": 20}, "improvement": 1.9712911591639943, "original_score": -1.2507441671237405, "new_score": 0.7205469920402539, "improved": true}