{"fitness": -1.8960535917765367, "similarity": 0, "_step": 21, "_runtime": 779, "_timestamp": 1610343634, "Table of best SMILES": {"_type": "table-file", "path": "media/table/Table of best SMILES_20_9f07bdcb.table.json", "sha256": "9f07bdcbdbbb2c78033e19e9a4ec48e73d0749aeb3ef038366666751732bee52", "size": 7170, "ncols": 5, "nrows": 20}, "improvement": 0.4640023651892651, "original_score": -2.3600559569658017, "new_score": -1.8960535917765367, "improved": true}