{"fitness": -4.313233460442902, "similarity": 0, "_step": 21, "_runtime": 844, "_timestamp": 1610368103, "Table of best SMILES": {"_type": "table-file", "path": "media/table/Table of best SMILES_20_8021b675.table.json", "sha256": "8021b6759e65b68dabbdee0d4e027663f622c044e362fcda06a7c99aa7fec028", "size": 5204, "ncols": 5, "nrows": 20}, "improvement": 0.28503074497061487, "original_score": -4.598264205413517, "new_score": -4.313233460442902, "improved": true}