{"fitness": -0.6910343605980297, "similarity": 0, "_step": 21, "_runtime": 757, "_timestamp": 1610315736, "Table of best SMILES": {"_type": "table-file", "path": "media/table/Table of best SMILES_20_ee022eca.table.json", "sha256": "ee022eca8fb4d70e41a27306db1f6c2c0969c58a84bf9713dd9c3ecdb2d553e0", "size": 6062, "ncols": 5, "nrows": 20}, "improvement": 0.9629794178490533, "original_score": -1.654013778447083, "new_score": -0.6910343605980297, "improved": true}