{"fitness": 0.27202411065322707, "similarity": 0, "_step": 21, "_runtime": 941, "_timestamp": 1610886936, "Table of best SMILES": {"_type": "table-file", "path": "media/table/Table of best SMILES_20_f28d9aa4.table.json", "sha256": "f28d9aa488cd7aaa8653c810a72168069ba7b8201e76e52bd16534bd3e7c45a1", "size": 5487, "ncols": 5, "nrows": 20}, "improvement": 2.1086978780205623, "original_score": -1.8366737673673355, "new_score": 0.27202411065322707, "improved": true}