{"fitness": 0.27202411065322707, "similarity": 0, "_step": 21, "_runtime": 763, "_timestamp": 1610192443, "Table of best SMILES": {"_type": "table-file", "path": "media/table/Table of best SMILES_20_d59c62fc.table.json", "sha256": "d59c62fc1280cd3f1ca21f22dd6eac6b592b7b200e56db3b1884f687f0bc1e18", "size": 5138, "ncols": 5, "nrows": 20}, "improvement": 2.1086978780205623, "original_score": -1.8366737673673355, "new_score": 0.27202411065322707, "improved": true}