{"fitness": -3.2178434245334286, "similarity": 0, "_step": 21, "_runtime": 2431, "_timestamp": 1611045818, "Table of best SMILES": {"_type": "table-file", "path": "media/table/Table of best SMILES_20_d8a4e151.table.json", "sha256": "d8a4e151f72bf875f9a11f68e3b609710bc74819224d0dcddba9a2e7b26f149a", "size": 5727, "ncols": 5, "nrows": 20}, "improvement": 0.0, "original_score": -3.2178434245334286, "new_score": -3.2178434245334286, "improved": false}