{"fitness": 2.8284990195365647, "similarity": 0, "_step": 21, "_runtime": 1045, "_timestamp": 1611123765, "Table of best SMILES": {"_type": "table-file", "path": "media/table/Table of best SMILES_20_b995bad1.table.json", "sha256": "b995bad13b09826be4caebf09564ef4cc2616b339432af11b45b47c6a2c7b1f8", "size": 5919, "ncols": 5, "nrows": 20}, "improvement": 3.947418090246714, "original_score": -1.1189190707101493, "new_score": 2.8284990195365647, "improved": true}