{"fitness": 1.067965223077567, "similarity": 0, "_step": 21, "_runtime": 1037, "_timestamp": 1610973434, "Table of best SMILES": {"_type": "table-file", "path": "media/table/Table of best SMILES_20_ba9ca162.table.json", "sha256": "ba9ca162dd2190b23cee879ebe6ebb29ecb767fa3b7d47c9a20477c5f868e40f", "size": 7081, "ncols": 5, "nrows": 20}, "improvement": 3.0999026695600973, "original_score": -2.0319374464825306, "new_score": 1.067965223077567, "improved": true}