{"fitness": -0.5141778590324932, "similarity": 0, "_step": 21, "_runtime": 970, "_timestamp": 1610942437, "Table of best SMILES": {"_type": "table-file", "path": "media/table/Table of best SMILES_20_86750f56.table.json", "sha256": "86750f56368097c1c20af4a522b51fa486942eb1ed0e264cfd15908f65c34b00", "size": 5047, "ncols": 5, "nrows": 20}, "improvement": 4.068746636997991, "original_score": -4.1817029644135095, "new_score": -0.11295632741551834, "improved": true}