{"fitness": -5.270792649134664, "similarity": 0, "_step": 21, "_runtime": 2648, "_timestamp": 1611141104, "Table of best SMILES": {"_type": "table-file", "path": "media/table/Table of best SMILES_20_1b2663b3.table.json", "sha256": "1b2663b306b4e90e7b5b47ae3bc5ea6bddd3ddffdd666c00acd1078500d39916", "size": 4569, "ncols": 5, "nrows": 20}, "improvement": 0.3112921791917742, "original_score": -5.582084828326439, "new_score": -5.270792649134664, "improved": true}