{"fitness": 0.8884046961892675, "similarity": 0, "_step": 21, "_runtime": 2977, "_timestamp": 1610648041, "Table of best SMILES": {"_type": "table-file", "path": "media/table/Table of best SMILES_20_58610ec3.table.json", "sha256": "58610ec38cc6551a765f5267ec5a50584c604c81bc666f225bf677f6105e46da", "size": 6660, "ncols": 5, "nrows": 20}, "improvement": 2.077967788988384, "original_score": -1.1895630927991163, "new_score": 0.8884046961892675, "improved": true}