{"fitness": 1.4147990822187804, "similarity": 0, "_step": 21, "_runtime": 944, "_timestamp": 1610858315, "Table of best SMILES": {"_type": "table-file", "path": "media/table/Table of best SMILES_20_471edcfa.table.json", "sha256": "471edcfa068f7938b8194f1f821b22c4f30ef2026d3ea1a30e717360d100f448", "size": 8465, "ncols": 5, "nrows": 20}, "improvement": 2.5006295728754684, "original_score": -1.085830490656688, "new_score": 1.4147990822187804, "improved": true}