{"fitness": 3.255205852644329, "similarity": 0, "_step": 21, "_runtime": 960, "_timestamp": 1610890729, "Table of best SMILES": {"_type": "table-file", "path": "media/table/Table of best SMILES_20_1e455356.table.json", "sha256": "1e45535689814510792852c0e379c6a3b08e8287f1ba6aea1f153ceb7e9dbfe3", "size": 6276, "ncols": 5, "nrows": 20}, "improvement": 4.441931064050846, "original_score": -1.1867252114065165, "new_score": 3.255205852644329, "improved": true}