{"fitness": -1.915441278852651, "similarity": 0, "_step": 21, "_runtime": 1190, "_timestamp": 1610135138, "Table of best SMILES": {"_type": "table-file", "path": "media/table/Table of best SMILES_20_3bbf7963.table.json", "sha256": "3bbf7963da2776573d7c7a0f175b805eb494eac59ed8344f5fae3dd644a74418", "size": 4159, "ncols": 5, "nrows": 20}, "improvement": 3.616821380914982, "original_score": -5.123952881206691, "new_score": -1.5071315002917085, "improved": true}