{"fitness": -0.9111707014204025, "similarity": 0, "_step": 21, "_runtime": 3749, "_timestamp": 1610876951, "Table of best SMILES": {"_type": "table-file", "path": "media/table/Table of best SMILES_20_885e593f.table.json", "sha256": "885e593f870e0ce9340ac0e19fdf8f2e2833fd8f863627fe6197203e89332e18", "size": 6259, "ncols": 5, "nrows": 20}, "improvement": 0.9763554525660585, "original_score": -1.887526153986461, "new_score": -0.9111707014204025, "improved": true}