{"fitness": 2.0818684247932455, "similarity": 0, "_step": 21, "_runtime": 849, "_timestamp": 1610830570, "Table of best SMILES": {"_type": "table-file", "path": "media/table/Table of best SMILES_20_41c0a8a4.table.json", "sha256": "41c0a8a4e594a045a9ee8da86103eed5a4b33a9035733c72ff65d247c7eef635", "size": 3815, "ncols": 5, "nrows": 20}, "improvement": 3.2112464402322987, "original_score": -1.1293780154390534, "new_score": 2.0818684247932455, "improved": true}