{"fitness": 0.45937752778514973, "similarity": 0, "_step": 21, "_runtime": 779, "_timestamp": 1610254018, "Table of best SMILES": {"_type": "table-file", "path": "media/table/Table of best SMILES_20_01064b89.table.json", "sha256": "01064b89246dc2e4c4678f9a2ee42436687bab54803e8bbce690e1feb88ed858", "size": 5855, "ncols": 5, "nrows": 20}, "improvement": 4.07530011611221, "original_score": -3.2603332623274515, "new_score": 0.814966853784759, "improved": true}