{"fitness": 1.594957864783723, "similarity": 0, "_step": 21, "_runtime": 800, "_timestamp": 1610231545, "Table of best SMILES": {"_type": "table-file", "path": "media/table/Table of best SMILES_20_91a0579f.table.json", "sha256": "91a0579ff5b724cf468ed2ca820b5cc3997f072e9af57fd64f052c5958669aa9", "size": 5384, "ncols": 5, "nrows": 20}, "improvement": 3.2654842088881204, "original_score": -1.6705263441043974, "new_score": 1.594957864783723, "improved": true}