{"fitness": -1.9496612611674895, "similarity": 0, "_step": 21, "_runtime": 928, "_timestamp": 1610915780, "Table of best SMILES": {"_type": "table-file", "path": "media/table/Table of best SMILES_20_225403f3.table.json", "sha256": "225403f35e8c5acead1b3adb57704ed7ff382b5d6ca9a7bd78a4a373972821cd", "size": 5799, "ncols": 5, "nrows": 20}, "improvement": 4.036099505740026, "original_score": -5.705672481889355, "new_score": -1.6695729761493294, "improved": true}