{"fitness": -999994.669109353, "similarity": -1000000, "_step": 21, "_runtime": 801, "_timestamp": 1610217383, "Table of best SMILES": {"_type": "table-file", "path": "media/table/Table of best SMILES_20_cdfae92c.table.json", "sha256": "cdfae92c3663f010e9721a7a99d8093e0f6da754a517176c1ac1cbee0b4be844", "size": 6363, "ncols": 5, "nrows": 20}, "improvement": 9.64684186305385, "original_score": -1000004.315951216, "new_score": -999994.669109353, "improved": true}