{"fitness": 2.4023555141686166, "similarity": 0, "_step": 21, "_runtime": 1594, "_timestamp": 1611149360, "Table of best SMILES": {"_type": "table-file", "path": "media/table/Table of best SMILES_20_a7e519e3.table.json", "sha256": "a7e519e3e98e7d706ddb1ca9285ac9bbe67ac16f4665bdc20ebefbbbdd9eef27", "size": 6297, "ncols": 5, "nrows": 20}, "improvement": 4.192011312685659, "original_score": -1.789655798517042, "new_score": 2.4023555141686166, "improved": true}