{"fitness": -0.023518961615221018, "similarity": 0, "_step": 21, "_runtime": 928, "_timestamp": 1611097952, "Table of best SMILES": {"_type": "table-file", "path": "media/table/Table of best SMILES_20_6c203aef.table.json", "sha256": "6c203aef66208e4fafb647080e35a13feda41ab5afe80cd64a7e7e5ccfa901a4", "size": 7104, "ncols": 5, "nrows": 20}, "improvement": 1.9008449436910884, "original_score": -1.9243639053063093, "new_score": -0.023518961615221018, "improved": true}