{"fitness": 2.540178762219787, "similarity": 0, "_step": 21, "_runtime": 755, "_timestamp": 1610191677, "Table of best SMILES": {"_type": "table-file", "path": "media/table/Table of best SMILES_20_0c12c726.table.json", "sha256": "0c12c72642b6adbe16348bceeb068179858f73702739ccd685394c4cf8505586", "size": 5107, "ncols": 5, "nrows": 20}, "improvement": 4.905384326063224, "original_score": -2.3652055638434377, "new_score": 2.540178762219787, "improved": true}