{"fitness": 1.1841010050608325, "similarity": 0, "_step": 21, "_runtime": 783, "_timestamp": 1611066336, "Table of best SMILES": {"_type": "table-file", "path": "media/table/Table of best SMILES_20_5791138a.table.json", "sha256": "5791138a2cdf35f7cfe48558254a549b1febcf3b91fc66477348f1be06cc7f6c", "size": 6103, "ncols": 5, "nrows": 20}, "improvement": 5.562004995759966, "original_score": -4.377903990699133, "new_score": 1.1841010050608325, "improved": true}