{"fitness": 1.2943650196993544, "similarity": 0, "_step": 21, "_runtime": 920, "_timestamp": 1610904684, "Table of best SMILES": {"_type": "table-file", "path": "media/table/Table of best SMILES_20_adc83c5c.table.json", "sha256": "adc83c5c5c1e5df7bcdb8af3f75ef6e99da60eb98e372e8d94b5677e099c3445", "size": 5168, "ncols": 5, "nrows": 20}, "improvement": 2.414947752236362, "original_score": -1.1205827325370072, "new_score": 1.2943650196993544, "improved": true}