{"fitness": 0.4450001657493998, "similarity": 0, "_step": 21, "_runtime": 808, "_timestamp": 1610206019, "Table of best SMILES": {"_type": "table-file", "path": "media/table/Table of best SMILES_20_3068f3b6.table.json", "sha256": "3068f3b6c235a6649deb26d3c480501e2e22af0c9cc3feb7e2caaf90ff991314", "size": 7710, "ncols": 5, "nrows": 20}, "improvement": 3.7495898135350867, "original_score": -3.304589647785687, "new_score": 0.4450001657493998, "improved": true}