{"fitness": 1.0046203445468869, "similarity": 0, "_step": 21, "_runtime": 3608, "_timestamp": 1610807218, "Table of best SMILES": {"_type": "table-file", "path": "media/table/Table of best SMILES_20_b76b39c8.table.json", "sha256": "b76b39c8360b89c49fc4e7a74396ce2ff36852bc8a484bab5fa67af8d07569ca", "size": 4881, "ncols": 5, "nrows": 20}, "improvement": 2.156890498163751, "original_score": -1.1522701536168638, "new_score": 1.0046203445468869, "improved": true}