{"fitness": -3.224088966835545, "similarity": 0, "_step": 21, "_runtime": 967, "_timestamp": 1610425558, "Table of best SMILES": {"_type": "table-file", "path": "media/table/Table of best SMILES_20_76d05159.table.json", "sha256": "76d051593874b7f5c9205079a521ad4654f13d62d4c768aad41540db365b5a9f", "size": 5110, "ncols": 5, "nrows": 20}, "improvement": 0.0, "original_score": -3.224088966835545, "new_score": -3.224088966835545, "improved": false}