{"fitness": -0.7364981474684522, "similarity": 0, "_step": 21, "_runtime": 766, "_timestamp": 1610304944, "Table of best SMILES": {"_type": "table-file", "path": "media/table/Table of best SMILES_20_5d39bd70.table.json", "sha256": "5d39bd702e7d5c4b9e832e593853980cce54827c1437ffacf1ddcbb4dc34499a", "size": 5474, "ncols": 5, "nrows": 20}, "improvement": 3.494235777995263, "original_score": -4.230733925463715, "new_score": -0.7364981474684522, "improved": true}