{"fitness": 0.3317513004577348, "similarity": 0, "_step": 21, "_runtime": 836, "_timestamp": 1610389093, "Table of best SMILES": {"_type": "table-file", "path": "media/table/Table of best SMILES_20_44647b88.table.json", "sha256": "44647b88a327901c899901ef47870701c8b41da3cb986b25ca45700f52bb89c6", "size": 5090, "ncols": 5, "nrows": 20}, "improvement": 2.2247242766310857, "original_score": -1.8292726346361503, "new_score": 0.39545164199493527, "improved": true}