{"fitness": 2.523779968862034, "similarity": 0, "_step": 21, "_runtime": 942, "_timestamp": 1610870196, "Table of best SMILES": {"_type": "table-file", "path": "media/table/Table of best SMILES_20_8facb6ee.table.json", "sha256": "8facb6ee439889e55b8f226975baf170dace22f868ef9cbfe4f39a7e1bc2491d", "size": 7986, "ncols": 5, "nrows": 20}, "improvement": 5.231662370230879, "original_score": -2.707882401368845, "new_score": 2.523779968862034, "improved": true}