{"fitness": -0.5880884075558928, "similarity": 0, "_step": 21, "_runtime": 3728, "_timestamp": 1610888157, "Table of best SMILES": {"_type": "table-file", "path": "media/table/Table of best SMILES_20_1a3e528a.table.json", "sha256": "1a3e528af328a5ea005b4faf4210eeb98417da1efd97e54ac72369dd11981507", "size": 4130, "ncols": 5, "nrows": 20}, "improvement": 2.193116353779212, "original_score": -2.781204761335105, "new_score": -0.5880884075558928, "improved": true}