{"fitness": -2.227945343325065, "similarity": 0, "_step": 21, "_runtime": 2334, "_timestamp": 1611016984, "Table of best SMILES": {"_type": "table-file", "path": "media/table/Table of best SMILES_20_20472471.table.json", "sha256": "204724712d66f97aaace0bce44910c1edf2e4d93fb98fb91b723840ec69d96d2", "size": 4411, "ncols": 5, "nrows": 20}, "improvement": 0.0, "original_score": -2.227945343325065, "new_score": -2.227945343325065, "improved": false}