{"fitness": 0.16276990885095546, "similarity": 0, "_step": 21, "_runtime": 964, "_timestamp": 1610943404, "Table of best SMILES": {"_type": "table-file", "path": "media/table/Table of best SMILES_20_b64e6cce.table.json", "sha256": "b64e6cce5826ef5649f59f2e798d7a53dbd2d464eccdde8faaaf0092fdc8cc0a", "size": 3953, "ncols": 5, "nrows": 20}, "improvement": 2.723521400341778, "original_score": -2.5607514914908225, "new_score": 0.16276990885095546, "improved": true}