{"fitness": -1.9888450782777, "similarity": 0, "_step": 21, "_runtime": 778, "_timestamp": 1610238691, "Table of best SMILES": {"_type": "table-file", "path": "media/table/Table of best SMILES_20_616aa1b8.table.json", "sha256": "616aa1b80b54c03a83472ab6c551dce8f868c43b26e7c367f846f71c6ebb1a57", "size": 4465, "ncols": 5, "nrows": 20}, "improvement": 0.0, "original_score": -1.9888450782777, "new_score": -1.9888450782777, "improved": false}