{"fitness": -999995.396676158, "similarity": -1000000, "_step": 21, "_runtime": 2231, "_timestamp": 1610499324, "Table of best SMILES": {"_type": "table-file", "path": "media/table/Table of best SMILES_20_cb317068.table.json", "sha256": "cb3170682453976db8da9e011a2b8d0ea26670982d77dafba97f1d663b2dc57a", "size": 8663, "ncols": 5, "nrows": 20}, "improvement": 8.000565829919651, "original_score": -1000003.3972419879, "new_score": -999995.396676158, "improved": true}