{"fitness": -2.9162874140095414, "similarity": 0, "_step": 21, "_runtime": 823, "_timestamp": 1610382507, "Table of best SMILES": {"_type": "table-file", "path": "media/table/Table of best SMILES_20_a93eb182.table.json", "sha256": "a93eb182537ac5e6021ee51fff5bba47d6fccdabd58809c8782edb0ed3f910fc", "size": 4038, "ncols": 5, "nrows": 20}, "improvement": 0.0, "original_score": -2.9162874140095414, "new_score": -2.9162874140095414, "improved": false}