{"fitness": 1.4942300764786007, "similarity": 0, "_step": 21, "_runtime": 784, "_timestamp": 1610322701, "Table of best SMILES": {"_type": "table-file", "path": "media/table/Table of best SMILES_20_ca05aa96.table.json", "sha256": "ca05aa9653e18af8eaa4f401c37801812215acce805a287746bc34212bbffc7d", "size": 4539, "ncols": 5, "nrows": 20}, "improvement": 3.9326501634710573, "original_score": -2.2565922147821293, "new_score": 1.676057948688928, "improved": true}