{"fitness": -999996.9345934794, "similarity": -1000000, "_step": 21, "_runtime": 1170, "_timestamp": 1610145859, "Table of best SMILES": {"_type": "table-file", "path": "media/table/Table of best SMILES_20_58103d99.table.json", "sha256": "58103d99bf360ea27e11ead3072e2b40f1aaa32c7a81eae85020a381f185fbe8", "size": 5521, "ncols": 5, "nrows": 20}, "improvement": 7.381357736652717, "original_score": -1000004.315951216, "new_score": -999996.9345934794, "improved": true}