{"fitness": 1.2757420978183627, "similarity": 0, "_step": 21, "_runtime": 1216, "_timestamp": 1610136358, "Table of best SMILES": {"_type": "table-file", "path": "media/table/Table of best SMILES_20_89029cc0.table.json", "sha256": "89029cc0fadfdf7d96d9b21244539adf4b0dd1262baf9e1408123203f94fbf4c", "size": 4980, "ncols": 5, "nrows": 20}, "improvement": 11.10732038114514, "original_score": -9.831578283326778, "new_score": 1.2757420978183627, "improved": true}