{"fitness": -2.5748616519150214, "similarity": 0, "_step": 21, "_runtime": 806, "_timestamp": 1610212423, "Table of best SMILES": {"_type": "table-file", "path": "media/table/Table of best SMILES_20_050edf9e.table.json", "sha256": "050edf9e09d76af77e1124ca5db3c0087bc647ddb57811f3dab633087504f2d4", "size": 4559, "ncols": 5, "nrows": 20}, "improvement": 1.3691543861601154, "original_score": -3.944016038075137, "new_score": -2.5748616519150214, "improved": true}