{"fitness": 0.16088343222238435, "similarity": 0, "_step": 21, "_runtime": 892, "_timestamp": 1610865582, "Table of best SMILES": {"_type": "table-file", "path": "media/table/Table of best SMILES_20_55f6a434.table.json", "sha256": "55f6a4342a2911898655f2fc9896e13509d32bbb9fe42f6cd7cd2ad0e2c67ad8", "size": 5198, "ncols": 5, "nrows": 20}, "improvement": 2.9724103988753456, "original_score": -2.8115269666529614, "new_score": 0.16088343222238435, "improved": true}