{"fitness": 1.4156473754098868, "similarity": 0, "_step": 21, "_runtime": 1089, "_timestamp": 1610999784, "Table of best SMILES": {"_type": "table-file", "path": "media/table/Table of best SMILES_20_707b868a.table.json", "sha256": "707b868a10e17742b5a06385843f54b91a52180f99eec22d104383ce78766281", "size": 6961, "ncols": 5, "nrows": 20}, "improvement": 3.3436496948276826, "original_score": -1.9280023194177958, "new_score": 1.4156473754098868, "improved": true}