{"fitness": -0.8625983664289303, "similarity": 0, "_step": 21, "_runtime": 3479, "_timestamp": 1610771907, "Table of best SMILES": {"_type": "table-file", "path": "media/table/Table of best SMILES_20_5bbc0a4a.table.json", "sha256": "5bbc0a4a35a261902504faa58803e16222537ab80a5412159548986c68eef914", "size": 5124, "ncols": 5, "nrows": 20}, "improvement": 1.5190556908882236, "original_score": -2.381654057317154, "new_score": -0.8625983664289303, "improved": true}