{"fitness": 0.3165593966234206, "similarity": 0, "_step": 21, "_runtime": 1285, "_timestamp": 1610164705, "Table of best SMILES": {"_type": "table-file", "path": "media/table/Table of best SMILES_20_63d1e2fb.table.json", "sha256": "63d1e2fb23d2253074b791799ad1738068021881aecbf522f84975c65a07eb9f", "size": 4542, "ncols": 5, "nrows": 20}, "improvement": 2.6840588157855327, "original_score": -2.0737105397931828, "new_score": 0.6103482759923499, "improved": true}