{"fitness": 1.6791717553400247, "similarity": 0, "_step": 21, "_runtime": 3729, "_timestamp": 1610865748, "Table of best SMILES": {"_type": "table-file", "path": "media/table/Table of best SMILES_20_14c4227e.table.json", "sha256": "14c4227e2019b0122777f9c6473c53e6200fd934286edff34c263fb784e54368", "size": 5784, "ncols": 5, "nrows": 20}, "improvement": 3.864891594533346, "original_score": -2.1857198391933212, "new_score": 1.6791717553400247, "improved": true}