{"fitness": -1.2466713660812614, "similarity": 0, "_step": 21, "_runtime": 3437, "_timestamp": 1610705923, "Table of best SMILES": {"_type": "table-file", "path": "media/table/Table of best SMILES_20_436a460f.table.json", "sha256": "436a460f81820e6a490045f993bb014972bfbc2d87fbd064bb96c772ddb33126", "size": 5104, "ncols": 5, "nrows": 20}, "improvement": 0.0, "original_score": -1.2466713660812614, "new_score": -1.2466713660812614, "improved": false}