{"fitness": -5.151479404243184, "similarity": 0, "_step": 21, "_runtime": 722, "_timestamp": 1611034078, "Table of best SMILES": {"_type": "table-file", "path": "media/table/Table of best SMILES_20_8aa318c9.table.json", "sha256": "8aa318c9e478c701ecc1df1bf67d5be3be5055118ab47de5bda9907e442ccb9d", "size": 5042, "ncols": 5, "nrows": 20}, "improvement": 0.5029753943508641, "original_score": -5.654454798594048, "new_score": -5.151479404243184, "improved": true}