{"fitness": -0.02417007849469896, "similarity": 0, "_step": 21, "_runtime": 4660, "_timestamp": 1610993551, "Table of best SMILES": {"_type": "table-file", "path": "media/table/Table of best SMILES_20_ddf60339.table.json", "sha256": "ddf60339bd6b640a8593fb61bfa2539dbe614cb91d79490ffd60f5035b246e72", "size": 4291, "ncols": 5, "nrows": 20}, "improvement": 1.3075571035827116, "original_score": -1.3317271820774106, "new_score": -0.02417007849469896, "improved": true}