{"fitness": 1.8124023085655188, "similarity": 0, "_step": 21, "_runtime": 2468, "_timestamp": 1611058131, "Table of best SMILES": {"_type": "table-file", "path": "media/table/Table of best SMILES_20_2c372edb.table.json", "sha256": "2c372edb8884437e136db5c9f54e289514f2fcff068effc2eabe5ab19b112063", "size": 4406, "ncols": 5, "nrows": 20}, "improvement": 3.590138525035415, "original_score": -1.7777362164698964, "new_score": 1.8124023085655188, "improved": true}