{"fitness": -999994.7355860474, "similarity": -1000000, "_step": 21, "_runtime": 2539, "_timestamp": 1610553874, "Table of best SMILES": {"_type": "table-file", "path": "media/table/Table of best SMILES_20_d7a2c1f2.table.json", "sha256": "d7a2c1f2332573b8e77ed58eecac076886909ae345cdd514c0bc305f427972d2", "size": 6647, "ncols": 5, "nrows": 20}, "improvement": 9.527743866899982, "original_score": -1000004.2633299143, "new_score": -999994.7355860474, "improved": true}