{"fitness": -1.6839059787755128, "similarity": 0, "_step": 21, "_runtime": 859, "_timestamp": 1610377316, "Table of best SMILES": {"_type": "table-file", "path": "media/table/Table of best SMILES_20_dc7de36d.table.json", "sha256": "dc7de36d2cffe4e4111d0285123357453070ebf76d105e60b437a9091bf8e149", "size": 4922, "ncols": 5, "nrows": 20}, "improvement": 1.1076784763031826, "original_score": -2.7915844550786955, "new_score": -1.6839059787755128, "improved": true}