{"fitness": -2.5461235256066526, "similarity": 0, "_step": 21, "_runtime": 3532, "_timestamp": 1610727107, "Table of best SMILES": {"_type": "table-file", "path": "media/table/Table of best SMILES_20_32d79492.table.json", "sha256": "32d79492c94e94cce0c12fb86bde4024a69a5ac7490929606ee44b6f7154e1ab", "size": 6385, "ncols": 5, "nrows": 20}, "improvement": 3.3191017490983823, "original_score": -5.582475892432189, "new_score": -2.263374143333807, "improved": true}