{"fitness": 2.463679150641821, "similarity": 0, "_step": 21, "_runtime": 764, "_timestamp": 1611035604, "Table of best SMILES": {"_type": "table-file", "path": "media/table/Table of best SMILES_20_b612e8e8.table.json", "sha256": "b612e8e86d0c37a23b83ac692d5b40f4048d85eb8dd1e09b908cd5e64a652024", "size": 5016, "ncols": 5, "nrows": 20}, "improvement": 4.47118268617457, "original_score": -2.0075035355327495, "new_score": 2.463679150641821, "improved": true}