{"fitness": -1.890527740040964, "similarity": 0, "_step": 21, "_runtime": 850, "_timestamp": 1610371496, "Table of best SMILES": {"_type": "table-file", "path": "media/table/Table of best SMILES_20_c3c864c4.table.json", "sha256": "c3c864c43d46998b963bdb18f7fbf7f3d827613efe1cc2e200de1e64af23672b", "size": 7621, "ncols": 5, "nrows": 20}, "improvement": 0.0, "original_score": -1.890527740040964, "new_score": -1.890527740040964, "improved": false}