{"fitness": 1.3061237579807883, "similarity": 0, "_step": 21, "_runtime": 987, "_timestamp": 1610946362, "Table of best SMILES": {"_type": "table-file", "path": "media/table/Table of best SMILES_20_65c8af01.table.json", "sha256": "65c8af012d1e7ec253b786c0957f7939833f725467dc930be168e30d62bdf03f", "size": 6820, "ncols": 5, "nrows": 20}, "improvement": 3.1549300113847645, "original_score": -1.848806253403976, "new_score": 1.3061237579807883, "improved": true}