{"fitness": -0.45543828266277797, "similarity": 0, "_step": 21, "_runtime": 775, "_timestamp": 1610261150, "Table of best SMILES": {"_type": "table-file", "path": "media/table/Table of best SMILES_20_eb77980c.table.json", "sha256": "eb77980c2985d4e6e0c394c1a22c36dea7ca0300f6ad1d9b1d2bf7e804505287", "size": 5850, "ncols": 5, "nrows": 20}, "improvement": 2.853638299033933, "original_score": -3.309076581696711, "new_score": -0.45543828266277797, "improved": true}