{"fitness": -2.131382846117515, "similarity": 0, "_step": 21, "_runtime": 1240, "_timestamp": 1610181231, "Table of best SMILES": {"_type": "table-file", "path": "media/table/Table of best SMILES_20_1aa5445d.table.json", "sha256": "1aa5445d7b76c492aca06a7220ee9073e4986d7336155e28e736c2d0299d103c", "size": 5800, "ncols": 5, "nrows": 20}, "improvement": 0.0, "original_score": -2.131382846117515, "new_score": -2.131382846117515, "improved": false}