{"fitness": -3.558945963297212, "similarity": 0, "_step": 21, "_runtime": 910, "_timestamp": 1610365505, "Table of best SMILES": {"_type": "table-file", "path": "media/table/Table of best SMILES_20_4bf26dfc.table.json", "sha256": "4bf26dfc1a3499d0802d0d7c32e9fa177d5822fc4b349011e47d267a982e3464", "size": 6623, "ncols": 5, "nrows": 20}, "improvement": 0.0, "original_score": -3.558945963297212, "new_score": -3.558945963297212, "improved": false}