{"fitness": 1.9295739800226586, "similarity": 0, "_step": 21, "_runtime": 795, "_timestamp": 1610202474, "Table of best SMILES": {"_type": "table-file", "path": "media/table/Table of best SMILES_20_c1747f44.table.json", "sha256": "c1747f44d5f2cec89b04a42442bf571f68e1ab716414048aaecdfb18d0e836b6", "size": 5029, "ncols": 5, "nrows": 20}, "improvement": 4.20461667882537, "original_score": -2.2750426988027113, "new_score": 1.9295739800226586, "improved": true}