{"fitness": 2.292767087192861, "similarity": 0, "_step": 21, "_runtime": 907, "_timestamp": 1610866492, "Table of best SMILES": {"_type": "table-file", "path": "media/table/Table of best SMILES_20_72b2e050.table.json", "sha256": "72b2e0509ad035f72e02a28a81b91e4abfaa630dcad8611cdb0ca6fc5d57f910", "size": 4480, "ncols": 5, "nrows": 20}, "improvement": 4.6797133999941725, "original_score": -2.386946312801312, "new_score": 2.292767087192861, "improved": true}