{"fitness": -0.13399931784436944, "similarity": 0, "_step": 21, "_runtime": 3243, "_timestamp": 1610828803, "Table of best SMILES": {"_type": "table-file", "path": "media/table/Table of best SMILES_20_0fe161ce.table.json", "sha256": "0fe161ce1d0a5d4abaa8acf830e3388bd07e5489ec32c31e01d16228701526be", "size": 6501, "ncols": 5, "nrows": 20}, "improvement": 1.1342718229603976, "original_score": -1.268271140804767, "new_score": -0.13399931784436944, "improved": true}