{"fitness": -999994.4638517374, "similarity": -1000000, "_step": 21, "_runtime": 1200, "_timestamp": 1610125380, "Table of best SMILES": {"_type": "table-file", "path": "media/table/Table of best SMILES_20_fb39c083.table.json", "sha256": "fb39c083b6048c900b4f66533ceed1d48e67a7d56a0553d5e13e3a585911618c", "size": 6776, "ncols": 5, "nrows": 20}, "improvement": 7.258861083188094, "original_score": -1000001.7227128206, "new_score": -999994.4638517374, "improved": true}