{"fitness": -1.3457037359690782, "similarity": 0, "_step": 21, "_runtime": 930, "_timestamp": 1610881361, "Table of best SMILES": {"_type": "table-file", "path": "media/table/Table of best SMILES_20_e8412279.table.json", "sha256": "e8412279046b8568fff26b8eadeaef38c64e0604731f46483e11926d0ce466d8", "size": 7465, "ncols": 5, "nrows": 20}, "improvement": 2.59212714908162, "original_score": -3.398246313635528, "new_score": -0.8061191645539081, "improved": true}