{"fitness": -2.5607514914908225, "similarity": 0, "_step": 21, "_runtime": 770, "_timestamp": 1610296447, "Table of best SMILES": {"_type": "table-file", "path": "media/table/Table of best SMILES_20_620d20de.table.json", "sha256": "620d20defb606143007cf37a0449636d383175013353656ef6a122ab7eabf633", "size": 4162, "ncols": 5, "nrows": 20}, "improvement": 0.0, "original_score": -2.5607514914908225, "new_score": -2.5607514914908225, "improved": false}