{"fitness": 0.5632409121563492, "similarity": 0, "_step": 21, "_runtime": 795, "_timestamp": 1610352217, "Table of best SMILES": {"_type": "table-file", "path": "media/table/Table of best SMILES_20_2e3f7313.table.json", "sha256": "2e3f7313d7481a14f717f6e992706bc44bc18a160c4b4e7b7727612f49e3c54d", "size": 5703, "ncols": 5, "nrows": 20}, "improvement": 3.5279290659539404, "original_score": -2.9646881537975913, "new_score": 0.5632409121563492, "improved": true}