{"fitness": 3.9057092258136605, "similarity": 0, "_step": 21, "_runtime": 765, "_timestamp": 1610188614, "Table of best SMILES": {"_type": "table-file", "path": "media/table/Table of best SMILES_20_2bb0f1f2.table.json", "sha256": "2bb0f1f2b2e1e651087c1e9ddd966e3a63a5b0b6c8c5159205914a22c544523d", "size": 4947, "ncols": 5, "nrows": 20}, "improvement": 5.216501735472013, "original_score": -1.3107925096583524, "new_score": 3.9057092258136605, "improved": true}