{"fitness": -1.5897428266352356, "similarity": 0, "_step": 21, "_runtime": 2870, "_timestamp": 1611135810, "Table of best SMILES": {"_type": "table-file", "path": "media/table/Table of best SMILES_20_a2c52071.table.json", "sha256": "a2c52071b55a31fe469004b44aa2399222267c82a6891254cfbaf75755a858f3", "size": 5650, "ncols": 5, "nrows": 20}, "improvement": 0.647447831435985, "original_score": -2.2371906580712206, "new_score": -1.5897428266352356, "improved": true}