{"fitness": -2.675696939220872, "similarity": 0, "_step": 21, "_runtime": 2947, "_timestamp": 1610642076, "Table of best SMILES": {"_type": "table-file", "path": "media/table/Table of best SMILES_20_83bdf76b.table.json", "sha256": "83bdf76bc5c5c4984b3faae7efee0ffb1b35f5d9abe9b954fe35354be1dc0a24", "size": 3832, "ncols": 5, "nrows": 20}, "improvement": 0.0, "original_score": -2.675696939220872, "new_score": -2.675696939220872, "improved": false}