{"fitness": 1.600701863442771, "similarity": 0, "_step": 21, "_runtime": 1261, "_timestamp": 1610160673, "Table of best SMILES": {"_type": "table-file", "path": "media/table/Table of best SMILES_20_0f8e3276.table.json", "sha256": "0f8e3276f9c3fc46a8694acf44d91d2ee006cfe31e691ab9438aa41a0e0c7d73", "size": 5539, "ncols": 5, "nrows": 20}, "improvement": 5.0004027523848755, "original_score": -3.3997008889421045, "new_score": 1.600701863442771, "improved": true}