{"fitness": 29.17156082742884, "fitness_no_discr": 42.51305453181796, "discriminator": 0.00014345876115839928, "_step": 1000, "_runtime": 53056, "_timestamp": 1611199878, "graph_0": {"_type": "graph-file", "path": "media/graph/graph_0_summary_fc308faf.graph.json", "sha256": "fc308faf375c560da2cec18f7e30123c8b4ad467434cbc4eb7b18a723c241bf4", "size": 723}, "gradients/predict.bias": {"_type": "histogram", "values": [0.0, 0.0, 0.0, 0.0, 0.0, 0.0, 0.0, 0.0, 0.0, 0.0, 0.0, 0.0, 0.0, 0.0, 0.0, 0.0, 0.0, 0.0, 0.0, 0.0, 0.0, 0.0, 0.0, 0.0, 0.0, 0.0, 0.0, 0.0, 0.0, 0.0, 0.0, 0.0, 1.0, 0.0, 0.0, 0.0, 0.0, 0.0, 0.0, 0.0, 0.0, 0.0, 0.0, 0.0, 0.0, 0.0, 0.0, 0.0, 0.0, 0.0, 0.0, 0.0, 0.0, 0.0, 0.0, 0.0, 0.0, 0.0, 0.0, 0.0, 0.0, 0.0, 0.0, 0.0], "bins": [0.0005794915487058461, 0.0005794915487058461, 0.0005794915487058461, 0.0005794915487058461, 0.0005794915487058461, 0.0005794915487058461, 0.0005794915487058461, 0.0005794915487058461, 0.0005794915487058461, 0.0005794915487058461, 0.0005794915487058461, 0.0005794915487058461, 0.0005794915487058461, 0.0005794915487058461, 0.0005794915487058461, 0.0005794915487058461, 0.0005794915487058461, 0.0005794915487058461, 0.0005794915487058461, 0.0005794915487058461, 0.0005794915487058461, 0.0005794915487058461, 0.0005794915487058461, 0.0005794915487058461, 0.0005794915487058461, 0.0005794915487058461, 0.0005794915487058461, 0.0005794915487058461, 0.0005794915487058461, 0.0005794915487058461, 0.0005794915487058461, 0.0005794915487058461, 0.0005794915487058461, 0.0005794915487058461, 0.0005794915487058461, 0.0005794915487058461, 0.0005794915487058461, 0.0005794915487058461, 0.0005794915487058461, 0.0005794915487058461, 0.0005794915487058461, 0.0005794915487058461, 0.0005794915487058461, 0.0005794915487058461, 0.0005794915487058461, 0.0005794915487058461, 0.0005794915487058461, 0.0005794915487058461, 0.0005794915487058461, 0.0005794915487058461, 0.0005794915487058461, 0.0005794915487058461, 0.0005794915487058461, 0.0005794915487058461, 0.0005794915487058461, 0.0005794915487058461, 0.0005794915487058461, 0.0005794915487058461, 0.0005794915487058461, 0.0005794915487058461, 0.0005794915487058461, 0.0005794915487058461, 0.0005794915487058461, 0.0005794915487058461, 0.0005794915487058461]}, "gradients/predict.weight": {"_type": "histogram", "values": [2.0, 1.0, 0.0, 0.0, 0.0, 0.0, 0.0, 0.0, 0.0, 0.0, 0.0, 0.0, 0.0, 0.0, 0.0, 0.0, 0.0, 0.0, 0.0, 0.0, 0.0, 0.0, 0.0, 0.0, 0.0, 0.0, 0.0, 0.0, 0.0, 0.0, 0.0, 0.0, 0.0, 0.0, 0.0, 0.0, 0.0, 0.0, 0.0, 0.0, 0.0, 0.0, 0.0, 0.0, 0.0, 0.0, 0.0, 0.0, 0.0, 0.0, 0.0, 0.0, 0.0, 0.0, 0.0, 0.0, 0.0, 0.0, 0.0, 0.0, 0.0, 1.0, 4.0, 2.0], "bins": [-0.0001781677274266258, -0.00016452693671453744, -0.0001508861460024491, -0.00013724535529036075, -0.0001236045645782724, -0.00010996376659022644, -9.63229758781381e-05, -8.268218516604975e-05, -6.90413944539614e-05, -5.540059646591544e-05, -4.1759805753827095e-05, -2.811901504173875e-05, -1.4478224329650402e-05, -8.374336175620556e-07, 1.2803357094526291e-05, 2.6444147806614637e-05, 4.0084938518702984e-05, 5.372572923079133e-05, 6.73665344947949e-05, 8.100732520688325e-05, 9.46481159189716e-05, 0.00010828890663105994, 0.00012192969734314829, 0.00013557048805523664, 0.00014921127876732498, 0.00016285206947941333, 0.00017649286019150168, 0.00019013365090359002, 0.00020377444161567837, 0.00021741523232776672, 0.00023105602303985506, 0.0002446967992000282, 0.00025833758991211653, 0.0002719783806242049, 0.0002856191713362932, 0.00029925996204838157, 0.0003129008109681308, 0.0003265416016802192, 0.0003401823923923075, 0.00035382318310439587, 0.0003674639738164842, 0.00038110476452857256, 0.0003947455552406609, 0.00040838634595274925, 0.0004220271366648376, 0.00043566792737692595, 0.0004493087180890143, 0.00046294950880110264, 0.000476590299513191, 0.0004902310902252793, 0.0005038718809373677, 0.000517512671649456, 0.0005311534623615444, 0.0005447942530736327, 0.0005584350437857211, 0.0005720758344978094, 0.0005857166252098978, 0.0005993574159219861, 0.0006129982066340744, 0.0006266389973461628, 0.0006402797880582511, 0.0006539205787703395, 0.0006675613694824278, 0.0006812021601945162, 0.0006948429509066045]}, "gradients/hidden.1.bias": {"_type": "histogram", "values": [2.0, 4.0, 1.0, 0.0, 0.0, 0.0, 0.0, 0.0, 0.0, 0.0, 0.0, 0.0, 0.0, 0.0, 0.0, 0.0, 0.0, 0.0, 0.0, 0.0, 0.0, 0.0, 0.0, 0.0, 0.0, 0.0, 0.0, 0.0, 0.0, 0.0, 0.0, 0.0, 0.0, 0.0, 0.0, 0.0, 0.0, 0.0, 0.0, 0.0, 0.0, 0.0, 0.0, 0.0, 0.0, 0.0, 0.0, 0.0, 0.0, 0.0, 0.0, 0.0, 0.0, 0.0, 0.0, 0.0, 0.0, 0.0, 0.0, 0.0, 0.0, 0.0, 1.0, 2.0], "bins": [-0.0002862893743440509, -0.00027616001898422837, -0.00026603066362440586, -0.0002559012791607529, -0.0002457719238009304, -0.00023564256844110787, -0.00022551321308128536, -0.00021538385772146285, -0.0002052544878097251, -0.00019512511789798737, -0.00018499576253816485, -0.00017486640717834234, -0.00016473705181851983, -0.0001546076819067821, -0.00014447832654695958, -0.00013434895663522184, -0.00012421960127539933, -0.00011409024591557682, -0.00010396087600383908, -9.383152064401656e-05, -8.370215073227882e-05, -7.357279537245631e-05, -6.34434400126338e-05, -5.331407010089606e-05, -4.318471474107355e-05, -3.305534482933581e-05, -2.2925989469513297e-05, -1.2796634109690785e-05, -2.6672787498682737e-06, 7.462076609954238e-06, 1.7591461073607206e-05, 2.7720816433429718e-05, 3.785017179325223e-05, 4.797952715307474e-05, 5.810888251289725e-05, 6.823826697655022e-05, 7.836762233637273e-05, 8.849697769619524e-05, 9.862633305601776e-05, 0.00010875568841584027, 0.00011888507287949324, 0.00012901442823931575, 0.00013914378359913826, 0.00014927313895896077, 0.00015940249431878328, 0.0001695318496786058, 0.00017966123414225876, 0.00018979058950208127, 0.0001999199448619038, 0.00021004932932555676, 0.00022017868468537927, 0.00023030804004520178, 0.0002404373954050243, 0.0002505667507648468, 0.0002606961061246693, 0.0002708254614844918, 0.00028095481684431434, 0.00029108417220413685, 0.00030121352756395936, 0.0003113429411314428, 0.0003214722964912653, 0.0003316016518510878, 0.0003417310072109103, 0.00035186036257073283, 0.00036198971793055534]}, "gradients/hidden.1.weight": {"_type": "histogram", "values": [28.0, 57.0, 50.0, 25.0, 1.0, 0.0, 2.0, 28.0, 68.0, 120.0, 19.0, 10.0, 70.0, 82.0, 0.0, 0.0, 2.0, 5.0, 8.0, 56.0, 55.0, 0.0, 0.0, 14.0, 0.0, 0.0, 0.0, 0.0, 0.0, 0.0, 0.0, 0.0, 0.0, 6.0, 0.0, 0.0, 0.0, 0.0, 27.0, 21.0, 3.0, 3.0, 0.0, 0.0, 0.0, 0.0, 0.0, 21.0, 46.0, 2.0, 0.0, 2.0, 15.0, 56.0, 26.0, 3.0, 0.0, 0.0, 0.0, 0.0, 1.0, 14.0, 28.0, 26.0],