{"fitness": 13.869935947336067, "fitness_no_discr": 20.042141500445346, "discriminator": 0.01647377572953701, "_step": 107, "_runtime": 5437, "_timestamp": 1611152259, "graph_0": {"_type": "graph-file", "path": "media/graph/graph_0_summary_fc308faf.graph.json", "sha256": "fc308faf375c560da2cec18f7e30123c8b4ad467434cbc4eb7b18a723c241bf4", "size": 723}, "gradients/predict.bias": {"_type": "histogram", "values": [0.0, 0.0, 0.0, 0.0, 0.0, 0.0, 0.0, 0.0, 0.0, 0.0, 0.0, 0.0, 0.0, 0.0, 0.0, 0.0, 0.0, 0.0, 0.0, 0.0, 0.0, 0.0, 0.0, 0.0, 0.0, 0.0, 0.0, 0.0, 0.0, 0.0, 0.0, 0.0, 1.0, 0.0, 0.0, 0.0, 0.0, 0.0, 0.0, 0.0, 0.0, 0.0, 0.0, 0.0, 0.0, 0.0, 0.0, 0.0, 0.0, 0.0, 0.0, 0.0, 0.0, 0.0, 0.0, 0.0, 0.0, 0.0, 0.0, 0.0, 0.0, 0.0, 0.0, 0.0], "bins": [-0.004424782004207373, -0.004424782004207373, -0.004424782004207373, -0.004424782004207373, -0.004424782004207373, -0.004424782004207373, -0.004424782004207373, -0.004424782004207373, -0.004424782004207373, -0.004424782004207373, -0.004424782004207373, -0.004424782004207373, -0.004424782004207373, -0.004424782004207373, -0.004424782004207373, -0.004424782004207373, -0.004424782004207373, -0.004424782004207373, -0.004424782004207373, -0.004424782004207373, -0.004424782004207373, -0.004424782004207373, -0.004424782004207373, -0.004424782004207373, -0.004424782004207373, -0.004424782004207373, -0.004424782004207373, -0.004424782004207373, -0.004424782004207373, -0.004424782004207373, -0.004424782004207373, -0.004424782004207373, -0.004424782004207373, -0.004424782004207373, -0.004424782004207373, -0.004424782004207373, -0.004424782004207373, -0.004424782004207373, -0.004424782004207373, -0.004424782004207373, -0.004424782004207373, -0.004424782004207373, -0.004424782004207373, -0.004424782004207373, -0.004424782004207373, -0.004424782004207373, -0.004424782004207373, -0.004424782004207373, -0.004424782004207373, -0.004424782004207373, -0.004424782004207373, -0.004424782004207373, -0.004424782004207373, -0.004424782004207373, -0.004424782004207373, -0.004424782004207373, -0.004424782004207373, -0.004424782004207373, -0.004424782004207373, -0.004424782004207373, -0.004424782004207373, -0.004424782004207373, -0.004424782004207373, -0.004424782004207373, -0.004424782004207373]}, "gradients/predict.weight": {"_type": "histogram", "values": [3.0, 0.0, 0.0, 0.0, 0.0, 0.0, 0.0, 0.0, 0.0, 0.0, 0.0, 0.0, 0.0, 0.0, 0.0, 0.0, 0.0, 0.0, 0.0, 0.0, 0.0, 0.0, 0.0, 0.0, 0.0, 0.0, 0.0, 0.0, 0.0, 0.0, 0.0, 0.0, 0.0, 0.0, 0.0, 0.0, 0.0, 0.0, 0.0, 0.0, 0.0, 0.0, 0.0, 0.0, 0.0, 0.0, 0.0, 0.0, 0.0, 0.0, 0.0, 0.0, 0.0, 0.0, 0.0, 0.0, 0.0, 0.0, 0.0, 0.0, 0.0, 0.0, 0.0, 7.0], "bins": [-0.015444548800587654, -0.015030897222459316, -0.014617244713008404, -0.014203593134880066, -0.013789940625429153, -0.013376289047300816, -0.012962637469172478, -0.012548984959721565, -0.012135332450270653, -0.011721680872142315, -0.011308029294013977, -0.010894376784563065, -0.010480725206434727, -0.010067073628306389, -0.009653421118855476, -0.009239768609404564, -0.008826117031276226, -0.008412465453147888, -0.007998812943696976, -0.007585161365568638, -0.007171508856117725, -0.0067578572779893875, -0.006344204768538475, -0.005930553190410137, -0.005516901612281799, -0.005103249102830887, -0.004689597524702549, -0.0042759450152516365, -0.0038622934371232986, -0.003448640927672386, -0.0030349893495440483, -0.002621336840093136, -0.002207685261964798, -0.0017940336838364601, -0.0013803811743855476, -0.0009667295962572098, -0.0005530770868062973, -0.00013942550867795944, 0.0002742260694503784, 0.0006878785789012909, 0.0011015310883522034, 0.0015151817351579666, 0.001928834244608879, 0.0023424867540597916, 0.002756139263510704, 0.0031697899103164673, 0.0035834424197673798, 0.003997094929218292, 0.0044107455760240555, 0.004824398085474968, 0.00523805059492588, 0.005651703104376793, 0.006065353751182556, 0.006479006260633469, 0.006892658770084381, 0.007306311279535294, 0.007719961926341057, 0.00813361443579197, 0.008547266945242882, 0.008960917592048645, 0.009374570101499557, 0.00978822261095047, 0.010201875120401382, 0.010615525767207146, 0.011029178276658058]}, "gradients/hidden.1.bias": {"_type": "histogram", "values": [1.0, 1.0, 0.0, 0.0, 0.0, 1.0, 2.0, 1.0, 1.0, 0.0, 0.0, 0.0, 0.0, 0.0, 0.0, 0.0, 0.0, 0.0, 0.0, 0.0, 0.0, 0.0, 0.0, 0.0, 0.0, 0.0, 0.0, 0.0, 0.0, 0.0, 0.0, 0.0, 0.0, 0.0, 0.0, 0.0, 0.0, 0.0, 0.0, 0.0, 0.0, 0.0, 0.0, 0.0, 0.0, 0.0, 0.0, 0.0, 0.0, 0.0, 0.0, 0.0, 0.0, 0.0, 0.0, 0.0, 0.0, 0.0, 1.0, 0.0, 0.0, 0.0, 1.0, 1.0], "bins": [-0.0005349437706172466, -0.0005177188431844115, -0.0005004939739592373, -0.00048326904652640224, -0.00046604411909356713, -0.0004488192207645625, -0.00043159432243555784, -0.00041436939500272274, -0.0003971444966737181, -0.00037991959834471345, -0.00036269467091187835, -0.0003454697725828737, -0.00032824487425386906, -0.00031101994682103395, -0.0002937950484920293, -0.0002765701210591942, -0.00025934522273018956, -0.00024212032440118492, -0.00022489539696834981, -0.00020767049863934517, -0.00019044557120651007, -0.00017322067287750542, -0.00015599577454850078, -0.00013877084711566567, -0.00012154594878666103, -0.00010432105045765638, -8.709612302482128e-05, -6.987122469581664e-05, -5.264632636681199e-05, -3.542139893397689e-05, -1.8196471501141787e-05, -9.71602275967598e-07, 1.6253325156867504e-05, 3.3478252589702606e-05, 5.0703121814876795e-05, 6.79280492477119e-05, 8.5152976680547e-05, 0.00010237784590572119, 0.00011960277333855629, 0.0001368277007713914, 0.0001540526282042265, 0.00017127749742940068, 0.00018850242486223578, 0.0002057273522950709, 0.00022295222152024508, 0.00024017714895308018, 0.0002574020763859153, 0.00027462694561108947, 0.00029185187304392457, 0.00030907680047675967, 0.00032630166970193386, 0.00034352659713476896, 0.00036075152456760406, 0.00037797639379277825, 0.00039520132122561336, 0.00041242624865844846, 0.00042965111788362265, 0.00044687604531645775, 0.00046410097274929285, 0.00048132590018212795, 0.0004985508276149631, 0.0005157756386324763, 0.0005330005660653114, 0.0005502254934981465, 0.0005674504209309816]}, "gradients/hidden.1.weight": {"_type": "histogram", "values": [1.0, 1.0, 1.0, 3.0, 5.0, 8.0, 9.0, 6.0, 20.0, 32.0, 42.0, 36.0, 30.0, 43.0, 66.0, 56.0, 29.0, 12.0, 10.0, 24.0, 45.0, 64.0, 53.0, 20.0, 18.0, 16.0, 17.0, 12.0, 0.0, 16.0, 5.0, 0.0, 7.0, 2.0, 0.0, 4.0, 8.0, 7.0, 4.0, 8.0, 9.0, 21.0, 24.0, 21.0, 11.0, 3.0, 1.0, 6.0, 12.0, 16.0, 16.0, 23.0, 25.0, 20.0, 14.0, 11.0, 6.0, 3.0, 9.0, 4.0, 2.0, 1.0, 1.0, 1.0],