{"fitness": 2.9729333088077365, "similarity": 0, "_step": 21, "_runtime": 1014, "_timestamp": 1610957277, "Table of best SMILES": {"_type": "table-file", "path": "media/table/Table of best SMILES_20_21ea5033.table.json", "sha256": "21ea503321fd98838e85b3a35f4400ab92f1f34f3baf6efcfef8373b78a8b93b", "size": 6391, "ncols": 5, "nrows": 20}, "improvement": 5.9696910919332185, "original_score": -2.996757783125482, "new_score": 2.9729333088077365, "improved": true}