{"fitness": 0.8471854596138096, "similarity": 0, "_step": 21, "_runtime": 1044, "_timestamp": 1610979656, "Table of best SMILES": {"_type": "table-file", "path": "media/table/Table of best SMILES_20_d0e9a35d.table.json", "sha256": "d0e9a35db2a53f5e6274d4141b4c982dbfde014cb8f077f7c95db7cbba5c5ae9", "size": 5163, "ncols": 5, "nrows": 20}, "improvement": 2.808690772070117, "original_score": -1.9615053124563075, "new_score": 0.8471854596138096, "improved": true}