{"fitness": -999993.7402471013, "similarity": -1000000, "_step": 21, "_runtime": 792, "_timestamp": 1610345180, "Table of best SMILES": {"_type": "table-file", "path": "media/table/Table of best SMILES_20_6e1ae15d.table.json", "sha256": "6e1ae15dcf26571f5cdfbc4b5276bbf703d6e60aeaf4dba260992a33d524e5bb", "size": 8639, "ncols": 5, "nrows": 20}, "improvement": 8.642180453171022, "original_score": -1000002.3824275545, "new_score": -999993.7402471013, "improved": true}