{"fitness": 0.8964868058232083, "similarity": 0, "_step": 21, "_runtime": 749, "_timestamp": 1611060913, "Table of best SMILES": {"_type": "table-file", "path": "media/table/Table of best SMILES_20_65a3b690.table.json", "sha256": "65a3b690494c57c0f73b3a6769981f656ecace58d9250d520cab1eb3626f8249", "size": 3325, "ncols": 5, "nrows": 20}, "improvement": 6.596664602822171, "original_score": -5.700177796998963, "new_score": 0.8964868058232083, "improved": true}