{"fitness": -0.9750567053158854, "similarity": 0, "_step": 21, "_runtime": 2963, "_timestamp": 1610636179, "Table of best SMILES": {"_type": "table-file", "path": "media/table/Table of best SMILES_20_f9105666.table.json", "sha256": "f91056667c9e6887f1dc64aee99a5ea4c108329a2ff1ea83737020cc5e9bb398", "size": 7121, "ncols": 5, "nrows": 20}, "improvement": 2.634326472871418, "original_score": -3.5115173372422537, "new_score": -0.8771908643708353, "improved": true}