{"fitness": 1.8825262684888662, "similarity": 0, "_step": 21, "_runtime": 2523, "_timestamp": 1611085877, "Table of best SMILES": {"_type": "table-file", "path": "media/table/Table of best SMILES_20_7896df18.table.json", "sha256": "7896df189613ec1069ac88f1da6fc6316a554516294bed9b35eecb1251659ab8", "size": 4801, "ncols": 5, "nrows": 20}, "improvement": 4.712355328542178, "original_score": -2.829829060053312, "new_score": 1.8825262684888662, "improved": true}