{"fitness": -1.1734378745871779, "similarity": 0, "_step": 21, "_runtime": 777, "_timestamp": 1610306490, "Table of best SMILES": {"_type": "table-file", "path": "media/table/Table of best SMILES_20_bea4fd55.table.json", "sha256": "bea4fd554cf9e9492bf5e445c4a9b00b667035d847a47846d574b83ffad5be91", "size": 5289, "ncols": 5, "nrows": 20}, "improvement": 1.823319908538304, "original_score": -2.996757783125482, "new_score": -1.1734378745871779, "improved": true}