{"fitness": 0.5124061145545805, "similarity": 0, "_step": 21, "_runtime": 801, "_timestamp": 1610211417, "Table of best SMILES": {"_type": "table-file", "path": "media/table/Table of best SMILES_20_7080db17.table.json", "sha256": "7080db173ffe4506d53b5f706e6fc423f44efac33f9e550b73e94ddc80ebcd43", "size": 4261, "ncols": 5, "nrows": 20}, "improvement": 7.37530311070164, "original_score": -6.862896996147059, "new_score": 0.5124061145545805, "improved": true}