{"fitness": -3.281316135833523, "similarity": 0, "_step": 21, "_runtime": 786, "_timestamp": 1610209225, "Table of best SMILES": {"_type": "table-file", "path": "media/table/Table of best SMILES_20_7f47b152.table.json", "sha256": "7f47b1523e41381fcc3ba25f6207b38acc56f37d0bc4fc83f52bf2564e76f140", "size": 3931, "ncols": 5, "nrows": 20}, "improvement": 0.0, "original_score": -3.281316135833523, "new_score": -3.281316135833523, "improved": false}