{"fitness": 0.5455963751436861, "similarity": 0, "_step": 21, "_runtime": 950, "_timestamp": 1610903761, "Table of best SMILES": {"_type": "table-file", "path": "media/table/Table of best SMILES_20_38d6c03a.table.json", "sha256": "38d6c03a8f4b5f84323665e039e9e7e2a0b4d82d5c7021e03cf52b935d07cd87", "size": 7361, "ncols": 5, "nrows": 20}, "improvement": 2.653264622820104, "original_score": -2.107668247676418, "new_score": 0.5455963751436861, "improved": true}