{"fitness": 0.984645752721352, "similarity": 0, "_step": 21, "_runtime": 790, "_timestamp": 1610329717, "Table of best SMILES": {"_type": "table-file", "path": "media/table/Table of best SMILES_20_536ed8b7.table.json", "sha256": "536ed8b7431998bc6f9f976e84f3e9e051816e3b4581e245846614d862bd85b9", "size": 6028, "ncols": 5, "nrows": 20}, "improvement": 3.054847910430075, "original_score": -1.771843983437206, "new_score": 1.283003926992869, "improved": true}