{"fitness": 1.3229118141862488, "similarity": 0, "_step": 21, "_runtime": 3575, "_timestamp": 1610737836, "Table of best SMILES": {"_type": "table-file", "path": "media/table/Table of best SMILES_20_8f010817.table.json", "sha256": "8f0108171573221699401f7563a91b207ff39376d36c2d2e2dc09bfab4d85629", "size": 5954, "ncols": 5, "nrows": 20}, "improvement": 4.026707435540457, "original_score": -2.703795621354208, "new_score": 1.3229118141862488, "improved": true}