{"fitness": -1.9735352106782014, "similarity": 0, "_step": 21, "_runtime": 2403, "_timestamp": 1611036122, "Table of best SMILES": {"_type": "table-file", "path": "media/table/Table of best SMILES_20_0b8f7452.table.json", "sha256": "0b8f74524b6c2ac4740bda698c9ee8686d588d16e69f77fba72b4ff4ff64fcc8", "size": 7324, "ncols": 5, "nrows": 20}, "improvement": 0.0, "original_score": -1.9735352106782014, "new_score": -1.9735352106782014, "improved": false}