{"fitness": -1.6122709265984103, "similarity": 0, "_step": 21, "_runtime": 2317, "_timestamp": 1610514844, "Table of best SMILES": {"_type": "table-file", "path": "media/table/Table of best SMILES_20_1656cef8.table.json", "sha256": "1656cef8c5e8c73752ef0d020d7b00ab99d74af62c6f1a46a2f7215a8cba9c37", "size": 4924, "ncols": 5, "nrows": 20}, "improvement": 2.8442092580536773, "original_score": -4.456480184652087, "new_score": -1.6122709265984103, "improved": true}