{"fitness": -0.9693252247631687, "similarity": 0, "_step": 21, "_runtime": 2632, "_timestamp": 1611127301, "Table of best SMILES": {"_type": "table-file", "path": "media/table/Table of best SMILES_20_8868f01f.table.json", "sha256": "8868f01fabde06bd0285a193fd7156dedaa0b6b3b5e111459600783e9f966041", "size": 5092, "ncols": 5, "nrows": 20}, "improvement": 2.4339777626172308, "original_score": -3.087260685954799, "new_score": -0.653282923337568, "improved": true}