{"fitness": -1.3910768660285378, "similarity": 0, "_step": 21, "_runtime": 1229, "_timestamp": 1610158304, "Table of best SMILES": {"_type": "table-file", "path": "media/table/Table of best SMILES_20_c328e249.table.json", "sha256": "c328e2492530dde93d9ab099a997c0b4f9930cde852c4e29c0a9a7fb461903fb", "size": 4824, "ncols": 5, "nrows": 20}, "improvement": 0.25761269337570813, "original_score": -1.6486895594042459, "new_score": -1.3910768660285378, "improved": true}