{"fitness": -999994.2087470973, "similarity": -1000000, "_step": 21, "_runtime": 775, "_timestamp": 1610336647, "Table of best SMILES": {"_type": "table-file", "path": "media/table/Table of best SMILES_20_422b628f.table.json", "sha256": "422b628ffc0a2dc985a4400f302d274585c95ae9a567aebf4f96ec4c06df1c08", "size": 6754, "ncols": 5, "nrows": 20}, "improvement": 9.087274871882983, "original_score": -1000003.2960219692, "new_score": -999994.2087470973, "improved": true}