{"fitness": 2.4026400409089574, "similarity": 0, "_step": 21, "_runtime": 981, "_timestamp": 1610937580, "Table of best SMILES": {"_type": "table-file", "path": "media/table/Table of best SMILES_20_a2c309c2.table.json", "sha256": "a2c309c20cb17ed115ad3c2c9efe82db696e054ad017133d074ac061a3efd56e", "size": 6691, "ncols": 5, "nrows": 20}, "improvement": 4.038909784469502, "original_score": -1.6362697435605444, "new_score": 2.4026400409089574, "improved": true}