{"fitness": -1.6563446131467876, "similarity": 0, "_step": 21, "_runtime": 762, "_timestamp": 1610331980, "Table of best SMILES": {"_type": "table-file", "path": "media/table/Table of best SMILES_20_b0245efe.table.json", "sha256": "b0245efe2d711093aa790721d9da97392693c29a4f50991f618f4a55c6bd0038", "size": 3744, "ncols": 5, "nrows": 20}, "improvement": 0.26800707815227875, "original_score": -1.9243516912990664, "new_score": -1.6563446131467876, "improved": true}