{"fitness": -999993.3950161531, "similarity": -1000000, "_step": 21, "_runtime": 2967, "_timestamp": 1610609321, "Table of best SMILES": {"_type": "table-file", "path": "media/table/Table of best SMILES_20_0dca4f93.table.json", "sha256": "0dca4f936ab6e59c96cc7a22d62372ab08e9a02476bb1a0a6d3709d4b2b1774e", "size": 7325, "ncols": 5, "nrows": 20}, "improvement": 11.294957740814425, "original_score": -1000004.6899738939, "new_score": -999993.3950161531, "improved": true}