{"fitness": 1.2855367946166283, "similarity": 0, "_step": 21, "_runtime": 823, "_timestamp": 1610223486, "Table of best SMILES": {"_type": "table-file", "path": "media/table/Table of best SMILES_20_6eb97f7f.table.json", "sha256": "6eb97f7f8b7ea334ed07cd057b803774428b68561660612de9ffdda3ab2c94fa", "size": 4710, "ncols": 5, "nrows": 20}, "improvement": 3.3146115611802838, "original_score": -2.0290747665636557, "new_score": 1.2855367946166283, "improved": true}