{"fitness": -2.6964739897822336, "similarity": 0, "_step": 21, "_runtime": 765, "_timestamp": 1610312658, "Table of best SMILES": {"_type": "table-file", "path": "media/table/Table of best SMILES_20_4322ecf5.table.json", "sha256": "4322ecf5191d3357cb06c6b955ed97c575ea7a12946371477223d638993a049d", "size": 4355, "ncols": 5, "nrows": 20}, "improvement": 0.24644081568079734, "original_score": -2.942914805463031, "new_score": -2.6964739897822336, "improved": true}