{"fitness": 2.0738353266610825, "similarity": 0, "_step": 21, "_runtime": 737, "_timestamp": 1611037861, "Table of best SMILES": {"_type": "table-file", "path": "media/table/Table of best SMILES_20_535ea514.table.json", "sha256": "535ea514a3e91f15e8d0a3ea9c95710956b35bf507b34198e377eab439420a83", "size": 4381, "ncols": 5, "nrows": 20}, "improvement": 5.5462444187109545, "original_score": -3.472409092049872, "new_score": 2.0738353266610825, "improved": true}