{"fitness": -4.169165524820929, "similarity": 0, "_step": 21, "_runtime": 827, "_timestamp": 1610214926, "Table of best SMILES": {"_type": "table-file", "path": "media/table/Table of best SMILES_20_271d8db1.table.json", "sha256": "271d8db15a42f744198739ddaa1a4f61e69c3cb8cb64efcd3b2da7c3bf0cecb5", "size": 5317, "ncols": 5, "nrows": 20}, "improvement": 3.5568099753535507, "original_score": -7.5184332740521995, "new_score": -3.961623298698649, "improved": true}