{"fitness": 0.21305886288779077, "similarity": 0, "_step": 21, "_runtime": 2721, "_timestamp": 1610577487, "Table of best SMILES": {"_type": "table-file", "path": "media/table/Table of best SMILES_20_dc676222.table.json", "sha256": "dc67622207ded0d7e121e65ca9e0e023e04d541c9eadad081a16a947a50b21b9", "size": 3810, "ncols": 5, "nrows": 20}, "improvement": 2.7855024646745257, "original_score": -2.572443601786735, "new_score": 0.21305886288779077, "improved": true}