{"fitness": -2.209355630308209, "similarity": 0, "_step": 21, "_runtime": 2638, "_timestamp": 1611138452, "Table of best SMILES": {"_type": "table-file", "path": "media/table/Table of best SMILES_20_5669e7b2.table.json", "sha256": "5669e7b2efe148196e46653cc88c17e1095c43d809ad27c9677d2720a6067b6a", "size": 5532, "ncols": 5, "nrows": 20}, "improvement": 1.3043293356800452, "original_score": -3.5136849659882543, "new_score": -2.209355630308209, "improved": true}