{"fitness": -3.1492242972503304, "similarity": 0, "_step": 21, "_runtime": 996, "_timestamp": 1610411332, "Table of best SMILES": {"_type": "table-file", "path": "media/table/Table of best SMILES_20_d0c7bdeb.table.json", "sha256": "d0c7bdebe87f00d4acf68381bdb9bb113bc4c48a3c42579daacbb8ce305a1abf", "size": 4987, "ncols": 5, "nrows": 20}, "improvement": 1.228679693448803, "original_score": -4.377903990699133, "new_score": -3.1492242972503304, "improved": true}