{"fitness": -0.2849091001466242, "similarity": 0, "_step": 21, "_runtime": 1161, "_timestamp": 1610456922, "Table of best SMILES": {"_type": "table-file", "path": "media/table/Table of best SMILES_20_b3ba3fa1.table.json", "sha256": "b3ba3fa1e755d7b44cafa6eb3dbdac2dc8ae73cc1d5bf6d6130021582b170757", "size": 6481, "ncols": 5, "nrows": 20}, "improvement": 3.3583437609201243, "original_score": -3.6432528610667485, "new_score": -0.2849091001466242, "improved": true}