{"fitness": 0.03909901924858786, "similarity": 0, "_step": 21, "_runtime": 867, "_timestamp": 1610832316, "Table of best SMILES": {"_type": "table-file", "path": "media/table/Table of best SMILES_20_b857cc78.table.json", "sha256": "b857cc78b8eb9f3bf038b1539532d119088dc15bca0728867ba9330bc4ac85d6", "size": 4319, "ncols": 5, "nrows": 20}, "improvement": 6.620458815247466, "original_score": -6.429645359461992, "new_score": 0.19081345578547462, "improved": true}