{"fitness": 0.15709362036221133, "similarity": 0, "_step": 21, "_runtime": 3064, "_timestamp": 1610656535, "Table of best SMILES": {"_type": "table-file", "path": "media/table/Table of best SMILES_20_1e725213.table.json", "sha256": "1e725213e56bdd08a8d8c51be38115393659574dfed12bc83be4448cf28d1abe", "size": 6094, "ncols": 5, "nrows": 20}, "improvement": 2.904385715466732, "original_score": -2.4164233651118976, "new_score": 0.4879623503548345, "improved": true}