{"fitness": -1.2175936758234023, "similarity": 0, "_step": 21, "_runtime": 754, "_timestamp": 1611030279, "Table of best SMILES": {"_type": "table-file", "path": "media/table/Table of best SMILES_20_61e2d969.table.json", "sha256": "61e2d96994957c9ecc627dffcd0a50cce37b0eb75eb64da531d87b52c3d24d6d", "size": 5036, "ncols": 5, "nrows": 20}, "improvement": 3.5084293498426176, "original_score": -4.598264205413517, "new_score": -1.089834855570899, "improved": true}