{"fitness": -3.0644409952726557, "similarity": 0, "_step": 21, "_runtime": 931, "_timestamp": 1610920468, "Table of best SMILES": {"_type": "table-file", "path": "media/table/Table of best SMILES_20_4571e2a8.table.json", "sha256": "4571e2a8a51380a4e61626e4480b6521d1141e8e3b165bc1e66b7541bbc6771a", "size": 5095, "ncols": 5, "nrows": 20}, "improvement": 0.0, "original_score": -3.0644409952726557, "new_score": -3.0644409952726557, "improved": false}