{"fitness": -0.5206024445256463, "similarity": 0, "_step": 21, "_runtime": 765, "_timestamp": 1610284855, "Table of best SMILES": {"_type": "table-file", "path": "media/table/Table of best SMILES_20_93150011.table.json", "sha256": "93150011486a82dd194748fd3e0b8e41c2d9c561b5c5370df6f6edc8e2c4e52f", "size": 4341, "ncols": 5, "nrows": 20}, "improvement": 2.3796926159760625, "original_score": -2.900295060501709, "new_score": -0.5206024445256463, "improved": true}