{"fitness": 1.0041331926851287, "similarity": 0, "_step": 21, "_runtime": 981, "_timestamp": 1611110498, "Table of best SMILES": {"_type": "table-file", "path": "media/table/Table of best SMILES_20_3258ed4b.table.json", "sha256": "3258ed4bbe24447825662e15d19a5edb7202bfe98fb31880bf135c12b09b3c4e", "size": 4505, "ncols": 5, "nrows": 20}, "improvement": 2.7122452603001124, "original_score": -1.7081120676149835, "new_score": 1.0041331926851287, "improved": true}