{"fitness": 2.14492590148825, "similarity": 0, "_step": 21, "_runtime": 810, "_timestamp": 1611074337, "Table of best SMILES": {"_type": "table-file", "path": "media/table/Table of best SMILES_20_009b1c41.table.json", "sha256": "009b1c418036f04d24449e139c6cc66ef6d3b2e38ece3f7fef23acd590187f78", "size": 5099, "ncols": 5, "nrows": 20}, "improvement": 4.478025426503619, "original_score": -2.3330995250153683, "new_score": 2.14492590148825, "improved": true}