{"fitness": -1.9588455141047454, "similarity": 0, "_step": 21, "_runtime": 1267, "_timestamp": 1610167292, "Table of best SMILES": {"_type": "table-file", "path": "media/table/Table of best SMILES_20_8decbab0.table.json", "sha256": "8decbab03afe9e603dc58a7e7db8f47199308cf04ad66de3e487b96e37f63bd2", "size": 4616, "ncols": 5, "nrows": 20}, "improvement": 0.9356117981404732, "original_score": -2.8944573122452186, "new_score": -1.9588455141047454, "improved": true}