{"fitness": -999994.4144188757, "similarity": -1000000, "_step": 21, "_runtime": 793, "_timestamp": 1610348305, "Table of best SMILES": {"_type": "table-file", "path": "media/table/Table of best SMILES_20_fdbddf12.table.json", "sha256": "fdbddf12fd588c944aca346ad39a85faec46ee9106ffb58fe103c08d3f3bd258", "size": 8132, "ncols": 5, "nrows": 20}, "improvement": 8.785319768940099, "original_score": -1000003.1997386446, "new_score": -999994.4144188757, "improved": true}