{"fitness": -1.1822485902367899, "similarity": 0, "_step": 21, "_runtime": 791, "_timestamp": 1610260371, "Table of best SMILES": {"_type": "table-file", "path": "media/table/Table of best SMILES_20_3841cbcd.table.json", "sha256": "3841cbcd9186e5d3825614d4068db5c38c42c2261fafe104b716dfc26d543f53", "size": 5053, "ncols": 5, "nrows": 20}, "improvement": 1.0927941085659214, "original_score": -2.2750426988027113, "new_score": -1.1822485902367899, "improved": true}