{"fitness": -0.16378384336017657, "similarity": 0, "_step": 21, "_runtime": 1225, "_timestamp": 1610138782, "Table of best SMILES": {"_type": "table-file", "path": "media/table/Table of best SMILES_20_349b5dbb.table.json", "sha256": "349b5dbbe95d86bed2c4f86eafe20db1a2d8deb6a91818d29fd6c5dfa0006c2f", "size": 6291, "ncols": 5, "nrows": 20}, "improvement": 3.7802321947149604, "original_score": -3.944016038075137, "new_score": -0.16378384336017657, "improved": true}