{"fitness": -1.740420515026169, "similarity": 0, "_step": 21, "_runtime": 2550, "_timestamp": 1611098641, "Table of best SMILES": {"_type": "table-file", "path": "media/table/Table of best SMILES_20_cd86eb38.table.json", "sha256": "cd86eb3863320155aca771c7b7966bb29416d8a1fe76a3f787f2f7084d254847", "size": 4264, "ncols": 5, "nrows": 20}, "improvement": 0.705532188930901, "original_score": -2.345133863091258, "new_score": -1.6396016741603572, "improved": true}