{"fitness": 3.8682557366939205, "similarity": 0, "_step": 21, "_runtime": 937, "_timestamp": 1610883239, "Table of best SMILES": {"_type": "table-file", "path": "media/table/Table of best SMILES_20_1bf05dcb.table.json", "sha256": "1bf05dcb09846c01c83461bc81989eed0e3df8b650db23ca8e33d9617a9508f0", "size": 6402, "ncols": 5, "nrows": 20}, "improvement": 5.4255681455312645, "original_score": -1.5573124088373438, "new_score": 3.8682557366939205, "improved": true}