{"fitness": -1.7659453826809448, "similarity": 0, "_step": 21, "_runtime": 859, "_timestamp": 1610367256, "Table of best SMILES": {"_type": "table-file", "path": "media/table/Table of best SMILES_20_65cca655.table.json", "sha256": "65cca6554748d49cc520b39299063f8edc151c4a6eef18976d730c679de259ff", "size": 4559, "ncols": 5, "nrows": 20}, "improvement": 0.009715119659752247, "original_score": -1.775660502340697, "new_score": -1.7659453826809448, "improved": true}