{"fitness": -0.8009282166608757, "similarity": 0, "_step": 21, "_runtime": 2301, "_timestamp": 1610512524, "Table of best SMILES": {"_type": "table-file", "path": "media/table/Table of best SMILES_20_5a75e6a6.table.json", "sha256": "5a75e6a632df9f00feec1bfb71f0fa255624268103b02943785096ac831f9def", "size": 3645, "ncols": 5, "nrows": 20}, "improvement": 0.9953427663020161, "original_score": -1.7962709829628918, "new_score": -0.8009282166608757, "improved": true}