{"fitness": 0.3165593966234206, "similarity": 0, "_step": 21, "_runtime": 805, "_timestamp": 1610229128, "Table of best SMILES": {"_type": "table-file", "path": "media/table/Table of best SMILES_20_fbb17b52.table.json", "sha256": "fbb17b526e4f07d5761fb84c91b268517a73e42810ed45826304110ef81c65ae", "size": 4269, "ncols": 5, "nrows": 20}, "improvement": 2.3902699364166033, "original_score": -2.0737105397931828, "new_score": 0.3165593966234206, "improved": true}