{"fitness": -5.850766876815561, "similarity": 0, "_step": 21, "_runtime": 906, "_timestamp": 1610392525, "Table of best SMILES": {"_type": "table-file", "path": "media/table/Table of best SMILES_20_d07acd49.table.json", "sha256": "d07acd4997c4366c802c3795c7117607d0d3fcb21386c18b9cc3a0c2c8a83811", "size": 5285, "ncols": 5, "nrows": 20}, "improvement": 0.0, "original_score": -5.850766876815561, "new_score": -5.850766876815561, "improved": false}