{"fitness": -3.281316135833523, "similarity": 0, "_step": 21, "_runtime": 1170, "_timestamp": 1610133793, "Table of best SMILES": {"_type": "table-file", "path": "media/table/Table of best SMILES_20_da45956a.table.json", "sha256": "da45956ab549e896abf67249083d536b8d45c9f9a7d116464d823a2ce300533a", "size": 3872, "ncols": 5, "nrows": 20}, "improvement": 0.0, "original_score": -3.281316135833523, "new_score": -3.281316135833523, "improved": false}