{"fitness": -999995.2831657932, "similarity": -1000000, "_step": 21, "_runtime": 987, "_timestamp": 1610360304, "Table of best SMILES": {"_type": "table-file", "path": "media/table/Table of best SMILES_20_33e834c5.table.json", "sha256": "33e834c58a071c554bb72cd4332d8d1dec9fb696e4597c5ac00e54ccd66f79fc", "size": 6707, "ncols": 5, "nrows": 20}, "improvement": 7.154174120165408, "original_score": -1000002.4373399133, "new_score": -999995.2831657932, "improved": true}