{"fitness": 0.2879001897189667, "similarity": 0, "_step": 21, "_runtime": 937, "_timestamp": 1611101710, "Table of best SMILES": {"_type": "table-file", "path": "media/table/Table of best SMILES_20_a7e7916f.table.json", "sha256": "a7e7916f0b4391aef5e36c22d555eeb2988a751f74c168a894f50f5f72ee87e9", "size": 4667, "ncols": 5, "nrows": 20}, "improvement": 3.108522674781577, "original_score": -2.8206224850626103, "new_score": 0.2879001897189667, "improved": true}