{"fitness": 2.3111696134973685, "similarity": 0, "_step": 21, "_runtime": 920, "_timestamp": 1610855581, "Table of best SMILES": {"_type": "table-file", "path": "media/table/Table of best SMILES_20_eb47eb6b.table.json", "sha256": "eb47eb6b8535d4234b7f1affe7997e10615f30fc9fd82232aa48194f9e5f4229", "size": 6294, "ncols": 5, "nrows": 20}, "improvement": 4.340244380061025, "original_score": -2.0290747665636557, "new_score": 2.3111696134973685, "improved": true}