{"fitness": 1.1312173970459372, "similarity": 0, "_step": 21, "_runtime": 2204, "_timestamp": 1610492646, "Table of best SMILES": {"_type": "table-file", "path": "media/table/Table of best SMILES_20_892ad564.table.json", "sha256": "892ad564d710e59399b7a2b5b7d6c70def4b67808cf743198ae0f641428b6330", "size": 5190, "ncols": 5, "nrows": 20}, "improvement": 1.9994250444572144, "original_score": -0.8682076474112772, "new_score": 1.1312173970459372, "improved": true}