{"fitness": 1.0096468660492157, "similarity": 0, "_step": 21, "_runtime": 940, "_timestamp": 1610867435, "Table of best SMILES": {"_type": "table-file", "path": "media/table/Table of best SMILES_20_73401769.table.json", "sha256": "7340176941546bd350d383d16868cff04eeefc9cada7a29391cfff3d81be231f", "size": 6112, "ncols": 5, "nrows": 20}, "improvement": 8.14198006041438, "original_score": -7.016678040793959, "new_score": 1.1253020196204198, "improved": true}