{"fitness": 1.0022829599980714, "similarity": 0, "_step": 21, "_runtime": 1274, "_timestamp": 1610176223, "Table of best SMILES": {"_type": "table-file", "path": "media/table/Table of best SMILES_20_4fb5e9e9.table.json", "sha256": "4fb5e9e9666f7b3c2b5a9cab7cabb8bec9920910d0ffec394f82dfa4c2c579fc", "size": 7084, "ncols": 5, "nrows": 20}, "improvement": 3.7101653613669163, "original_score": -2.707882401368845, "new_score": 1.0022829599980714, "improved": true}