{"fitness": 1.3646690870934925, "similarity": 0, "_step": 21, "_runtime": 1163, "_timestamp": 1611145153, "Table of best SMILES": {"_type": "table-file", "path": "media/table/Table of best SMILES_20_52713e8e.table.json", "sha256": "52713e8e91ea547e0aea82c6bbab99cb3305f0755cd15a619bc0c153da97b941", "size": 6441, "ncols": 5, "nrows": 20}, "improvement": 2.870300288255049, "original_score": -1.5056312011615565, "new_score": 1.3646690870934925, "improved": true}