{"fitness": -0.9844029097944553, "similarity": 0, "_step": 21, "_runtime": 1265, "_timestamp": 1610154325, "Table of best SMILES": {"_type": "table-file", "path": "media/table/Table of best SMILES_20_8a30e18b.table.json", "sha256": "8a30e18bde3dce7af752de2672b339b756aba15267f12a05a9c971fc69562f66", "size": 4797, "ncols": 5, "nrows": 20}, "improvement": 4.185015621351037, "original_score": -5.169418531145492, "new_score": -0.9844029097944553, "improved": true}