{"fitness": -1.9888450782777, "similarity": 0, "_step": 21, "_runtime": 1232, "_timestamp": 1610179988, "Table of best SMILES": {"_type": "table-file", "path": "media/table/Table of best SMILES_20_c6db7950.table.json", "sha256": "c6db7950ea865edf1dc57ace54a4ef0937bec2fd7496ad70e1665b570ff43e82", "size": 4434, "ncols": 5, "nrows": 20}, "improvement": 0.0, "original_score": -1.9888450782777, "new_score": -1.9888450782777, "improved": false}