{"fitness": 2.0784292277794276, "similarity": 0, "_step": 21, "_runtime": 962, "_timestamp": 1610911092, "Table of best SMILES": {"_type": "table-file", "path": "media/table/Table of best SMILES_20_45a9accb.table.json", "sha256": "45a9accbe62adbeef45d2a9a23a9550986e64a27cdf599963ff6c909f4de6a11", "size": 8359, "ncols": 5, "nrows": 20}, "improvement": 4.089397394933418, "original_score": -2.0109681671539907, "new_score": 2.0784292277794276, "improved": true}