{"fitness": -0.4993822747961202, "similarity": 0, "_step": 21, "_runtime": 927, "_timestamp": 1611098882, "Table of best SMILES": {"_type": "table-file", "path": "media/table/Table of best SMILES_20_51f12a61.table.json", "sha256": "51f12a61c325f1261a457f60dca1bc735f7cf89d27fe3526743a9a34f6843853", "size": 5648, "ncols": 5, "nrows": 20}, "improvement": 5.886556432748415, "original_score": -6.385938707544534, "new_score": -0.4993822747961202, "improved": true}