{"fitness": -0.767684661664084, "similarity": 0, "_step": 21, "_runtime": 775, "_timestamp": 1610335103, "Table of best SMILES": {"_type": "table-file", "path": "media/table/Table of best SMILES_20_a95504ae.table.json", "sha256": "a95504aea5d1ee62c9c07a696afd72e695e16b130877346f8a4b724b971d1319", "size": 6369, "ncols": 5, "nrows": 20}, "improvement": 2.6059376396189817, "original_score": -3.3736223012830657, "new_score": -0.767684661664084, "improved": true}