{"fitness": 0.8665078627945971, "similarity": 0, "_step": 21, "_runtime": 3581, "_timestamp": 1610800010, "Table of best SMILES": {"_type": "table-file", "path": "media/table/Table of best SMILES_20_220a5741.table.json", "sha256": "220a5741136de0e4178636e40dcfa70bce7c12a92c90eadfb67a1fd8c380aba4", "size": 5256, "ncols": 5, "nrows": 20}, "improvement": 2.777359604606751, "original_score": -1.9108517418121538, "new_score": 0.8665078627945971, "improved": true}