{"fitness": -0.8721821990751826, "similarity": 0, "_step": 21, "_runtime": 3638, "_timestamp": 1610814499, "Table of best SMILES": {"_type": "table-file", "path": "media/table/Table of best SMILES_20_038632fd.table.json", "sha256": "038632fdb186e85d63bf7397e4bc551c742e829bb158db696155798c106b84c4", "size": 5562, "ncols": 5, "nrows": 20}, "improvement": 0.4590557420520973, "original_score": -1.2955956106623485, "new_score": -0.8365398686102512, "improved": true}