{"fitness": 1.2426116996597758, "similarity": 0, "_step": 21, "_runtime": 878, "_timestamp": 1611088820, "Table of best SMILES": {"_type": "table-file", "path": "media/table/Table of best SMILES_20_f336889c.table.json", "sha256": "f336889c922048710445560351c073801b30c5583b53f34f6aad090e1e929966", "size": 4912, "ncols": 5, "nrows": 20}, "improvement": 4.42339804722513, "original_score": -3.180786347565354, "new_score": 1.2426116996597758, "improved": true}