{"fitness": 1.1752962059420733, "similarity": 0, "_step": 21, "_runtime": 1207, "_timestamp": 1610177375, "Table of best SMILES": {"_type": "table-file", "path": "media/table/Table of best SMILES_20_6500638c.table.json", "sha256": "6500638ca6c439be05258b7f324c59d63ade1b1ca2d79040685256ce032815e1", "size": 5057, "ncols": 5, "nrows": 20}, "improvement": 2.0266900790250277, "original_score": -0.8513938730829544, "new_score": 1.1752962059420733, "improved": true}