{"fitness": 2.0968205236092223, "similarity": 0, "_step": 21, "_runtime": 1050, "_timestamp": 1611126920, "Table of best SMILES": {"_type": "table-file", "path": "media/table/Table of best SMILES_20_bbab3ee1.table.json", "sha256": "bbab3ee19da3d0f5ff2ef5875f974bcfab465541c7efaa98d1455663940f77e9", "size": 4135, "ncols": 5, "nrows": 20}, "improvement": 4.636592715198636, "original_score": -2.5397721915894134, "new_score": 2.0968205236092223, "improved": true}