{"fitness": 2.634318147262073, "similarity": 0, "_step": 21, "_runtime": 1221, "_timestamp": 1610129032, "Table of best SMILES": {"_type": "table-file", "path": "media/table/Table of best SMILES_20_5586ed15.table.json", "sha256": "5586ed15379b7a41d234cc7b75be53801f5fb3b968957fa89f39d1fe5019ccaa", "size": 8194, "ncols": 5, "nrows": 20}, "improvement": 5.93890779504776, "original_score": -3.304589647785687, "new_score": 2.634318147262073, "improved": true}