{"fitness": -1.5978986190075624, "similarity": 0, "_step": 21, "_runtime": 863, "_timestamp": 1610834882, "Table of best SMILES": {"_type": "table-file", "path": "media/table/Table of best SMILES_20_8e1ec67a.table.json", "sha256": "8e1ec67a104576d4e0477cf88f13f5e5a320575fa589cf8144bdc991d83c9817", "size": 5221, "ncols": 5, "nrows": 20}, "improvement": 0.688668035537058, "original_score": -2.2865666545446204, "new_score": -1.5978986190075624, "improved": true}