{"fitness": 1.8995213501027732, "similarity": 0, "_step": 21, "_runtime": 899, "_timestamp": 1610868338, "Table of best SMILES": {"_type": "table-file", "path": "media/table/Table of best SMILES_20_6658fdb6.table.json", "sha256": "6658fdb61464e84c27631fb17eb57f3a6ce335e5c889f72a1d58cef605bc016b", "size": 4361, "ncols": 5, "nrows": 20}, "improvement": 3.6795317613264333, "original_score": -1.78001041122366, "new_score": 1.8995213501027732, "improved": true}