{"fitness": 0.7843663235465527, "similarity": 0, "_step": 21, "_runtime": 911, "_timestamp": 1611094210, "Table of best SMILES": {"_type": "table-file", "path": "media/table/Table of best SMILES_20_0b7b5103.table.json", "sha256": "0b7b51030c0b825d04df0bcd4181104ac57e3e8072257ca9fccf43b25ca7959e", "size": 4112, "ncols": 5, "nrows": 20}, "improvement": 4.6046496775183146, "original_score": -3.8202833539717616, "new_score": 0.7843663235465527, "improved": true}