{"fitness": -2.08834358892759, "similarity": 0, "_step": 21, "_runtime": 961, "_timestamp": 1611107464, "Table of best SMILES": {"_type": "table-file", "path": "media/table/Table of best SMILES_20_d18b6e81.table.json", "sha256": "d18b6e81a1873c6257f111d1ab2fb78b8d98f6141ecaec6035885232fe5f9e66", "size": 3686, "ncols": 5, "nrows": 20}, "improvement": 0.0, "original_score": -2.08834358892759, "new_score": -2.08834358892759, "improved": false}