{"fitness": 1.4656794743986892, "similarity": 0, "_step": 21, "_runtime": 1168, "_timestamp": 1610120453, "Table of best SMILES": {"_type": "table-file", "path": "media/table/Table of best SMILES_20_ed980053.table.json", "sha256": "ed98005357268626c7bd4f71c32f74e6d0cd867cea39a2b28eebf86004bcaaed", "size": 3815, "ncols": 5, "nrows": 20}, "improvement": 2.5950574898377425, "original_score": -1.1293780154390534, "new_score": 1.4656794743986892, "improved": true}