{"fitness": 1.92868393979528, "similarity": 0, "_step": 21, "_runtime": 991, "_timestamp": 1610964227, "Table of best SMILES": {"_type": "table-file", "path": "media/table/Table of best SMILES_20_717118ef.table.json", "sha256": "717118efe5333d2ecb9dbf62451f086a14eada55fd8f2b758635e4508ae6c1a3", "size": 5067, "ncols": 5, "nrows": 20}, "improvement": 2.878234752296725, "original_score": -0.9495508125014449, "new_score": 1.92868393979528, "improved": true}