{"fitness": 1.683791924480566, "similarity": 0, "_step": 21, "_runtime": 2531, "_timestamp": 1611080715, "Table of best SMILES": {"_type": "table-file", "path": "media/table/Table of best SMILES_20_bbef814a.table.json", "sha256": "bbef814a19dc3aee1b23f6360abe371e0b45bd3acfe192b4ec03316f5b1dee41", "size": 6129, "ncols": 5, "nrows": 20}, "improvement": 3.3600386936540443, "original_score": -1.6762467691734784, "new_score": 1.683791924480566, "improved": true}