{"fitness": -2.386946312801312, "similarity": 0, "_step": 21, "_runtime": 777, "_timestamp": 1610233143, "Table of best SMILES": {"_type": "table-file", "path": "media/table/Table of best SMILES_20_530363c5.table.json", "sha256": "530363c5e28420455c75f196096bb3f30bc6b5db549f0161e0bd3f149aa3ea5f", "size": 5234, "ncols": 5, "nrows": 20}, "improvement": 0.0, "original_score": -2.386946312801312, "new_score": -2.386946312801312, "improved": false}