{"fitness": 2.019292177750396, "similarity": 0, "_step": 21, "_runtime": 951, "_timestamp": 1610850158, "Table of best SMILES": {"_type": "table-file", "path": "media/table/Table of best SMILES_20_a4b85980.table.json", "sha256": "a4b8598070a551aad2135e0348e1e3a676333a8e502c09e69f710efea13eaa74", "size": 8862, "ncols": 5, "nrows": 20}, "improvement": 4.572770692901167, "original_score": -2.553478515150771, "new_score": 2.019292177750396, "improved": true}