{"fitness": -999996.4551296879, "similarity": -1000000, "_step": 21, "_runtime": 733, "_timestamp": 1610273896, "Table of best SMILES": {"_type": "table-file", "path": "media/table/Table of best SMILES_20_bdcbf78f.table.json", "sha256": "bdcbf78f173e6a48aab439d2ca7a29a0e89dca877527b5918ca0001a6217ec85", "size": 5498, "ncols": 5, "nrows": 20}, "improvement": 9.250542794005014, "original_score": -1000005.7056724819, "new_score": -999996.4551296879, "improved": true}