{"fitness": 2.948580256931316, "similarity": 0, "_step": 21, "_runtime": 802, "_timestamp": 1610183224, "Table of best SMILES": {"_type": "table-file", "path": "media/table/Table of best SMILES_20_d894c6a0.table.json", "sha256": "d894c6a027126ec1bfe4bc1ab02c4594bb1c4ae85e93fcdb7514568ec156c2ae", "size": 5106, "ncols": 5, "nrows": 20}, "improvement": 4.72051836787325, "original_score": -1.7719381109419343, "new_score": 2.948580256931316, "improved": true}