{"fitness": -999994.7228791133, "similarity": -1000000, "_step": 21, "_runtime": 788, "_timestamp": 1610342851, "Table of best SMILES": {"_type": "table-file", "path": "media/table/Table of best SMILES_20_5ec54cf6.table.json", "sha256": "5ec54cf6b1dca5071c99b90063c420870e787c007ad12aa93f04945c4605628c", "size": 8075, "ncols": 5, "nrows": 20}, "improvement": 6.831924035213888, "original_score": -1000001.5548031485, "new_score": -999994.7228791133, "improved": true}