{"fitness": 0.7435838935846621, "similarity": 0, "_step": 21, "_runtime": 1259, "_timestamp": 1610155837, "Table of best SMILES": {"_type": "table-file", "path": "media/table/Table of best SMILES_20_b963812c.table.json", "sha256": "b963812ce3741ab277181085f5dd1747469ce665b21226f740b62e8cdf4b964a", "size": 4498, "ncols": 5, "nrows": 20}, "improvement": 2.772658660148318, "original_score": -2.0290747665636557, "new_score": 0.7435838935846621, "improved": true}