{"fitness": -0.203647987061476, "similarity": 0, "_step": 21, "_runtime": 848, "_timestamp": 1611008249, "Table of best SMILES": {"_type": "table-file", "path": "media/table/Table of best SMILES_20_6fa810b4.table.json", "sha256": "6fa810b47a82842955ad1ae2b3ba91e76e750ca0013d1a76a3b054929d9c5505", "size": 4222, "ncols": 5, "nrows": 20}, "improvement": 2.9269754659775282, "original_score": -3.130623453039004, "new_score": -0.203647987061476, "improved": true}