{"fitness": 1.7187713106183364, "similarity": 0, "_step": 21, "_runtime": 767, "_timestamp": 1611017407, "Table of best SMILES": {"_type": "table-file", "path": "media/table/Table of best SMILES_20_84416528.table.json", "sha256": "8441652867c6a945cbb8e004605bb2dc5e1e264242509638fc6df7e46b847674", "size": 7506, "ncols": 5, "nrows": 20}, "improvement": 2.643683777205921, "original_score": -0.8876308537938298, "new_score": 1.7560529234120916, "improved": true}