{"fitness": 2.658970597058192, "similarity": 0, "_step": 21, "_runtime": 1214, "_timestamp": 1610126605, "Table of best SMILES": {"_type": "table-file", "path": "media/table/Table of best SMILES_20_565d09ea.table.json", "sha256": "565d09eaa5aa20516932df311ef91f72d530c1e2353f89b04a2b2d0f51d3205a", "size": 7662, "ncols": 5, "nrows": 20}, "improvement": 3.927435841750626, "original_score": -1.2684652446924343, "new_score": 2.658970597058192, "improved": true}