{"fitness": -999996.8825715461, "similarity": -1000000, "_step": 21, "_runtime": 3355, "_timestamp": 1610679026, "Table of best SMILES": {"_type": "table-file", "path": "media/table/Table of best SMILES_20_38d5c79b.table.json", "sha256": "38d5c79bfede7ebd913d4783410198a1d4ba0a192f663cb1b6bd932c0cc9d26a", "size": 5307, "ncols": 5, "nrows": 20}, "improvement": 6.484287363244221, "original_score": -1000003.3668589094, "new_score": -999996.8825715461, "improved": true}