{"fitness": -1.5978986190075624, "similarity": 0, "_step": 21, "_runtime": 1199, "_timestamp": 1610127807, "Table of best SMILES": {"_type": "table-file", "path": "media/table/Table of best SMILES_20_6b267125.table.json", "sha256": "6b267125280d0e549eaf2ef5744dd9ea1b22c6a726cbfb42ccdafdbf014ebeb8", "size": 4971, "ncols": 5, "nrows": 20}, "improvement": 0.688668035537058, "original_score": -2.2865666545446204, "new_score": -1.5978986190075624, "improved": true}