{"fitness": -2.377472616055301, "similarity": 0, "_step": 21, "_runtime": 3376, "_timestamp": 1610768424, "Table of best SMILES": {"_type": "table-file", "path": "media/table/Table of best SMILES_20_d1f43c57.table.json", "sha256": "d1f43c57be7ebc39d4674e78cfbbd09f25113ca3d01e71fa80a18c813a9dc42b", "size": 6499, "ncols": 5, "nrows": 20}, "improvement": 0.0, "original_score": -2.377472616055301, "new_score": -2.377472616055301, "improved": false}