{"fitness": 4.096508925823206, "similarity": 0, "_step": 21, "_runtime": 1112, "_timestamp": 1611140529, "Table of best SMILES": {"_type": "table-file", "path": "media/table/Table of best SMILES_20_6b884bb6.table.json", "sha256": "6b884bb654786f6a3f581a3c4061ddf632f7f2a6115fb4126f27197daaebfe08", "size": 9246, "ncols": 5, "nrows": 20}, "improvement": 6.988369818754252, "original_score": -2.891860892931046, "new_score": 4.096508925823206, "improved": true}