{"fitness": 2.721357316691176, "similarity": 0, "_step": 21, "_runtime": 827, "_timestamp": 1610219731, "Table of best SMILES": {"_type": "table-file", "path": "media/table/Table of best SMILES_20_7d4b3a92.table.json", "sha256": "7d4b3a92949f8ad89d774be9ec9ac88456a0738bcaf0d393eaf074eafdd1bfda", "size": 5150, "ncols": 5, "nrows": 20}, "improvement": 4.445954551767452, "original_score": -1.7245972350762757, "new_score": 2.721357316691176, "improved": true}