{"fitness": -2.023174810648734, "similarity": 0, "_step": 21, "_runtime": 1185, "_timestamp": 1610123045, "Table of best SMILES": {"_type": "table-file", "path": "media/table/Table of best SMILES_20_5f241b0b.table.json", "sha256": "5f241b0b7834c46ccb78b90b07f5c9cbf83dec99a81edd2e63e8b5f69e29da4d", "size": 5298, "ncols": 5, "nrows": 20}, "improvement": 2.313694883108613, "original_score": -4.336869693757347, "new_score": -2.023174810648734, "improved": true}