{"fitness": -1.7363626465247126, "similarity": 0, "_step": 21, "_runtime": 781, "_timestamp": 1610267710, "Table of best SMILES": {"_type": "table-file", "path": "media/table/Table of best SMILES_20_7b9ce61c.table.json", "sha256": "7b9ce61cbab2b9939554c81a731d41f3b838a8dfe4d8a5bc9857899163267f1d", "size": 4481, "ncols": 5, "nrows": 20}, "improvement": 1.6559173064132975, "original_score": -3.39227995293801, "new_score": -1.7363626465247126, "improved": true}