{"fitness": 0.9332018198135811, "similarity": 0, "_step": 21, "_runtime": 1027, "_timestamp": 1610969338, "Table of best SMILES": {"_type": "table-file", "path": "media/table/Table of best SMILES_20_7975fcd2.table.json", "sha256": "7975fcd23d59f9026305a2f6701736d6fbe0c858e136e4558e97c92ad3a611e1", "size": 5572, "ncols": 5, "nrows": 20}, "improvement": 2.587215598260664, "original_score": -1.654013778447083, "new_score": 0.9332018198135811, "improved": true}