{"fitness": 0.5117814925814815, "similarity": 0, "_step": 21, "_runtime": 774, "_timestamp": 1610327353, "Table of best SMILES": {"_type": "table-file", "path": "media/table/Table of best SMILES_20_cffebadd.table.json", "sha256": "cffebadd1983d37400fef39a62e6842443d950b1a5f637aede2907b74dc651a7", "size": 6565, "ncols": 5, "nrows": 20}, "improvement": 3.289925411467921, "original_score": -2.7781439188864394, "new_score": 0.5117814925814815, "improved": true}