{"fitness": 0.13818722491499694, "similarity": 0, "_step": 21, "_runtime": 749, "_timestamp": 1611057862, "Table of best SMILES": {"_type": "table-file", "path": "media/table/Table of best SMILES_20_9388f959.table.json", "sha256": "9388f9595701ac86798d660084f48bfd5cd5f9aae5293ae60541f99bae25b81e", "size": 5390, "ncols": 5, "nrows": 20}, "improvement": 3.0986534999181665, "original_score": -2.9604662750031694, "new_score": 0.13818722491499694, "improved": true}