{"fitness": 0.8100615917712528, "similarity": 0, "_step": 21, "_runtime": 813, "_timestamp": 1610225913, "Table of best SMILES": {"_type": "table-file", "path": "media/table/Table of best SMILES_20_44a2803f.table.json", "sha256": "44a2803f13ccbd6606ce250b5a7f7b072f042d43211300d5d4933ed38facca0b", "size": 8212, "ncols": 5, "nrows": 20}, "improvement": 1.8958920824279408, "original_score": -1.085830490656688, "new_score": 0.8100615917712528, "improved": true}