{"fitness": 0.4742725441755191, "similarity": 0, "_step": 21, "_runtime": 780, "_timestamp": 1611009032, "Table of best SMILES": {"_type": "table-file", "path": "media/table/Table of best SMILES_20_640b1271.table.json", "sha256": "640b12712dea5dcffc68fbd84763714110efd3809a37dd7fdf779d36718523b7", "size": 5203, "ncols": 5, "nrows": 20}, "improvement": 3.5169155376892247, "original_score": -2.3824275544534204, "new_score": 1.1344879832358044, "improved": true}