{"fitness": 1.313701889645343, "similarity": 0, "_step": 21, "_runtime": 1232, "_timestamp": 1610157072, "Table of best SMILES": {"_type": "table-file", "path": "media/table/Table of best SMILES_20_822b3826.table.json", "sha256": "822b3826cc49cf319eaec1b8b83723641aca3f26d08bec84d83545e856dbef44", "size": 3436, "ncols": 5, "nrows": 20}, "improvement": 3.829419000480483, "original_score": -2.5157171108351397, "new_score": 1.313701889645343, "improved": true}