{"fitness": -1.0847633954274363, "similarity": 0, "_step": 21, "_runtime": 4357, "_timestamp": 1610917816, "Table of best SMILES": {"_type": "table-file", "path": "media/table/Table of best SMILES_20_a98515ed.table.json", "sha256": "a98515edc6152c908185b9787b91cf8288ae86c8f53ab02951f66b1e783b5e99", "size": 4856, "ncols": 5, "nrows": 20}, "improvement": 0.6661131326457714, "original_score": -1.736809371430344, "new_score": -1.0706962387845727, "improved": true}