{"fitness": -1.1577770973651502, "similarity": 0, "_step": 21, "_runtime": 2397, "_timestamp": 1611009989, "Table of best SMILES": {"_type": "table-file", "path": "media/table/Table of best SMILES_20_5af0aa26.table.json", "sha256": "5af0aa26a95ca7638f1fb3a5c081fac57a6a4579add9fc597f06e3aafb9c16ed", "size": 4729, "ncols": 5, "nrows": 20}, "improvement": 0.3896867524333665, "original_score": -1.5474638497985167, "new_score": -1.1577770973651502, "improved": true}