{"fitness": 0.10600445586646981, "similarity": 0, "_step": 21, "_runtime": 1138, "_timestamp": 1610463885, "Table of best SMILES": {"_type": "table-file", "path": "media/table/Table of best SMILES_20_7debabca.table.json", "sha256": "7debabca4ba0b30aebdbcc77ef138389109b5103928173aa2e9bbe3db9a99ff3", "size": 4554, "ncols": 5, "nrows": 20}, "improvement": 1.2364744100340026, "original_score": -1.1304699541675327, "new_score": 0.10600445586646981, "improved": true}