{"fitness": 2.3393534631718893, "similarity": 0, "_step": 21, "_runtime": 731, "_timestamp": 1611057110, "Table of best SMILES": {"_type": "table-file", "path": "media/table/Table of best SMILES_20_bcb5ef1f.table.json", "sha256": "bcb5ef1f6d8aee66cf554ef6398967d1f6090add92b2936b47e3b37229415bca", "size": 6306, "ncols": 5, "nrows": 20}, "improvement": 4.615393447833721, "original_score": -2.2760399846618316, "new_score": 2.3393534631718893, "improved": true}