{"fitness": -3.293365029526157, "similarity": 0, "_step": 21, "_runtime": 1198, "_timestamp": 1610137358, "Table of best SMILES": {"_type": "table-file", "path": "media/table/Table of best SMILES_20_70632302.table.json", "sha256": "70632302f6b744518277888eb479dafd6b9868a763526caf4fd5950318ee80be", "size": 4382, "ncols": 5, "nrows": 20}, "improvement": 1.0952482436314401, "original_score": -4.388613273157597, "new_score": -3.293365029526157, "improved": true}