{"fitness": -999994.0032445168, "similarity": -1000000, "_step": 21, "_runtime": 4694, "_timestamp": 1611007587, "Table of best SMILES": {"_type": "table-file", "path": "media/table/Table of best SMILES_20_4eeceab6.table.json", "sha256": "4eeceab650d2ce747deb376272730428dd25b594457da6f1957430b1c971b3ab", "size": 6663, "ncols": 5, "nrows": 20}, "improvement": 10.940495128394105, "original_score": -1000004.9437396452, "new_score": -999994.0032445168, "improved": true}