{"fitness": 3.7153534897939573, "similarity": 0, "_step": 21, "_runtime": 764, "_timestamp": 1611024988, "Table of best SMILES": {"_type": "table-file", "path": "media/table/Table of best SMILES_20_2c620798.table.json", "sha256": "2c620798b29a122ebf48e55c33da17cfbd42ef40bcd52999213facaaf323dcee", "size": 7845, "ncols": 5, "nrows": 20}, "improvement": 5.652832636944657, "original_score": -1.9374791471506996, "new_score": 3.7153534897939573, "improved": true}