{"fitness": 1.0523482490632128, "similarity": 0, "_step": 21, "_runtime": 969, "_timestamp": 1611106500, "Table of best SMILES": {"_type": "table-file", "path": "media/table/Table of best SMILES_20_6b13a56a.table.json", "sha256": "6b13a56a3d302240affb47425c7a65eccdcd5fef4cfae0c10f677cd8a9f3b2cd", "size": 7415, "ncols": 5, "nrows": 20}, "improvement": 2.9295917178202577, "original_score": -1.877243468757045, "new_score": 1.0523482490632128, "improved": true}