{"fitness": 0.6455893630001852, "similarity": 0, "_step": 21, "_runtime": 815, "_timestamp": 1611073523, "Table of best SMILES": {"_type": "table-file", "path": "media/table/Table of best SMILES_20_fa019ea4.table.json", "sha256": "fa019ea4a951ca799c189030feffe27d234216ead5af7bcd1195bd564f6ceb21", "size": 6907, "ncols": 5, "nrows": 20}, "improvement": 4.319369415421267, "original_score": -3.673780052421082, "new_score": 0.6455893630001852, "improved": true}