{"fitness": 2.27968826005492, "similarity": 0, "_step": 21, "_runtime": 915, "_timestamp": 1610899109, "Table of best SMILES": {"_type": "table-file", "path": "media/table/Table of best SMILES_20_bce4c062.table.json", "sha256": "bce4c0621735234d8f390c694aea1d00a9c9f4b031a88b02f14531e489c5ef79", "size": 5125, "ncols": 5, "nrows": 20}, "improvement": 4.554730958857631, "original_score": -2.2750426988027113, "new_score": 2.27968826005492, "improved": true}