{"fitness": 2.2681811664873535, "similarity": 0, "_step": 21, "_runtime": 1061, "_timestamp": 1610967282, "Table of best SMILES": {"_type": "table-file", "path": "media/table/Table of best SMILES_20_dd31ff56.table.json", "sha256": "dd31ff568217eb7d0ff121d6af588b5c490743d6f3d177f7bf74dd03c53f8314", "size": 6256, "ncols": 5, "nrows": 20}, "improvement": 4.29362745800209, "original_score": -2.0254462915147373, "new_score": 2.2681811664873535, "improved": true}