{"fitness": 0.45803589873276507, "similarity": 0, "_step": 21, "_runtime": 4373, "_timestamp": 1610913455, "Table of best SMILES": {"_type": "table-file", "path": "media/table/Table of best SMILES_20_ef5de025.table.json", "sha256": "ef5de025dffe8af47fcfc19ef76fce8c52fdc045a0fe5613dab03d4d1478782c", "size": 6249, "ncols": 5, "nrows": 20}, "improvement": 2.399993162321775, "original_score": -1.9419572635890099, "new_score": 0.45803589873276507, "improved": true}