{"fitness": 1.5711252766395003, "similarity": 0, "_step": 21, "_runtime": 818, "_timestamp": 1610207385, "Table of best SMILES": {"_type": "table-file", "path": "media/table/Table of best SMILES_20_e7d93cf9.table.json", "sha256": "e7d93cf9fe77e787353e985a483f83fb756164d9c862414d8683a3bb7955f5c5", "size": 5557, "ncols": 5, "nrows": 20}, "improvement": 2.6917080091765078, "original_score": -1.1205827325370072, "new_score": 1.5711252766395003, "improved": true}