{"fitness": 1.4808057048309464, "similarity": 0, "_step": 21, "_runtime": 733, "_timestamp": 1610184746, "Table of best SMILES": {"_type": "table-file", "path": "media/table/Table of best SMILES_20_e30314a2.table.json", "sha256": "e30314a2cf9bcb9d9904a19c701669e1935532659f85bdf122c14ea73cee88ca", "size": 5850, "ncols": 5, "nrows": 20}, "improvement": 7.613182190963848, "original_score": -6.132376486132902, "new_score": 1.4808057048309464, "improved": true}