{"fitness": -8.416984381567458, "similarity": 0, "_step": 21, "_runtime": 762, "_timestamp": 1610356140, "Table of best SMILES": {"_type": "table-file", "path": "media/table/Table of best SMILES_20_6500924a.table.json", "sha256": "6500924a1546b074aef6a1e4c58ac5ae4f4e72623cc2cb3ea66108aa47bc27e0", "size": 4791, "ncols": 5, "nrows": 20}, "improvement": 0.6390234179144709, "original_score": -8.845913982886326, "new_score": -8.206890564971856, "improved": true}