{"fitness": 1.522706822427539, "similarity": 0, "_step": 21, "_runtime": 1229, "_timestamp": 1610132748, "Table of best SMILES": {"_type": "table-file", "path": "media/table/Table of best SMILES_20_6249d205.table.json", "sha256": "6249d2055f2ae4b32db7f6e09f6f5f9362081d0a1b173da06cd36ff2e95a1614", "size": 6151, "ncols": 5, "nrows": 20}, "improvement": 2.8420924980162403, "original_score": -1.2507441671237405, "new_score": 1.5913483308924998, "improved": true}