{"fitness": 1.4656794743986892, "similarity": 0, "_step": 21, "_runtime": 1144, "_timestamp": 1610118240, "Table of best SMILES": {"_type": "table-file", "path": "media/table/Table of best SMILES_20_027ac7af.table.json", "sha256": "027ac7af69456d7db143faa5b726537e08807487cb60d7b9039747d7b4dd1bf5", "size": 3829, "ncols": 5, "nrows": 20}, "improvement": 2.5950574898377425, "original_score": -1.1293780154390534, "new_score": 1.4656794743986892, "improved": true}