{"fitness": 1.9998814673252692, "similarity": 0, "_step": 21, "_runtime": 809, "_timestamp": 1610247007, "Table of best SMILES": {"_type": "table-file", "path": "media/table/Table of best SMILES_20_111622c5.table.json", "sha256": "111622c52dd31480c071cb3b81f81d5302202e39ba615f04cb8af81614ee0802", "size": 5133, "ncols": 5, "nrows": 20}, "improvement": 3.557193876162613, "original_score": -1.5573124088373438, "new_score": 1.9998814673252692, "improved": true}