{"fitness": 1.3883594714820409, "similarity": 0, "_step": 21, "_runtime": 3016, "_timestamp": 1610624393, "Table of best SMILES": {"_type": "table-file", "path": "media/table/Table of best SMILES_20_92c0aaa5.table.json", "sha256": "92c0aaa5c9d100b694405674f2dd8814c39fc45f97d816b7a1728c7024dd4549", "size": 6016, "ncols": 5, "nrows": 20}, "improvement": 3.257297094530986, "original_score": -1.868937623048945, "new_score": 1.3883594714820409, "improved": true}