{"fitness": -3.039976251446907, "similarity": 0, "_step": 21, "_runtime": 3745, "_timestamp": 1610884425, "Table of best SMILES": {"_type": "table-file", "path": "media/table/Table of best SMILES_20_39160a41.table.json", "sha256": "39160a413b2f35b50ff474485813439b7766555e19d8990f38ea1ce314b324ed", "size": 5777, "ncols": 5, "nrows": 20}, "improvement": 0.0, "original_score": -3.039976251446907, "new_score": -3.039976251446907, "improved": false}