{"fitness": -999994.6875407405, "similarity": -1000000, "_step": 21, "_runtime": 1289, "_timestamp": 1610174946, "Table of best SMILES": {"_type": "table-file", "path": "media/table/Table of best SMILES_20_d3d6e951.table.json", "sha256": "d3d6e951d67a0457e72622a69daa63a536c29be601ef4d2ca36de49763312b8c", "size": 9184, "ncols": 5, "nrows": 20}, "improvement": 7.296194124035537, "original_score": -1000001.9837348645, "new_score": -999994.6875407405, "improved": true}