{"fitness": 1.178558272408857, "similarity": 0, "_step": 21, "_runtime": 1255, "_timestamp": 1610468814, "Table of best SMILES": {"_type": "table-file", "path": "media/table/Table of best SMILES_20_84605789.table.json", "sha256": "846057895f5d56a584a17585df0a7a487f90726a35b4b0c21a5cee0f2979b003", "size": 8032, "ncols": 5, "nrows": 20}, "improvement": 2.3381059335626637, "original_score": -1.1595476611538067, "new_score": 1.178558272408857, "improved": true}