{"fitness": 1.956524795957402, "similarity": 0, "_step": 21, "_runtime": 933, "_timestamp": 1610873856, "Table of best SMILES": {"_type": "table-file", "path": "media/table/Table of best SMILES_20_c207dbda.table.json", "sha256": "c207dbdabfaffbd55274cd1620a6990db006b650d2efeae66e34c8a715e422de", "size": 6412, "ncols": 5, "nrows": 20}, "improvement": 4.087907642074917, "original_score": -2.131382846117515, "new_score": 1.956524795957402, "improved": true}