{"fitness": -2.2078282451965063, "similarity": 0, "_step": 21, "_runtime": 1224, "_timestamp": 1610138585, "Table of best SMILES": {"_type": "table-file", "path": "media/table/Table of best SMILES_20_66978f06.table.json", "sha256": "66978f06d4f584242024bde2bb90bb401bf49a3e9c8b165080352aaed60f0421", "size": 4396, "ncols": 5, "nrows": 20}, "improvement": 1.7361877928786305, "original_score": -3.944016038075137, "new_score": -2.2078282451965063, "improved": true}