{"fitness": -0.6617032013442274, "similarity": 0, "_step": 21, "_runtime": 885, "_timestamp": 1610366393, "Table of best SMILES": {"_type": "table-file", "path": "media/table/Table of best SMILES_20_1bfd92ee.table.json", "sha256": "1bfd92ee63c1fa33d354f4990b5b38e6f9981086ff866e149537c1f87cad32d8", "size": 4044, "ncols": 5, "nrows": 20}, "improvement": 1.3784399272004955, "original_score": -2.040143128544723, "new_score": -0.6617032013442274, "improved": true}