{"fitness": 2.2578110325841467, "similarity": 0, "_step": 21, "_runtime": 808, "_timestamp": 1610227525, "Table of best SMILES": {"_type": "table-file", "path": "media/table/Table of best SMILES_20_f36cdf94.table.json", "sha256": "f36cdf94ed94327d4fdce2abf831f22d91cc0fb4d789c9d7ad0655497a4ea457", "size": 4304, "ncols": 5, "nrows": 20}, "improvement": 4.234294268720505, "original_score": -1.9764832361363582, "new_score": 2.2578110325841467, "improved": true}