{"fitness": 1.8584936720620893, "similarity": 0, "_step": 21, "_runtime": 787, "_timestamp": 1610314975, "Table of best SMILES": {"_type": "table-file", "path": "media/table/Table of best SMILES_20_19afc602.table.json", "sha256": "19afc602aa2a0d118a085487755b04e6cba7119032986c31ef52dd512e56213b", "size": 5214, "ncols": 5, "nrows": 20}, "improvement": 3.284730330429868, "original_score": -1.426236658367779, "new_score": 1.8584936720620893, "improved": true}