{"fitness": 1.4056711018335741, "similarity": 0, "_step": 21, "_runtime": 827, "_timestamp": 1611076815, "Table of best SMILES": {"_type": "table-file", "path": "media/table/Table of best SMILES_20_7508d9e4.table.json", "sha256": "7508d9e4c25b5ac0851386fc0cd90a59f3fd7182f782fdd30f7b2830a33bc3fd", "size": 6778, "ncols": 5, "nrows": 20}, "improvement": 4.409662943160629, "original_score": -3.0039918413270548, "new_score": 1.4056711018335741, "improved": true}