{"fitness": 0.5907065065497463, "similarity": 0, "_step": 21, "_runtime": 779, "_timestamp": 1610185528, "Table of best SMILES": {"_type": "table-file", "path": "media/table/Table of best SMILES_20_f740b292.table.json", "sha256": "f740b292e6b7aaa081d555ef763e9dd60ca29c37a4d66970c3df100f43f8d01c", "size": 7947, "ncols": 5, "nrows": 20}, "improvement": 3.7780246157321766, "original_score": -3.1873181091824305, "new_score": 0.5907065065497463, "improved": true}