{"fitness": 0.616773764304299, "similarity": 0, "_step": 21, "_runtime": 815, "_timestamp": 1611072705, "Table of best SMILES": {"_type": "table-file", "path": "media/table/Table of best SMILES_20_ecd36d71.table.json", "sha256": "ecd36d71b5a458fa4207c559ed8cd3a3d3e44d6dc71081980b9e221ee2b0695b", "size": 6680, "ncols": 5, "nrows": 20}, "improvement": 3.1605497145282726, "original_score": -2.543775950223974, "new_score": 0.616773764304299, "improved": true}