{"fitness": -0.522705220228584, "similarity": 0, "_step": 21, "_runtime": 2534, "_timestamp": 1611088417, "Table of best SMILES": {"_type": "table-file", "path": "media/table/Table of best SMILES_20_a8041564.table.json", "sha256": "a80415640baf7818aa7bc3d634602e5257272553ad61af63d997db7825f7ca57", "size": 5868, "ncols": 5, "nrows": 20}, "improvement": 3.1411214046790454, "original_score": -3.6638266249076294, "new_score": -0.522705220228584, "improved": true}