{"fitness": -0.8317550310720287, "similarity": 0, "_step": 21, "_runtime": 3063, "_timestamp": 1610615356, "Table of best SMILES": {"_type": "table-file", "path": "media/table/Table of best SMILES_20_b34857c9.table.json", "sha256": "b34857c91c5e6678da3ac55f4c04b3c992565b29c685176f40aad8e37d8b1a49", "size": 6424, "ncols": 5, "nrows": 20}, "improvement": 1.359734865850752, "original_score": -1.8410761981743302, "new_score": -0.48134133232357834, "improved": true}