{"fitness": -2.3623376417378767, "similarity": 0, "_step": 21, "_runtime": 977, "_timestamp": 1610393506, "Table of best SMILES": {"_type": "table-file", "path": "media/table/Table of best SMILES_20_74aea385.table.json", "sha256": "74aea38530da90a14d26632949175587cd28bce3e62c145904799280f7581cd8", "size": 4917, "ncols": 5, "nrows": 20}, "improvement": 4.538003861567738, "original_score": -6.900341503305614, "new_score": -2.3623376417378767, "improved": true}