{"fitness": -0.8309736675765425, "similarity": 0, "_step": 21, "_runtime": 1022, "_timestamp": 1610417516, "Table of best SMILES": {"_type": "table-file", "path": "media/table/Table of best SMILES_20_259e8a74.table.json", "sha256": "259e8a74ee55bb4718362f0404929944f4f7fce2005a51fc6e98c46b2ecf7ffa", "size": 4703, "ncols": 5, "nrows": 20}, "improvement": 2.4934749031625616, "original_score": -3.324448570739104, "new_score": -0.8309736675765425, "improved": true}