{"fitness": 2.490500810614209, "similarity": 0, "_step": 21, "_runtime": 769, "_timestamp": 1611022712, "Table of best SMILES": {"_type": "table-file", "path": "media/table/Table of best SMILES_20_32673612.table.json", "sha256": "32673612a74d3e50cf8cdfbe54b77243a1768a22a456d7c2c0684f080a404dcd", "size": 5208, "ncols": 5, "nrows": 20}, "improvement": 4.103948883285817, "original_score": -1.6134480726716076, "new_score": 2.490500810614209, "improved": true}