{"fitness": -0.16125931590078882, "similarity": 0, "_step": 21, "_runtime": 2147, "_timestamp": 1610481753, "Table of best SMILES": {"_type": "table-file", "path": "media/table/Table of best SMILES_20_beabb795.table.json", "sha256": "beabb795a91c786ebb5386dc8c368a3bafd438a9059690cb2d91c95f22d50249", "size": 4783, "ncols": 5, "nrows": 20}, "improvement": 1.5406227287714007, "original_score": -1.7018820446721896, "new_score": -0.16125931590078882, "improved": true}