{"fitness": -1.0378246845885069, "similarity": 0, "_step": 21, "_runtime": 1085, "_timestamp": 1611137212, "Table of best SMILES": {"_type": "table-file", "path": "media/table/Table of best SMILES_20_a6628a8f.table.json", "sha256": "a6628a8fa2af4f0716b0866fea1703fb4c2b64ae638159dfa79c30694fda6eda", "size": 5779, "ncols": 5, "nrows": 20}, "improvement": 1.7288163004476536, "original_score": -2.7666409850361604, "new_score": -1.0378246845885069, "improved": true}