{"fitness": 1.537104493363514, "similarity": 0, "_step": 21, "_runtime": 1247, "_timestamp": 1610130282, "Table of best SMILES": {"_type": "table-file", "path": "media/table/Table of best SMILES_20_98248fb9.table.json", "sha256": "98248fb9c7b736d73c45b9b6d4ec3e13a1331f7af9a09989500bb9a8a4fd9ad0", "size": 6720, "ncols": 5, "nrows": 20}, "improvement": 5.466329612131662, "original_score": -3.9292251187681475, "new_score": 1.537104493363514, "improved": true}