{"fitness": 0.8811136561439323, "similarity": 0, "_step": 21, "_runtime": 759, "_timestamp": 1611062441, "Table of best SMILES": {"_type": "table-file", "path": "media/table/Table of best SMILES_20_95f4ca0a.table.json", "sha256": "95f4ca0a05bd3bc86122ad05ec1c437b89745165addbea264a56d381c83022ec", "size": 5884, "ncols": 5, "nrows": 20}, "improvement": 3.284852898514309, "original_score": -2.4037392423703765, "new_score": 0.8811136561439323, "improved": true}