{"fitness": 2.8442603454815103, "similarity": 0, "_step": 21, "_runtime": 770, "_timestamp": 1610195524, "Table of best SMILES": {"_type": "table-file", "path": "media/table/Table of best SMILES_20_bb053a5b.table.json", "sha256": "bb053a5b289df1ed2076072103f8072cc191fbbc209de24342128bf17311709e", "size": 5244, "ncols": 5, "nrows": 20}, "improvement": 4.059108997829031, "original_score": -1.1867252114065165, "new_score": 2.8723837864225144, "improved": true}