{"fitness": -0.4489859367969733, "similarity": 0, "_step": 21, "_runtime": 2365, "_timestamp": 1611028781, "Table of best SMILES": {"_type": "table-file", "path": "media/table/Table of best SMILES_20_7ed70d9e.table.json", "sha256": "7ed70d9ea80f48669e67f64191b712281606ce1eeb2f237d9b55485c8f6205b0", "size": 4702, "ncols": 5, "nrows": 20}, "improvement": 1.9299840579293654, "original_score": -2.3789699947263387, "new_score": -0.4489859367969733, "improved": true}