{"fitness": 2.3251562244214172, "similarity": 0, "_step": 21, "_runtime": 802, "_timestamp": 1610201676, "Table of best SMILES": {"_type": "table-file", "path": "media/table/Table of best SMILES_20_aeb073b6.table.json", "sha256": "aeb073b6d43229a63eb3ef1ac8671a941386b3f96dbedec97712b5403a99e671", "size": 5016, "ncols": 5, "nrows": 20}, "improvement": 4.110947914138457, "original_score": -1.7857916897170396, "new_score": 2.3251562244214172, "improved": true}