{"fitness": -999994.5468725039, "similarity": -1000000, "_step": 21, "_runtime": 2422, "_timestamp": 1610650467, "Table of best SMILES": {"_type": "table-file", "path": "media/table/Table of best SMILES_20_bf403d71.table.json", "sha256": "bf403d714dde1626ad54391a35e5f6a04271be71949a3ea6c6a83987190b329a", "size": 7377, "ncols": 5, "nrows": 20}, "improvement": 9.281029980746098, "original_score": -1000003.8279024847, "new_score": -999994.5468725039, "improved": true}