{"fitness": 1.215636956769512, "similarity": 0, "_step": 21, "_runtime": 1204, "_timestamp": 1610126587, "Table of best SMILES": {"_type": "table-file", "path": "media/table/Table of best SMILES_20_bc0c3ab0.table.json", "sha256": "bc0c3ab0d282f4776f5f30a599072f45fd8f3d7f4f172eafab16d5800f35dcbf", "size": 5963, "ncols": 5, "nrows": 20}, "improvement": 2.4841022014619463, "original_score": -1.2684652446924343, "new_score": 1.215636956769512, "improved": true}