{"fitness": 0.7218274617234025, "similarity": 0, "_step": 21, "_runtime": 832, "_timestamp": 1610222339, "Table of best SMILES": {"_type": "table-file", "path": "media/table/Table of best SMILES_20_d9f25ddf.table.json", "sha256": "d9f25ddf1f3d9285f53413b570d6b0efafa4e6504706c199f445c7e002f60a0d", "size": 6604, "ncols": 5, "nrows": 20}, "improvement": 2.42218687702698, "original_score": -1.7003594153035773, "new_score": 0.7218274617234025, "improved": true}