{"fitness": 3.1507872839835245, "similarity": 0, "_step": 21, "_runtime": 934, "_timestamp": 1610882298, "Table of best SMILES": {"_type": "table-file", "path": "media/table/Table of best SMILES_20_4d9c8d6e.table.json", "sha256": "4d9c8d6e7184320fbb5dab1794e8f5dcb7303d87415cca516e4cb85aff286429", "size": 4882, "ncols": 5, "nrows": 20}, "improvement": 4.461579793641877, "original_score": -1.3107925096583524, "new_score": 3.1507872839835245, "improved": true}