{"fitness": 1.0567730393914156, "similarity": 0, "_step": 21, "_runtime": 986, "_timestamp": 1610963233, "Table of best SMILES": {"_type": "table-file", "path": "media/table/Table of best SMILES_20_d049a00a.table.json", "sha256": "d049a00a16a143456c5625996c41ae7a65f3ab9272b97b3f32f9b50860cc3423", "size": 4643, "ncols": 5, "nrows": 20}, "improvement": 4.575265423869748, "original_score": -3.518492384478333, "new_score": 1.0567730393914156, "improved": true}