{"fitness": 2.520890332244608, "similarity": 0, "_step": 21, "_runtime": 1084, "_timestamp": 1610993285, "Table of best SMILES": {"_type": "table-file", "path": "media/table/Table of best SMILES_20_9bd2a7da.table.json", "sha256": "9bd2a7daa93c9757a0d5fb37675b987cf442aceeaa2e69f635974801a1ac8e18", "size": 6053, "ncols": 5, "nrows": 20}, "improvement": 4.8847946915178335, "original_score": -2.3639043592732256, "new_score": 2.520890332244608, "improved": true}