{"fitness": 1.4482786740078404, "similarity": 0, "_step": 21, "_runtime": 1070, "_timestamp": 1611006281, "Table of best SMILES": {"_type": "table-file", "path": "media/table/Table of best SMILES_20_26042d5b.table.json", "sha256": "26042d5ba59f1c5d79f57b358d9a26b622367179c66ab1b4a3d6fd48ee3297f0", "size": 5616, "ncols": 5, "nrows": 20}, "improvement": 3.003081822461746, "original_score": -1.5548031484539058, "new_score": 1.4482786740078404, "improved": true}