{"fitness": 0.467624055484135, "similarity": 0, "_step": 21, "_runtime": 926, "_timestamp": 1610910127, "Table of best SMILES": {"_type": "table-file", "path": "media/table/Table of best SMILES_20_e2c0c349.table.json", "sha256": "e2c0c34950f43b1bae25a7a54b343d5deb84085cf3b63a68a3604ac39a8d364b", "size": 4462, "ncols": 5, "nrows": 20}, "improvement": 3.116962304626853, "original_score": -2.4005665320854437, "new_score": 0.7163957725414093, "improved": true}