{"fitness": -2.2098581952769925, "similarity": 0, "_step": 21, "_runtime": 1109, "_timestamp": 1610098885, "Table of best SMILES": {"_type": "table-file", "path": "media/table/Table of best SMILES_20_01bf7ca3.table.json", "sha256": "01bf7ca32a45de5d1c43b97ee91feed0e9a36b8f13c6f73ed583bbb7694b997b", "size": 5128, "ncols": 5, "nrows": 20}, "improvement": 2.1270114984803543, "original_score": -4.336869693757347, "new_score": -2.2098581952769925, "improved": true}