{"fitness": 15.722350687580379, "fitness_no_discr": 22.275676685024138, "discriminator": 0.009805579669773579, "_step": 176, "_runtime": 8934, "_timestamp": 1611155636, "graph_0": {"_type": "graph-file", "path": "media/graph/graph_0_summary_320cf82c.graph.json", "sha256": "320cf82cf3055a0b53de506fb4b3bdbcf2d8081d33a648acc43d70582e3e3266", "size": 723}, "gradients/predict.bias": {"_type": "histogram", "values": [0.0, 0.0, 0.0, 0.0, 0.0, 0.0, 0.0, 0.0, 0.0, 0.0, 0.0, 0.0, 0.0, 0.0, 0.0, 0.0, 0.0, 0.0, 0.0, 0.0, 0.0, 0.0, 0.0, 0.0, 0.0, 0.0, 0.0, 0.0, 0.0, 0.0, 0.0, 0.0, 1.0, 0.0, 0.0, 0.0, 0.0, 0.0, 0.0, 0.0, 0.0, 0.0, 0.0, 0.0, 0.0, 0.0, 0.0, 0.0, 0.0, 0.0, 0.0, 0.0, 0.0, 0.0, 0.0, 0.0, 0.0, 0.0, 0.0, 0.0, 0.0, 0.0, 0.0, 0.0], "bins": [0.001251770299859345, 0.001251770299859345, 0.001251770299859345, 0.001251770299859345, 0.001251770299859345, 0.001251770299859345, 0.001251770299859345, 0.001251770299859345, 0.001251770299859345, 0.001251770299859345, 0.001251770299859345, 0.001251770299859345, 0.001251770299859345, 0.001251770299859345, 0.001251770299859345, 0.001251770299859345, 0.001251770299859345, 0.001251770299859345, 0.001251770299859345, 0.001251770299859345, 0.001251770299859345, 0.001251770299859345, 0.001251770299859345, 0.001251770299859345, 0.001251770299859345, 0.001251770299859345, 0.001251770299859345, 0.001251770299859345, 0.001251770299859345, 0.001251770299859345, 0.001251770299859345, 0.001251770299859345, 0.001251770299859345, 0.001251770299859345, 0.001251770299859345, 0.001251770299859345, 0.001251770299859345, 0.001251770299859345, 0.001251770299859345, 0.001251770299859345, 0.001251770299859345, 0.001251770299859345, 0.001251770299859345, 0.001251770299859345, 0.001251770299859345, 0.001251770299859345, 0.001251770299859345, 0.001251770299859345, 0.001251770299859345, 0.001251770299859345, 0.001251770299859345, 0.001251770299859345, 0.001251770299859345, 0.001251770299859345, 0.001251770299859345, 0.001251770299859345, 0.001251770299859345, 0.001251770299859345, 0.001251770299859345, 0.001251770299859345, 0.001251770299859345, 0.001251770299859345, 0.001251770299859345, 0.001251770299859345, 0.001251770299859345]}, "gradients/predict.weight": {"_type": "histogram", "values": [6.0, 0.0, 0.0, 0.0, 0.0, 0.0, 0.0, 0.0, 0.0, 0.0, 0.0, 0.0, 0.0, 0.0, 0.0, 0.0, 0.0, 0.0, 0.0, 0.0, 0.0, 0.0, 0.0, 0.0, 0.0, 0.0, 0.0, 0.0, 0.0, 0.0, 0.0, 0.0, 0.0, 0.0, 0.0, 0.0, 0.0, 0.0, 0.0, 0.0, 0.0, 0.0, 0.0, 0.0, 0.0, 0.0, 0.0, 0.0, 0.0, 0.0, 0.0, 0.0, 0.0, 0.0, 0.0, 0.0, 0.0, 0.0, 0.0, 0.0, 0.0, 0.0, 0.0, 4.0], "bins": [-0.010352867655456066, -0.010009938850998878, -0.00966701004654169, -0.009324081242084503, -0.00898115336894989, -0.008638224564492702, -0.008295295760035515, -0.007952366955578327, -0.0076094381511211395, -0.007266509812325239, -0.0069235810078680515, -0.006580652669072151, -0.0062377238646149635, -0.005894795060157776, -0.005551866255700588, -0.005208937916904688, -0.0048660091124475, -0.004523080307990313, -0.004180151969194412, -0.0038372231647372246, -0.003494294360280037, -0.0031513660214841366, -0.002808437217026949, -0.0024655088782310486, -0.002122580073773861, -0.0017796512693166733, -0.0014367224648594856, -0.001093793660402298, -0.0007508648559451103, -0.0004079369828104973, -6.500817835330963e-05, 0.000277920626103878, 0.0006208494305610657, 0.0009637782350182533, 0.001306707039475441, 0.0016496358439326286, 0.0019925637170672417, 0.0023354925215244293, 0.002678421325981617, 0.0030213501304388046, 0.0033642789348959923, 0.00370720773935318, 0.004050135612487793, 0.004393064416944981, 0.004735993221402168, 0.005078922025859356, 0.005421849898993969, 0.005764779634773731, 0.006107707507908344, 0.0064506372436881065, 0.00679356511682272, 0.007136494852602482, 0.007479422725737095, 0.007822350598871708, 0.00816528033465147, 0.008508208207786083, 0.008851137943565845, 0.009194065816700459, 0.009536993689835072, 0.009879923425614834, 0.010222851298749447, 0.01056578103452921, 0.010908708907663822, 0.011251638643443584, 0.011594566516578197]}, "gradients/hidden.1.bias": {"_type": "histogram", "values": [2.0, 0.0, 0.0, 0.0, 0.0, 3.0, 0.0, 1.0, 0.0, 0.0, 0.0, 0.0, 0.0, 0.0, 0.0, 0.0, 0.0, 0.0, 0.0, 0.0, 0.0, 0.0, 0.0, 0.0, 0.0, 0.0, 0.0, 0.0, 0.0, 0.0, 0.0, 0.0, 0.0, 0.0, 0.0, 0.0, 0.0, 0.0, 0.0, 0.0, 0.0, 0.0, 0.0, 0.0, 0.0, 0.0, 0.0, 0.0, 0.0, 0.0, 0.0, 0.0, 0.0, 0.0, 0.0, 0.0, 0.0, 0.0, 0.0, 0.0, 0.0, 3.0, 0.0, 1.0], "bins": [-0.00022243542480282485, -0.0002158630231861025, -0.0002092906361212954, -0.00020271824905648828, -0.00019614584743976593, -0.00018957344582304358, -0.00018300105875823647, -0.00017642867169342935, -0.000169856270076707, -0.00016328386845998466, -0.00015671148139517754, -0.00015013909433037043, -0.00014356669271364808, -0.00013699429109692574, -0.00013042190403211862, -0.0001238495169673115, -0.00011727711535058916, -0.00011070472100982442, -0.0001041323266690597, -9.755993960425258e-05, -9.098753798753023e-05, -8.441513637080789e-05, -7.784274930600077e-05, -7.127036224119365e-05, -6.469796062447131e-05, -5.812555900774896e-05, -5.1553171942941844e-05, -4.498078487813473e-05, -3.840838326141238e-05, -3.183598164469004e-05, -2.526359457988292e-05, -1.8691207515075803e-05, -1.2118805898353457e-05, -5.546404281631112e-06, 1.0259827831760049e-06, 7.598369847983122e-06, 1.4170771464705467e-05, 2.0743173081427813e-05, 2.73155455943197e-05, 3.3887947211042047e-05, 4.046034882776439e-05, 4.703275044448674e-05, 5.360515206120908e-05, 6.017752457410097e-05, 6.674992619082332e-05, 7.332232780754566e-05, 7.989470032043755e-05, 8.64671019371599e-05, 9.303950355388224e-05, 9.961190517060459e-05, 0.00010618430678732693, 0.00011275667930021882, 0.00011932908091694117, 0.0001259014825336635, 0.0001324738550465554, 0.00013904625666327775, 0.0001456186582800001, 0.00015219105989672244, 0.00015876346151344478, 0.00016533583402633667, 0.00017190823564305902, 0.00017848063725978136, 0.00018505300977267325, 0.0001916254113893956, 0.00019819781300611794]}, "gradients/hidden.1.weight": {"_type": "histogram", "values": [15.0, 25.0, 2.0, 4.0, 2.0, 16.0, 50.0, 20.0, 37.0, 9.0, 20.0, 16.0, 22.0, 26.0, 21.0, 24.0, 20.0, 8.0, 5.0, 0.0, 0.0, 5.0, 14.0, 26.0, 51.0, 18.0, 25.0, 35.0, 19.0, 5.0, 0.0, 19.0, 15.0, 28.0, 21.0, 14.0, 3.0, 3.0, 6.0, 11.0, 28.0, 13.0, 31.0, 23.0, 13.0, 4.0, 0.0, 0.0, 0.0, 2.0, 13.0, 14.0, 24.0, 26.0, 17.0, 17.0, 13.0, 6.0, 6.0, 10.0, 41.0, 17.0, 12.0, 10.0], "bins": [-0.0002369226422160864, -0.00022992177400738, -0.00022292090579867363, -0.00021592003758996725, -0.00020891915482934564, -0.00020191828662063926, -0.00019491741841193289, -0.0001879165502032265, -0.0001809156674426049, -0.00017391479923389852, -0.00016691393102519214, -0.00015991306281648576, -0.00015291219460777938, -0.000145911326399073, -0.00013891045819036663, -0.00013190957542974502, -0.00012490870722103864, -0.00011790783901233226, -0.00011090697080362588, -0.00010390608804300427, -9.69052198342979e-05, -8.990435162559152e-05, -8.290348341688514e-05, -7.590261520817876e-05, -6.890174699947238e-05, -6.190086423885077e-05, -5.4899996030144393e-05, -4.7899127821438015e-05, -4.0898259612731636e-05, -3.389739140402526e-05, -2.689650864340365e-05, -1.989564043469727e-05, -1.2894772225990891e-05, -5.8939040172845125e-06, 1.1069641914218664e-06, 8.107832400128245e-06, 1.5108700608834624e-05, 2.2109568817541003e-05, 2.911046613007784e-05, 3.611133433878422e-05, 4.31122025474906e-05, 5.0113070756196976e-05, 5.7113938964903355e-05, 6.411480717360973e-05, 7.111567538231611e-05, 7.811654359102249e-05, 8.511741179972887e-05, 9.211828000843525e-05, 9.911914821714163e-05, 0.00010612004552967846, 0.00011312091373838484, 0.00012012178194709122, 0.0001271226501557976, 0.00013412351836450398, 0.00014112438657321036, 0.00014812525478191674, 0.00015512612299062312, 0.0001621269911993295, 0.00016912785940803587, 0.0001761287567205727, 0.0001831296249292791, 0.00019013049313798547, 0.00019713136134669185, 0.00020413222955539823, 0.0002111330977641046]},