{"fitness": 11.833643814374465, "fitness_no_discr": 16.849232706222068, "discriminator": 0.026874534785747528, "_step": 92, "_runtime": 4611, "_timestamp": 1611151313, "graph_0": {"_type": "graph-file", "path": "media/graph/graph_0_summary_320cf82c.graph.json", "sha256": "320cf82cf3055a0b53de506fb4b3bdbcf2d8081d33a648acc43d70582e3e3266", "size": 723}}