{"fitness": 20.815488375879482, "fitness_no_discr": 29.55313288221382, "discriminator": 0.0004166447906754911, "_step": 1000, "_runtime": 52121, "_timestamp": 1611198823, "graph_0": {"_type": "graph-file", "path": "media/graph/graph_0_summary_320cf82c.graph.json", "sha256": "320cf82cf3055a0b53de506fb4b3bdbcf2d8081d33a648acc43d70582e3e3266", "size": 723}, "gradients/predict.bias": {"_type": "histogram", "values": [0.0, 0.0, 0.0, 0.0, 0.0, 0.0, 0.0, 0.0, 0.0, 0.0, 0.0, 0.0, 0.0, 0.0, 0.0, 0.0, 0.0, 0.0, 0.0, 0.0, 0.0, 0.0, 0.0, 0.0, 0.0, 0.0, 0.0, 0.0, 0.0, 0.0, 0.0, 0.0, 1.0, 0.0, 0.0, 0.0, 0.0, 0.0, 0.0, 0.0, 0.0, 0.0, 0.0, 0.0, 0.0, 0.0, 0.0, 0.0, 0.0, 0.0, 0.0, 0.0, 0.0, 0.0, 0.0, 0.0, 0.0, 0.0, 0.0, 0.0, 0.0, 0.0, 0.0, 0.0], "bins": [-0.0012178164906799793, -0.0012178164906799793, -0.0012178164906799793, -0.0012178164906799793, -0.0012178164906799793, -0.0012178164906799793, -0.0012178164906799793, -0.0012178164906799793, -0.0012178164906799793, -0.0012178164906799793, -0.0012178164906799793, -0.0012178164906799793, -0.0012178164906799793, -0.0012178164906799793, -0.0012178164906799793, -0.0012178164906799793, -0.0012178164906799793, -0.0012178164906799793, -0.0012178164906799793, -0.0012178164906799793, -0.0012178164906799793, -0.0012178164906799793, -0.0012178164906799793, -0.0012178164906799793, -0.0012178164906799793, -0.0012178164906799793, -0.0012178164906799793, -0.0012178164906799793, -0.0012178164906799793, -0.0012178164906799793, -0.0012178164906799793, -0.0012178164906799793, -0.0012178164906799793, -0.0012178164906799793, -0.0012178164906799793, -0.0012178164906799793, -0.0012178164906799793, -0.0012178164906799793, -0.0012178164906799793, -0.0012178164906799793, -0.0012178164906799793, -0.0012178164906799793, -0.0012178164906799793, -0.0012178164906799793, -0.0012178164906799793, -0.0012178164906799793, -0.0012178164906799793, -0.0012178164906799793, -0.0012178164906799793, -0.0012178164906799793, -0.0012178164906799793, -0.0012178164906799793, -0.0012178164906799793, -0.0012178164906799793, -0.0012178164906799793, -0.0012178164906799793, -0.0012178164906799793, -0.0012178164906799793, -0.0012178164906799793, -0.0012178164906799793, -0.0012178164906799793, -0.0012178164906799793, -0.0012178164906799793, -0.0012178164906799793, -0.0012178164906799793]}, "gradients/predict.weight": {"_type": "histogram", "values": [5.0, 1.0, 0.0, 0.0, 0.0, 0.0, 0.0, 0.0, 0.0, 0.0, 0.0, 0.0, 0.0, 0.0, 0.0, 0.0, 0.0, 0.0, 0.0, 0.0, 0.0, 0.0, 0.0, 0.0, 0.0, 0.0, 0.0, 0.0, 0.0, 0.0, 0.0, 0.0, 0.0, 0.0, 0.0, 0.0, 0.0, 0.0, 0.0, 0.0, 0.0, 0.0, 0.0, 0.0, 0.0, 0.0, 0.0, 0.0, 0.0, 0.0, 0.0, 0.0, 0.0, 0.0, 0.0, 0.0, 0.0, 0.0, 0.0, 0.0, 0.0, 0.0, 0.0, 4.0], "bins": [-0.0009968214435502887, -0.0009845825843513012, -0.0009723436087369919, -0.0009601046913303435, -0.0009478657739236951, -0.0009356268565170467, -0.0009233879391103983, -0.0009111490799114108, -0.0008989101042971015, -0.000886671245098114, -0.0008744322694838047, -0.0008621934102848172, -0.0008499544928781688, -0.0008377155754715204, -0.000825476658064872, -0.0008132377406582236, -0.0008009988232515752, -0.0007887599058449268, -0.0007765209884382784, -0.00076428207103163, -0.0007520431536249816, -0.0007398042362183332, -0.0007275653770193458, -0.0007153264014050364, -0.000703087542206049, -0.0006908485665917397, -0.0006786097073927522, -0.0006663707317784429, -0.0006541318725794554, -0.000641892955172807, -0.0006296540377661586, -0.0006174151203595102, -0.0006051762029528618, -0.0005929372855462134, -0.000580698368139565, -0.0005684594507329166, -0.0005562205333262682, -0.0005439816741272807, -0.0005317426985129714, -0.0005195038393139839, -0.0005072648636996746, -0.0004950260045006871, -0.0004827870870940387, -0.00047054816968739033, -0.00045830925228074193, -0.00044607033487409353, -0.00043383141746744514, -0.00042159250006079674, -0.00040935358265414834, -0.00039711466524749994, -0.00038487574784085155, -0.00037263683043420315, -0.00036039791302755475, -0.00034815899562090635, -0.00033592007821425796, -0.00032368116080760956, -0.0003114423016086221, -0.0002992033842019737, -0.0002869644667953253, -0.0002747255493886769, -0.0002624866319820285, -0.0002502477145753801, -0.0002380087971687317, -0.0002257698797620833, -0.0002135309623554349]}, "gradients/hidden.1.bias": {"_type": "histogram", "values": [2.0, 4.0, 0.0, 0.0, 0.0, 0.0, 0.0, 0.0, 0.0, 0.0, 0.0, 0.0, 0.0, 0.0, 0.0, 0.0, 0.0, 0.0, 0.0, 0.0, 0.0, 0.0, 0.0, 0.0, 0.0, 0.0, 0.0, 0.0, 0.0, 0.0, 0.0, 0.0, 0.0, 0.0, 0.0, 0.0, 0.0, 0.0, 0.0, 0.0, 0.0, 0.0, 0.0, 0.0, 0.0, 0.0, 0.0, 0.0, 0.0, 0.0, 0.0, 0.0, 0.0, 0.0, 0.0, 0.0, 0.0, 0.0, 0.0, 0.0, 0.0, 0.0, 0.0, 4.0], "bins": [-0.00047839796752668917, -0.0004628105089068413, -0.00044722302118316293, -0.00043163556256331503, -0.00041604810394346714, -0.00040046064532361925, -0.00038487318670377135, -0.000369285698980093, -0.0003536982403602451, -0.0003381107817403972, -0.00032252329401671886, -0.00030693583539687097, -0.0002913483767770231, -0.0002757609181571752, -0.0002601734595373273, -0.00024458597181364894, -0.00022899851319380105, -0.00021341105457395315, -0.00019782359595410526, -0.0001822361082304269, -0.00016664864961057901, -0.00015106119099073112, -0.00013547370326705277, -0.00011988624464720488, -0.00010429878602735698, -8.871132740750909e-05, -7.31238687876612e-05, -5.7536381063982844e-05, -4.194892244413495e-05, -2.6361463824287057e-05, -1.0773976100608706e-05, 4.813482519239187e-06, 2.040094113908708e-05, 3.598842886276543e-05, 5.157585837878287e-05, 6.716334610246122e-05, 8.275077561847866e-05, 9.8338263342157e-05, 0.00011392575106583536, 0.0001295131805818528, 0.00014510066830553114, 0.0001606881560292095, 0.00017627558554522693, 0.00019186307326890528, 0.00020745056099258363, 0.00022303799050860107, 0.00023862547823227942, 0.00025421290774829686, 0.0002698003954719752, 0.00028538788319565356, 0.000300975312711671, 0.00031656280043534935, 0.0003321502299513668, 0.00034773771767504513, 0.0003633252053987235, 0.0003789126349147409, 0.00039450012263841927, 0.0004100876103620976, 0.00042567503987811506, 0.0004412625276017934, 0.00045685001532547176, 0.0004724374448414892, 0.00048802493256516755, 0.0005036124493926764, 0.0005191998789086938]}, "gradients/hidden.1.weight": {"_type": "histogram", "values": [26.0, 35.0, 17.0, 0.0, 0.0, 0.0, 0.0, 0.0, 0.0, 0.0, 2.0, 7.0, 15.0, 16.0, 8.0, 37.0, 58.0, 39.0, 56.0, 128.0, 18.0, 0.0, 0.0, 0.0, 0.0, 0.0, 0.0, 0.0, 0.0, 90.0, 48.0, 48.0, 44.0, 0.0, 0.0, 0.0, 0.0, 0.0, 0.0, 0.0, 0.0, 5.0, 10.0, 114.0, 7.0, 29.0, 33.0, 22.0, 8.0, 11.0, 7.0, 9.0, 1.0, 0.0, 0.0, 0.0, 0.0, 0.0, 0.0, 0.0, 0.0, 0.0, 11.0, 41.0],