{"fitness": -2.3163744255562917, "similarity": 0, "_step": 21, "_runtime": 2631, "_timestamp": 1610569439, "Table of best SMILES": {"_type": "table-file", "path": "media/table/Table of best SMILES_20_ad834713.table.json", "sha256": "ad83471352d4c34d6d0151f6d4943a986c68cc5432cdd2d42de9133d92c85287", "size": 5674, "ncols": 5, "nrows": 20}, "improvement": 0.13125030910073932, "original_score": -2.447624734657031, "new_score": -2.3163744255562917, "improved": true}