{"fitness": 0.26767584272152134, "similarity": 0, "_step": 21, "_runtime": 1079, "_timestamp": 1611135034, "Table of best SMILES": {"_type": "table-file", "path": "media/table/Table of best SMILES_20_06b164c3.table.json", "sha256": "06b164c34bdac493959393feb5671d2f0f2977ea9cf57e1f51007bb458795800", "size": 3542, "ncols": 5, "nrows": 20}, "improvement": 2.063946825684413, "original_score": -1.7962709829628918, "new_score": 0.26767584272152134, "improved": true}