{"fitness": -0.43256503132448887, "similarity": 0, "_step": 21, "_runtime": 752, "_timestamp": 1610349819, "Table of best SMILES": {"_type": "table-file", "path": "media/table/Table of best SMILES_20_4c7dbda8.table.json", "sha256": "4c7dbda86f589272659a26bd8d9d7e646f98b10daddd13a5a2581df0347edf6c", "size": 5990, "ncols": 5, "nrows": 20}, "improvement": 1.5011752838334482, "original_score": -1.933740315157937, "new_score": -0.43256503132448887, "improved": true}