{"fitness": -999994.4067416674, "similarity": -1000000, "_step": 21, "_runtime": 2591, "_timestamp": 1610561607, "Table of best SMILES": {"_type": "table-file", "path": "media/table/Table of best SMILES_20_11d8c8c0.table.json", "sha256": "11d8c8c00a02056f00a2fa5a7072ea2a10989a2e6721b8d7ce17acea36e0a334", "size": 7456, "ncols": 5, "nrows": 20}, "improvement": 13.045832830946892, "original_score": -1000007.4525744984, "new_score": -999994.4067416674, "improved": true}