{"fitness": -0.3102058887728012, "similarity": 0, "_step": 21, "_runtime": 2353, "_timestamp": 1611024041, "Table of best SMILES": {"_type": "table-file", "path": "media/table/Table of best SMILES_20_b0e3c2e0.table.json", "sha256": "b0e3c2e0b8959e1d48bebc940a593eaeadef8f2a1c3edeed536889c4958e3408", "size": 5403, "ncols": 5, "nrows": 20}, "improvement": 1.0973117252742428, "original_score": -1.407517614047044, "new_score": -0.3102058887728012, "improved": true}